Name,Sex,Discipline,Result,Announced,Date,Event,Continent
Talya Davidoff (South Africa),F,CNF,60 m,60 m,06.09.2024,"33rd AIDA Freediving World Championship,Corsica 2024",Africa
Walid Boudhiaf (Tunisia),M,CNF,78 m,78 m,09.05.2018,NIRVANA OCEANQUEST DEPTH CONTEST 2018,Africa
Sayuri Kinoshita (Japan),F,CNF,72 m,72 m,26.04.2016,Vertical Blue 2016,Asia
Omar Al Ghailani (Oman),M,CNF,77 m,77 m,05.10.2023,FREEDOM DEPTH COMPETITION AIDA 2023,Asia
Kateryna Sadurska (Ukraine),F,CNF,84 m,84 m,02.12.2024,Deep Dominica Depth Competition,Europe
Petar Klovar (Croatia),M,CNF,103 m,103 m,26.05.2025,Aida Freediving World Cup,Europe
Lauren Matevish (United States),F,CNF,70 m,70 m,03.05.2025,AIDA Xibalba 2025,North America
William Winram (Canada),M,CNF,86 m,86 m,03.12.2009,5th AIDA Individual World Championship 2009,North America
Amber Bourke (Australia),F,CNF,68 m,68 m,19.08.2017,Caribbean Cup 2017,Oceania
William Trubridge (New Zealand),M,CNF,102 m,102 m,14.07.2016,World Record Attempt - William Trubridge,Oceania
Sofia Gomez (Colombia),F,CNF,60 m,60 m,30.05.2016,Caribbean Cup 2016,South America
Alejandro Llinas (Colombia),M,CNF,78 m,78 m,22.08.2022,29th AIDA World Championship,South America
Talya Davidoff (South Africa),F,CWT,82 m,82 m,22.07.2023,"Vertical Blue 2023 by Garmin, AIDA",Africa
Walid Boudhiaf (Tunisia),M,CWT,112 m,112 m,26.07.2018,Vertical Blue,Africa
Jung A Kim (Republic of Korea),F,CWT,107 m,107 m,27.10.2024,AIDA Panglao Depth Championship 2024 - 2,Asia
Jin (Sendoh) Wang (China),M,CWT,123 m,123 m,28.05.2024,AIDA Asian Freediving Cup 2024,Asia
Alessia Zecchini (Italy),F,CWT,123 m,123 m,24.05.2023,AIDA OCEANQUEST PHILIPPINES,Europe
Alexey Molchanov (Russian Federation),M,CWT,130 m,130 m,18.07.2018,Vertical Blue,Europe
Enchante Gallardo (United States),F,CWT,100 m,100 m,07.10.2023,FREEDOM Depth National Record Attempt AIDA,North America
Tory George (United States),M,CWT,117 m,117 m,28.07.2023,"Vertical Blue 2023 by Garmin, AIDA",North America
Kate Middleton (New Zealand),F,CWT,97 m,97 m,10.05.2017,Vertical Blue 2017,Oceania
David Mullins (New Zealand),M,CWT,126 m,126 m,26.08.2017,AIDA World Depth Championship 2017,Oceania
Sofia Gomez (Colombia),F,CWT,96 m,96 m,25.08.2017,AIDA World Depth Championship 2017,South America
Carlos Coste (Venezuela),M,CWT,116 m,116 m,15.09.2011,AIDA Individual Depth World Championship 2011,South America
Talya Davidoff (South Africa),F,CWTB,84 m,84 m,08.09.2024,"33rd AIDA Freediving World Championship,Corsica 2024",Africa
Walid Boudhiaf (Tunisia),M,CWTB,101 m,101 m,18.08.2022,29th AIDA World Championship,Africa
Yongju Lee (Republic of Korea),F,CWTB,97 m,97 m,22.11.2024,AIDA Official Friday - November 22 2024,Asia
Jin (Sendoh) Wang (China),M,CWTB,118 m,118 m,04.06.2024,AIDA Asian Freediving Cup 2024,Asia
Alenka Artnik (Slovenia),F,CWTB,111 m,111 m,30.07.2023,"Vertical Blue 2023 by Garmin, AIDA",Europe
Arnaud Jerald (France),M,CWTB,122 m,122 m,20.07.2023,"Vertical Blue 2023 by Garmin, AIDA",Europe
Enchante Gallardo (United States),F,CWTB,95 m,95 m,29.11.2024,Deep Dominica Depth Competition,North America
Kurt Chambers (United States),M,CWTB,112 m,112 m,17.06.2023,AIDA Asian Freediving Cup 2023,North America
Amber Bourke (Australia),F,CWTB,74 m,74 m,01.09.2023,AFA AIDA Depth Nationals 2023,Oceania
Mitch Ayres (Australia),M,CWTB,100 m,100 m,30.05.2024,AIDA Asian Freediving Cup 2024,Oceania
Sofia Gomez (Colombia),F,CWTB,81 m,81 m,27.04.2019,Xibalba 2019,South America
Alejandro Llinas (Colombia),M,CWTB,96 m,96 m,18.08.2022,29th AIDA World Championship,South America
Bevin Reynolds (South Africa),F,DNF,180 m,60 m,13.06.2023,30th AIDA POOL WORLD CHAMPIONSHIP,Africa
Anton De Wet (South Africa),M,DNF,154 m,100 m,25.06.2024,"32nd AIDA Freediving World Championship,Kaunas",Africa
Hyemi (Mimi) Kim (Republic of Korea),F,DNF,180 m,125 m,30.03.2025,AIDA 2025 3월 월간프리다이빙(Mar. Monthly Freediving),Asia
Ming (William Joy) Jin (China),M,DNF,193 m,10 m,16.03.2025,AIDA Macau Freediving Association Cup 2025,Asia
Julia Kozerska (Poland),F,DNF,213 m,66 m,13.06.2023,30th AIDA POOL WORLD CHAMPIONSHIP,Europe
Mateusz Malina (Poland),M,DNF,250 m,1 m,01.05.2022,AIDA Polish Freediving Pool Championships,Europe
Natalie Bruce (United States),F,DNF,150 m,55 m,25.06.2024,"32nd AIDA Freediving World Championship,Kaunas",North America
Rolando Salgado (Cuba),M,DNF,188 m,150 m,27.04.2024,AIDA Florida Apnea,North America
Amber Bourke (Australia),F,DNF,164 m,151 m,21.06.2013,Individual AIDA pool World Championships,Oceania
David Mullins (New Zealand),M,DNF,218 m,0 m,27.09.2010,Cressi World Record Challenge,Oceania
Ludmila Brzozowski (Argentina),F,DNF,142 m,75 m,03.12.2016,1 Campeonato Internacional de Buceo en Apnea Marina de Guerra del Perú,South America
Derek Ludovic (Venezuela),M,DNF,138 m,20 m,25.10.2019,AIDA South Florida Apnea Challenge 2019,South America
Bevin Reynolds (South Africa),F,DYN,241 m,75 m,16.06.2023,30th AIDA POOL WORLD CHAMPIONSHIP,Africa
Shane Jansen Van Vuuren (South Africa),M,DYN,175 m,125 m,25.03.2024,AIDA South African Dynamic National Championships,Africa
Mai Morimura (Japan),F,DYN,237 m,50 m,16.06.2023,30th AIDA POOL WORLD CHAMPIONSHIP,Asia
Ming (William Joy) Jin (China),M,DYN,307 m,1 m,25.08.2024,AIDA 2024 ASIAN POOL CHAMPIONSHIP,Asia
Magdalena Solich-Talanda (Poland),F,DYN,277 m,235 m,10.04.2022,AIDA International Czech Championship in freediving,Europe
Guillaume Bourdila (France),M,DYN,301 m,250 m,24.06.2022,28th AIDA World Championship,Europe
Natalie Bruce (United States),F,DYN,231 m,101 m,28.06.2024,"32nd AIDA Freediving World Championship,Kaunas",North America
Sylvain Desaulniers (Canada),M,DYN,242 m,6 m,28.06.2024,"32nd AIDA Freediving World Championship,Kaunas",North America
Suzanne Malseed (New Zealand),F,DYN,200 m,179 m,21.08.2009,5th AIDA Individual Pool World Championship 2009,Oceania
David Mullins (New Zealand),M,DYN,265 m,250 m,27.09.2010,Cressi World Record Challenge,Oceania
Nara Martins Ishikawa (Brazil),F,DYN,191 m,50 m,16.06.2023,30th AIDA POOL WORLD CHAMPIONSHIP,South America
Carlos Coste (Venezuela),M,DYN,215 m,40 m,21.08.2009,5th AIDA Individual Pool World Championship 2009,South America
Bevin Reynolds (South Africa),F,DYNB,232 m,30 m,12.06.2023,30th AIDA POOL WORLD CHAMPIONSHIP,Africa
Anton De Wet (South Africa),M,DYNB,192 m,150 m,03.11.2024,AIDA GERMAN CHAMPIONSHIP LEIPZIG,Africa
Mai Morimura (Japan),F,DYNB,220 m,30 m,12.06.2023,30th AIDA POOL WORLD CHAMPIONSHIP,Asia
Yi(Zy) Zhang (China),M,DYNB,267 m,1 m,12.06.2023,30th AIDA POOL WORLD CHAMPIONSHIP,Asia
Magdalena Solich-Talanda (Poland),F,DYNB,243 m,201 m,02.05.2022,AIDA Polish Freediving Pool Championships,Europe
Mateusz Malina (Poland),M,DYNB,290 m,1 m,27.03.2022,Bluego AIDA Mini Comp,Europe
Natalie Bruce (United States),F,DYNB,205 m,140 m,24.06.2024,"32nd AIDA Freediving World Championship,Kaunas",North America
Rolando Salgado (Cuba),M,DYNB,255 m,210 m,24.06.2024,"32nd AIDA Freediving World Championship,Kaunas",North America
Jordan Duncan (Australia),F,DYNB,200 m,25 m,13.06.2023,30th AIDA POOL WORLD CHAMPIONSHIP,Oceania
Benjamin Eckert (Australia),M,DYNB,236 m,156 m,12.06.2023,30th AIDA POOL WORLD CHAMPIONSHIP,Oceania
Nara Martins Ishikawa (Brazil),F,DYNB,175 m,50 m,12.06.2023,30th AIDA POOL WORLD CHAMPIONSHIP,South America
Benjamin Yavar (Chile),M,DYNB,200 m,1 m,23.04.2022,AIDA Panglao Pool Championship - FINALE,South America
Talya Davidoff (South Africa),F,FIM,78 m,78 m,20.07.2023,"Vertical Blue 2023 by Garmin, AIDA",Africa
Walid Boudhiaf (Tunisia),M,FIM,116 m,116 m,20.08.2022,29th AIDA World Championship,Africa
Sayuri Kinoshita (Japan),F,FIM,97 m,97 m,26.07.2018,Vertical Blue,Asia
Jin (Sendoh) Wang (China),M,FIM,111 m,111 m,30.05.2024,AIDA Asian Freediving Cup 2024,Asia
Sanda Delija (Croatia),F,FIM,103 m,103 m,04.05.2025,AIDA MABINI DEPTH QUEST - Lawom x Pacific Blue | SEASON 2,Europe
Petar Klovar (Croatia),M,FIM,135 m,135 m,27.09.2023,31st AIDA Freediving World Championship,Europe
Enchante Gallardo (United States),F,FIM,96 m,96 m,02.12.2024,Deep Dominica Depth Competition,North America
Tory George (United States),M,FIM,107 m,107 m,24.07.2023,"Vertical Blue 2023 by Garmin, AIDA",North America
Kate Middleton (New Zealand),F,FIM,84 m,84 m,02.05.2017,Vertical Blue 2017,Oceania
William Trubridge (New Zealand),M,FIM,124 m,124 m,02.05.2016,Vertical Blue 2016,Oceania
Sofia Gomez (Colombia),F,FIM,86 m,86 m,10.11.2016,Blue Element 2016,South America
Carlos Coste (Venezuela),M,FIM,101 m,101 m,30.09.2003,WR Attempt - Carlos COSTE and Stig SEVERINSEN (FIM CWT),South America
Sophia Van Coller (South Africa),F,STA,5:33,3:30,24.03.2024,AIDA South African Static National Championships,Africa
Bevan Dewar (South Africa),M,STA,7:08,5:30,29.05.2003,Sony Freediver Open Classic 2003,Africa
Soonsook Chung (Republic of Korea),F,STA,7:48,1:30,09.03.2025,AIDA KOREA National Championship 2025,Asia
Gimun Kwak (Republic of Korea),M,STA,9:49,1:00,25.08.2024,AIDA 2024 ASIAN POOL CHAMPIONSHIP,Asia
Heike Schwerdtner (Germany),F,STA,9:22,7:00,04.05.2025,Stockholm Apnea AIDA STA WARS CO2 STRIKES BACK L1,Europe
Stéphane Mifsud (France),M,STA,11:35,0:00,08.06.2009,WR Attempt - MIFSUD Stephane(Static Apnea),Europe
Jessica Wilson (United States),F,STA,6:35,2:57,03.09.2008,AIDA Team World Championships 2008,North America
Brandon Hendrickson (United States),M,STA,8:35,0:01,16.05.2017,Deja Blue 8,North America
Kathryn Nevatt (New Zealand),F,STA,7:23,5:32,21.03.2018,Pan Pacific Championship 2018,Oceania
Guy Brew (New Zealand),M,STA,8:46,7:10,21.08.2009,5th AIDA Individual Pool World Championship 2009,Oceania
Karoline Meyer (Brazil),F,STA,6:02,0:00,27.07.1999,WR Attempt - MEYER Karol (STA),South America
Ricardo Bahia (Brazil),M,STA,7:14,6:03,21.08.2009,5th AIDA Individual Pool World Championship 2009,South America
