Name,Nickname,W,L,D
Nariman Abbasov,Bayraktar,28,4,0
Hamdy Abdelwahab,The Hammer,6,1,0
Mansur Abdul-Malik,NA,9,0,0
Shamil Abdurakhimov,Abrek,20,8,0
Daichi Abe,NA,6,2,0
Klidson Abreu,White Bear,15,4,0
John Adajar,The Outlaw,6,2,0
Juan Adams,The Kraken,5,3,0
Anthony Adams,Sugafoot,8,2,0
Zarrukh Adashev,The Lion,4,4,0
Israel Adesanya,The Last Stylebender,24,5,0
Mohamed Ado,NA,5,1,0
Mariya Agapova,Money Mashka,10,5,0
Jessica Aguilar,Jag,20,8,0
Kevin Aguilar,Angel of Death,17,5,0
Jesus Aguilar,NA,11,3,0
Christian Aguilera,The Beast,14,8,0
Nick Aguirre,Slick,7,2,0
Ashiek Ajim,Peak Physique,6,2,0
Omari Akhmedov,Wolverine,21,6,1
Yoshihiro Akiyama,NA,14,6,0
Rostem Akman,NA,6,2,0
Abdul-Kareem Al-Selwady,Pride of Palestine,15,4,0
Mostapha Al-Turk,NA,6,6,0
Herdem Alacabek,NA,5,1,0
Amir Albazi,The Prince,17,2,0
John Albert,Prince,6,5,0
Junior Albini,Baby,14,6,0
Aleksandra Albu,Stitch,3,2,0
Iuri Alcantara,Marajo,35,10,0
Ildemar Alcantara,Marajo,21,11,0
Irene Aldana,NA,15,8,0
Hector Aldana,NA,4,3,0
Jose Alday,Pochito,14,6,1
Jose Aldo,NA,32,10,0
JJ Aldrich,NA,14,7,0
Irina Alekseeva,Russian Ronda,5,3,0
Talita Alencar,Problem Child,6,1,1
Jim Alers,The Beast,13,3,0
John Alessio,The Natural,35,17,0
Houston Alexander,The Assassin,17,15,1
Lucas Alexander,The Lion,8,5,0
Marcio Alexandre Junior,Lyoto,17,4,0
Bill Algeo,Senor Perfecto,18,9,0
Sultan Aliev,NA,15,3,0
Nurullo Aliev,Tajik Eagle,10,0,0
Ikram Aliskerov,NA,16,2,0
Leon Aliu,The Albanian Lion,10,2,0
John Allan,NA,13,7,0
Arnold Allen,Almighty,20,3,0
Brendan Allen,All In,24,7,0
Daniel Allen,NA,5,0,0
Ben Alloway,Blanco,18,8,0
Asu Almabayev,Zulfikar,21,3,0
Bekzat Almakhan,The Turan Warrior,12,2,0
John Dave Almanza,The Striker,6,1,0
Ricardo Almeida,Big Dog,13,5,0
Thomas Almeida,Thominhas,22,5,0
Jailton Almeida,Malhadinho,22,3,0
Lucas Almeida,NA,15,4,0
Cesar Almeida,Cesinha,7,1,0
Sarah Alpar,Too Sweet,9,6,0
Ali AlQaisi,The Royal Fighter,8,5,0
Victor Altamirano,El Magnifico,12,5,0
Patricia Alujas,The Angel,9,3,0
Eddie Alvarez,NA,29,6,0
Jaime Alvarez,NA,6,1,0
Joel Alvarez,El Fenomeno,22,3,0
Thiago Alves,Pitbull,23,15,0
Warlley Alves,NA,15,8,0
Rafael Alves,The Turn,20,12,0
Sam Alvey,Smile'N,33,18,1
Adlan Amagov,Borz,14,2,1
Alen Amedovski,NA,8,4,0
Hyder Amil,The Hurricane,11,1,0
Makwan Amirkhani,Mr. Finland,17,9,0
Jaqueline Amorim,NA,10,1,0
Eryk Anders,Ya Boi,17,8,0
Corey Anderson,Overtime,14,5,0
Megan Anderson,NA,11,5,0
Liam Anderson,NA,6,3,0
Tatsuya Ando,Kirinji,14,4,1
Jessica Andrade,Bate Estaca,26,14,0
Viscardi Andrade,NA,19,6,0
Juan Andres Luna,NA,12,1,0
Dylan Andrews,The Villain,18,7,0
Collin Anglin,NA,8,3,0
Chad Anheliger,The Monster,13,8,0
Magomed Ankalaev,NA,21,1,1
Gadzhimurad Antigulov,NA,20,8,0
Adam Antolin,Captain Chaos,12,3,0
Vanilto Antunes,NA,16,7,0
Shinsho Anzai,Animal,10,3,0
Jin Aoi,NA,14,6,1
Felipe Arantes,Sertanejo,18,10,1
Igor Araujo,NA,25,9,0
Viviane Araujo,Vivi,13,7,0
Julio Arce,NA,19,6,0
Alice Ardelean,NA,10,7,0
Dan Argueta,The Determined,9,3,0
Hashem Arkhagha,NA,6,1,0
Andrei Arlovski,The Pitbull,34,24,0
Garrett Armfield,NA,10,5,0
Austin Arnett,NA,16,6,0
Eli Aronov,The Israeli Tank,6,1,0
Akbarh Arreola,El Caballero,23,11,1
Matt Arroyo,No Regard,3,3,0
Antonio Arroyo,NA,9,5,0
Kai Asakura,NA,21,5,0
Teddy Ash,Bear,14,5,0
Yanal Ashmouz,Red Fox,8,2,0
Askar Askar,AK-47,11,1,0
Askar Askarov,Bullet,14,1,1
Cyril Asker,Silverback,9,4,0
Khusein Askhabov,Nohcho,23,1,0
Scott Askham,NA,14,4,0
Ben Askren,Funky,19,2,0
Ibo Aslan,The Last Ottoman,14,2,0
Tom Aspinall,NA,15,3,0
Junior Assuncao,NA,16,6,0
Raphael Assuncao,NA,28,10,0
Michael Aswell,The Texas Kid,10,3,0
Rich Attonito,The Raging Bull,10,5,0
Olivier Aubin-Mercier,The Canadian Gangster,11,5,0
Marcus Aurelio,Maximus,22,10,0
Blas Avena,The Disciple,8,7,0
Julia Avila,Raging Panda,9,4,0
Jessin Ayari,NA,16,6,0
Abu Azaitar,Captain Morocco,14,4,1
Ottman Azaitar,Bulldozer,13,3,0
Hunter Azure,NA,9,2,0
Seth Baczynski,The Polish Pistola,20,14,0
Ryan Bader,Darth,23,5,0
Miguel Baeza,Caramel Thunder,10,4,0
Ali Bagautinov,Puncher,15,6,0
Melsik Baghdasaryan,The Gun,8,3,0
Siyar Bahadurzada,The Great,24,8,1
Ignacio Bahamondes,La Jaula,17,6,0
Bahatebole Batebolati,Lion King,10,1,1
Shamar Bailey,NA,16,11,0
Oluwale Bamgbose,Holy War Angel,6,4,0
Humberto Bandenay,NA,14,7,0
Tae Hyun Bang,Supernatural,18,10,0
Shauna Bannon,Mama B,7,1,0
Antonio Banuelos,NA,20,11,1
Renan Barao,The Baron,34,9,0
Maycee Barber,The Future,14,2,0
Bryan Barberena,Bam Bam,18,12,0
Dione Barbosa,The Witch,8,3,0
Edson Barboza,Junior,24,12,0
Raoni Barcelos,NA,20,5,0
Daniel Barez,NA,17,7,0
Danny Barlow,LeftHand2God,9,1,0
Luke Barnatt,The Bigslow,13,4,0
James Barnes,Mooka,14,5,0
Shonte Barnes,Shyne,6,2,1
Josh Barnett,The Warmaster,35,8,0
Chris Barnett,Beastboy,23,9,0
Phil Baroni,The New York Bad Ass,15,18,0
Peter Barrett,Slippery,11,5,0
Marc-Andre Barriault,Powerbar,17,9,0
Francimar Barroso,Bodao,19,7,0
Pat Barry,HD,8,7,0
Dean Barry,The Sniper,4,2,0
Enrique Barzola,El Fuerte,17,5,2
Javid Basharat,The Snow Leopard,14,2,0
Farid Basharat,Ferocious,13,0,0
Austin Bashi,NA,13,1,0
Namsrai Batbayar,Steppe Warrior,8,1,0
Bryan Battle,The Butcher,13,2,0
Alan Baudot,The Black Samourai,8,3,0
Mario Bautista,NA,16,2,0
Chris Beal,Real Deal,10,5,0
Donovan Beard,The Highlight Reel,7,2,0
Ariel Beck,NA,4,5,0
Jack Becker,NA,13,6,0
Johnny Bedford,Brutal,21,13,1
Rolando Bedoya,The Machine,14,4,0
Chase Beebe,NA,24,13,1
Allan Begosso,Mini,7,2,1
Azamat Bekoev,Iron,20,3,0
Mirsad Bektic,NA,13,4,0
Diana Belbita,The Warrior Princess,15,10,0
Alan Belcher,The Talent,18,8,0
Vitor Belfort,The Phenom,26,14,0
Yousri Belgaroui,NA,8,3,0
Rodolfo Bellato,Trator,12,2,1
Danilo Belluardo,Caterpillar,12,5,0
Joey Beltran,The Mexicutioner,17,14,0
Marco Beltran,Psycho,8,6,0
Joseph Benavidez,NA,28,8,0
Gabriel Benitez,Moggly,23,13,0
DeAnna Bennett,The Argentine Assassin,8,3,1
Benjamin Bennett,Mr. Alaska,7,1,0
Lance Benoist,NA,7,2,0
Ryan Benoit,Baby Face,10,8,0
Kenneth Bergh,NA,8,0,0
Dennis Bermudez,The Menace,17,9,0
Manny Bermudez,The Bermudez Triangle,14,2,0
Talita Bernardo,NA,6,4,0
Matt Bessette,The Mangler,22,9,0
Arjan Bhullar,NA,9,1,0
KB Bhullar,The Bengal,8,2,0
Bibulatov Magomed,Chaborz,14,2,0
David Bielkheden,NA,24,12,0
Blake Bilder,El Animal,8,2,1
Jonas Bilharinho,NA,9,1,1
Anthony Birchak,El Toro,16,8,0
Angad Bisht,NA,10,3,0
Michael Bisping,The Count,30,9,0
Caio Bittencourt,Leao,14,7,0
Davi Bittencourt,The Black,14,4,0
Jan Blachowicz,NA,29,11,1
Brad Blackburn,Bad Brad,18,13,1
Sherrard Blackledge,The Thriller,5,1,0
Da'Mon Blackshear,The Monster,17,7,1
Chasen Blair,Mestizo,6,3,0
Erin Blanchfield,Cold Blooded,13,2,0
Maximo Blanco,Maxi,12,8,1
Curtis Blaydes,Razor,19,5,0
Tereza Bleda,NA,7,1,0
Mark Bocek,NA,12,5,0
Kyle Bochniak,Killer B,8,5,0
James Bochnovic,NA,8,3,0
Tim Boetsch,The Barbarian,21,13,0
Galore Bofando,NA,5,3,0
Roman Bogatov,NA,10,1,0
Mandy Bohm,Monster,8,2,0
Gaston Bolanos,The Dreamkiller,8,5,0
Denys Bondar,Psycho,14,5,0
Gabriel Bonfim,Marretinha,18,1,0
Ismael Bonfim,Marreta,20,5,0
Stephan Bonnar,The American Psycho,15,9,0
Rogerio Bontorin,NA,16,4,0
Ray Borg,The Tazmexican Devil,13,5,0
Kevin Borjas,El Gallo Negro,10,3,0
Calen Born,NA,7,1,0
Caio Borralho,The Natural,17,1,0
Zachary Borrego,The Dragon,3,1,0
Viacheslav Borshchev,Slava Claus,8,6,1
Tanner Boser,The Bulldozer,21,10,1
Steve Bosse,The Boss,12,2,0
Poliana Botelho,NA,8,5,0
Kyron Bowen,Bullseye,9,5,0
Brian Bowles,NA,10,3,0
Roger Bowling,Relentless,12,6,0
Kyle Bradley,NA,19,12,0
Sean Brady,NA,18,1,0
Ramiz Brahimaj,NA,12,5,0
Adam Bramhald,Samurai,13,3,0
David Branch,NA,22,6,0
Billy Brand,NA,5,2,0
Diego Brandao,DB,22,11,0
Bruna Brasil,NA,10,5,1
Martin Bravo,El Toro,11,3,0
Mike Breeden,Money,11,6,0
Tom Breese,NA,12,3,0
Elves Brener,NA,16,5,0
Charlie Brenneman,The Spaniard,19,8,0
Marcos Brigagao,Ironside,11,1,0
Jason Brilz,Hitman,22,6,1
Marcus Brimage,The Bama Beast,7,7,0
Henry Briones,Bure,16,8,1
Joanderson Brito,Tubarao,17,5,1
Kaik Brito,NA,16,5,0
Jonathan Brookins,NA,16,10,0
Will Brooks,Ill,18,4,0
Jarred Brooks,The Monkey God,13,2,0
Rob Broughton,The Bear,16,7,1
Matt Brown,The Immortal,26,19,0
Mike Brown,NA,26,9,0
Randy Brown,Rudeboy,20,6,0
Damien Brown,Beatdown,17,12,0
TJ Brown,Downtown,17,11,0
Travis Browne,Hapa,18,7,1
Cody Brundage,NA,11,7,0
Derek Brunson,The One,23,9,0
Robert Bryczek,NA,17,6,0
Lukasz Brzeski,The Bull,9,6,1
Justin Buchholz,NA,15,10,0
Joaquin Buckley,New Mansa,21,7,0
Martin Buday,Badys,15,2,0
Dylan Budka,The Mindless Hulk,7,5,0
Mike Budnik,NA,13,4,0
Mayra Bueno Silva,Sheetara,10,5,1
Paul Buentello,The Headhunter,35,17,0
Modestas Bukauskas,The Baltic Gladiator,18,6,0
Felipe Bunes,Felipinho,14,7,0
Shane Burgos,Hurricane,15,3,0
Joshua Burkman,The People's Warrior,28,16,0
Justin Burlinson,NA,6,1,0
Mads Burnell,NA,9,3,0
Kevin Burns,The Fire,12,7,0
Gilbert Burns,Durinho,22,9,0
Herbert Burns,The Blaze,11,6,0
Dakota Bush,NA,8,4,0
Jesse Butler,NA,12,6,0
JP Buys,Young Savage,9,6,0
Dennis Buzukja,The Great,12,5,0
Charles Byrd,Kid Dynamite,10,7,0
Yan Cabral,NA,13,3,0
Alex Caceres,Bruce Leeroy,21,15,0
Vince Cachero,The Anomaly,7,4,0
Priscila Cachoeira,Zombie Girl,13,6,0
Carlos Calderon,Chief,6,3,0
Nicolle Caliari,NA,8,3,0
Cynthia Calvillo,NA,9,6,1
Frank Camacho,The Crank,22,10,0
Lucas Camacho,NA,6,1,0
Matheus Camilo,Jaguar,9,3,0
Fabricio Camoes,Morango,14,9,1
Chris Camozzi,NA,24,13,0
Brian Camozzi,Mantis,7,5,0
Shane Campbell,Shaolin,14,6,0
Charlie Campbell,The Cannibal,9,2,0
Will Campuzano,NA,14,6,0
Aleksa Camur,NA,6,3,0
Chico Camus,The King,17,7,0
Carlos Candelario,The Cannon,8,3,0
Luiz Cane,Banha,17,7,0
Guido Cannetti,Ninja,10,8,0
Jared Cannonier,The Killa Gorilla,18,8,0
Steve Cantwell,The Robot,7,6,0
Phil Caracappa,The Hitman,6,1,0
Bryan Caraway,Kid Lightning,21,9,0
Chris Cariaso,Kamikaze,17,8,0
Antonio Carlos Junior,Cara de Sapato,11,5,0
Spike Carlyle,Alpha Ginger,9,3,0
Francis Carmont,Limitless,25,12,0
Liz Carmouche,Girlrilla,13,7,0
Roan Carneiro,Jucao,21,11,0
Ariane Carnelossi,Sorriso,15,3,0
Luana Carolina,Dread,11,4,0
Clayton Carpenter,NA,8,1,0
Jack Cartwright,NA,10,1,0
Antonio Carvalho,Pato,15,6,0
Shane Carwin,The Engineer,12,2,0
Johnny Case,Hollywood,22,6,0
Kevin Casey,King,9,5,2
Cortney Casey,Cast Iron,10,10,0
John Castaneda,Sexi Mexi,21,8,0
Danny Castillo,Last Call,17,10,0
Nick Catone,The Jersey Devil,10,4,0
Gesias Cavalcante,JZ,21,10,1
Rafael Cavalcante,Feijao,12,7,0
Jacqueline Cavalcanti,NA,9,1,0
Igor Cavalcanti,Jacare,9,1,0
Magnus Cedenblad,Jycken,14,5,0
Yosdenis Cedeno,Pink Panther,10,6,1
Henry Cejudo,Triple C,16,5,0
Vinicius Cenci,Chambinho,7,2,0
Katlyn Cerminara,Blonde Fighter,18,6,0
Rafael Cerqueira,The Lion,11,2,0
Donald Cerrone,Cowboy,36,17,0
Luan Chagas,Tarzan,15,3,1
Edgar Chairez,Puro Chicali,12,6,0
Alex Chambers,Astro Girl,5,5,0
Michael Chandler,Iron,23,10,0
Chelsea Chandler,NA,6,4,0
Morgan Charriere,The Last Pirate,21,11,1
Ernest Chavez,EJ,10,2,0
Danny Chavez,The Colombian Warrior,11,5,1
Fabio Cherant,Water Buffalo,7,4,0
Mark Cherico,The Pride of Bloomfield,11,1,0
Macy Chiasson,NA,11,4,0
Michael Chiesa,Maverick,19,7,0
Giga Chikadze,Ninja,15,5,0
Khamzat Chimaev,Borz,14,0,0
Dooho Choi,The Korean Superboy,16,4,1
SeungWoo Choi,Sting,11,8,0
SeungGuk Choi,NA,7,3,0
DongHun Choi,NA,9,0,0
Mark Choinski,The Shark,8,1,0
John Cholish,NA,8,3,0
Ryo Chonan,Piranah,22,13,0
Joachim Christensen,NA,14,6,0
Kevin Christian,NA,9,2,0
Cameron Church,NA,4,1,0
Hannah Cifers,Shockwave,10,7,0
Misha Cirkunov,NA,15,9,0
Heather Clark,Hurricane,7,6,0
Devin Clark,Brown Bear,14,9,0
Jessica-Rose Clark,NA,11,9,0
Shannon Clark,MMA Barbie,5,1,0
Mitch Clarke,Danger Zone,11,5,0
Rich Clementi,No Love,45,23,1
Chris Clements,The Menace,12,6,0
Mark Climaco,NA,9,2,0
Felipe Colares,Cabocao,10,4,0
Chandler Cole,The Hammer,10,4,0
Mark Coleman,The Hammer,16,10,0
Clay Collard,Cassius,14,7,0
Jamie Colleen,NA,4,1,0
Jake Collier,The Prototype,13,10,0
Rose Conceicao,NA,7,1,0
Carlos Condit,The Natural Born Killer,32,14,0
Tristan Connelly,Boondock,14,8,0
Amanda Cooper,ABC,3,5,0
Chris Cope,C-Murder,8,4,0
Michael Cora,Kookie Monster,4,1,0
Akira Corassani,NA,12,6,0
Daniel Cormier,DC,22,3,0
Nora Cornolle,NA,9,2,0
Bethe Correia,Pitbull,11,6,1
Waldo Cortes-Acosta,Salsa Boy,14,1,0
Tracy Cortez,NA,12,2,0
Reyes Cortez Jr.,NA,7,3,0
Louis Cosce,NA,7,2,0
Orion Cosce,Galaxy,8,2,0
Paulo Costa,The Eraser,14,4,0
Randy Costa,The Zohan,6,4,0
Alessandro Costa,Nono,14,4,0
Melquizael Costa,Melk Cauthy,24,7,0
Oscar Cota,Elevation,11,3,0
Patrick Cote,The Predator,23,11,0
Rashad Coulter,Daywalker,9,4,0
Randy Couture,The Natural,19,11,0
Ryan Couture,NA,11,5,0
Colby Covington,Chaos,17,5,0
Hailey Cowan,All Hail,7,4,0
Nathan Coy,Soulforce,15,7,0
Andrew Craig,Highlight,9,4,0
Paul Craig,Bearjew,17,9,1
Tim Credeur,NA,12,4,0
Kevin Croom,Crash,21,15,0
Kiefer Crosbie,BDK,10,5,0
Ken Cross,The Boss,11,3,0
Allen Crowder,Pretty Boy,10,4,0
Daron Cruickshank,Detroit Superstar,18,10,0
Jimmy Crute,NA,12,4,2
Dominick Cruz,The Dominator,24,4,0
Aalon Cruz,NA,8,4,0
Timmy Cuamba,Twilight,9,3,0
Josh Culibao,Kuya,11,4,1
Zak Cummings,NA,25,7,0
Patrick Cummins,Durkin,10,7,0
Luke Cummo,NA,6,6,0
Hugo Cunha,Silverback,8,2,0
Alton Cunningham,The Bo-Man,4,2,0
AJ Cunningham,The Savage,11,5,0
Santo Curatolo,NA,6,2,0
Jeff Curran,Big Frog,36,18,1
Kailin Curran,NA,4,5,0
Will Currie,Drago,12,4,0
Chris Curtis,Action-Man,32,12,0
Ion Cutelaba,The Hulk,19,11,1
Henrique da Silva,Frankenstein,14,5,0
Ariane da Silva,Queen of Violence,17,11,0
Alex Da Silva,Leko,21,4,0
Deni Daffa,NA,6,2,0
Nicolas Dalby,Danish Dynamite,23,6,1
Paul Daley,Semtex,39,15,2
Aisling Daly,Ais the Bash,16,6,0
Leonardo Damiani,Puppy,10,3,1
Rodrigo Damm,NA,13,9,0
Batgerel Danaa,Storm,12,5,0
Peter Danesoe,The Asian Viking,8,4,0
Jarjis Danho,Man Mountain,7,1,1
Mac Danzig,NA,21,12,1
Karen Darabedyan,NA,13,6,0
Beneil Dariush,NA,23,6,1
Kyle Daukaus,NA,11,4,0
Chris Daukaus,NA,12,7,0
Marcus Davis,The Irish Hand Grenade,22,11,0
LC Davis,NA,23,8,0
Phil Davis,Mr. Wonderful,17,4,0
Alexis Davis,NA,21,11,0
Brandon Davis,Killer B,14,10,0
Mike Davis,Beast Boy,12,3,0
Hakeem Dawodu,Mean,13,4,1
Grant Dawson,KGD,23,2,1
Jason Day,Dooms,19,12,0
Martin Day,The Spartan,8,6,0
Yorgan De Castro,The Mad Titan,6,3,0
Geraldo de Freitas,Spartan,12,6,0
Philip De Fries,NA,12,6,0
Chris de la Rocha,NA,5,3,0
Montana De La Rosa,NA,13,9,1
Mark De La Rosa,Bumblebee,11,5,0
Mike de la Torre,El Cucuy,14,7,0
Isabela de Padua,Belinha,5,2,0
Gloria de Paula,Glorinha,6,5,0
Germaine de Randamie,The Iron Lady,10,5,0
Reinier de Ridder,RdR,20,2,0
Carl Deaton,The Anishinaabe Kid,17,7,0
Wallen Del Rosario,NA,8,2,0
Yadier del Valle,The Cuban Problem,9,0,0
Rolando Delgado,Roli,11,6,1
Jose Delgado,NA,10,1,0
Jack Della Maddalena,NA,18,2,0
Roland Delorme,NA,9,5,0
Jon Delos Reyes,The Heat,8,5,0
Vanessa Demopoulos,Lil Monster,11,8,0
Chris Dempsey,NA,11,5,0
Jason Dent,Dynamite,22,13,0
Mackenzie Dern,NA,15,5,0
Tony DeSouza,NA,11,4,0
Robelis Despaigne,The Big Boy,5,2,0
Alessio Di Chirico,Manzo,13,7,0
Micol Di Segni,NA,7,3,0
Cyrille Diabate,The Snake,19,10,1
Marc Diakiese,Bonecrusher,17,7,0
Tyler Diamond,NA,9,1,0
Blood Diamond,NA,3,3,0
Hacran Dias,Barnabe,23,6,1
Victor Dias,Crazy Horse,11,3,0
Nick Diaz,NA,26,10,0
Nate Diaz,NA,22,13,0
Ozzy Diaz,NA,10,3,0
Seth Dikun,NA,9,8,0
TJ Dillashaw,NA,18,5,0
Ding Meng,The Assassin,34,9,0
Jhonata Diniz,NA,9,1,0
Matt Dixon,Magic,9,1,0
Russell Doane,NA,15,8,0
Drew Dober,NA,27,15,0
Shana Dobson,Danger,4,5,0
AJ Dobson,NA,7,3,0
John Dodson,The Magician,22,12,0
Joe Doerksen,El Dirte,51,16,0
Roman Dolidze,NA,15,3,0
CB Dollaway,The Doberman,17,9,0
Dong Huaxiang,NA,12,3,0
Cody Donovan,Donnybrook,8,5,0
Rafael Dos Anjos,NA,32,17,0
Junior Dos Santos,Cigano,21,9,0
Anderson Dos Santos,Berinja,21,9,0
Acacio Dos Santos,Pequeno,14,5,0
Rayanne dos Santos,NA,14,9,0
Felipe dos Santos,Lipe Detona,8,3,0
Tiago dos Santos e Silva,Trator,20,7,2
Danny Downes,NA,8,3,0
Anthony Drilich,NA,8,2,0
Kyle Driscoll,KD,12,3,0
Tomasz Drwal,Gorilla,21,5,1
Dricus Du Plessis,Stillknocks,23,2,0
Yuneisy Duben,NA,6,1,0
Matthieu Duclos,NA,6,3,0
Emily Ducote,Gordinha,13,9,0
Viktoriia Dudakova,NA,8,2,0
Todd Duffee,NA,9,3,0
Joe Duffy,Irish,16,5,0
Jack Duffy,The Fury,7,1,0
Jessamyn Duke,The Gun,3,5,0
Islam Dulatov,The Ripper,11,1,0
Isaac Dulgarian,The Midwest Choppa,7,1,0
Sedriques Dumas,The Reaper,10,3,0
Norma Dumont,The Immortal,12,2,0
Chris Duncan,The Problem,13,2,0
Christian Leroy Duncan,CLD,11,2,0
Evan Dunham,NA,18,9,1
Tom Duquesnoy,Fire Kid,16,2,0
Albert Duraev,NA,16,5,0
Reuben Duran,NA,11,7,1
Cody Durden,Custom Made,17,8,1
Merab Dvalishvili,The Machine,20,4,0
David Dvorak,Undertaker,20,6,0
Matt Dwyer,NA,9,4,0
Rolando Dy,Dy Incredible,9,7,1
Marvin Eastman,The Beastman,18,15,1
Mike Easton,The Hulk,13,6,0
Brian Ebersole,Bad Boy,51,18,1
Roybert Echeverria,The Unbroken,7,1,0
Mark Eddiva,NA,6,3,0
Frankie Edgar,The Answer,23,11,1
Johnny Eduardo,NA,28,13,0
Yves Edwards,NA,42,22,1
Justin Edwards,Fast Eddy,9,5,0
Leon Edwards,Rocky,22,5,0
Te Edwards,NA,6,3,0
Joselyne Edwards,La Pantera,15,6,0
Stephanie Egger,NA,8,5,0
Per Eklund,NA,14,5,1
Evan Elder,The Phenom,10,2,0
Billy Elekana,Son of Susie,7,2,0
Joao Elias,Alicate,17,4,1
Darren Elkins,The Damage,29,12,0
Jake Ellenberger,The Juggernaut,31,15,0
Joe Ellenberger,Excalibur,15,2,0
Tim Elliott,NA,21,13,1
Oban Elliott,The Welsh Gangster,12,3,0
Cameron Else,Camchida,10,6,0
Ramazan Emeev,Gorets,20,6,0
Fedor Emelianenko,The Last Emperor,36,5,0
Rob Emerson,The Saint,18,12,0
Jamall Emmers,Pretty Boy,21,8,0
Josh Emmett,CC0,19,5,0
Kolton Englund,White Assassin,9,4,0
Oliver Enkamp,NA,7,2,0
Andy Enz,Tank Mode,10,4,0
Yuji Ephoevi-Ga,The Chef,11,1,0
Abdellah Er-Ramy,The Golden Boy,7,2,0
Steve Erceg,Astroboy,12,4,0
Julian Erosa,Juicy J,31,13,0
Jarno Errens,NA,14,6,1
Ivan Erslan,NA,14,5,0
Cole Escovedo,Apache Kid,17,9,0
Efrain Escudero,Hecho En Mexico,28,12,0
Carla Esparza,Cookie Monster,20,8,0
Juan Espino,El Guapo,11,2,0
Jordan Espinosa,The Gamer,15,9,0
Jodie Esquibel,NA,6,6,0
Rafael Estevam,Macapa,13,0,0
Achilles Estremadura,NA,7,1,0
Shaun Etchell,The Buzzsaw,7,3,0
Terry Etim,NA,16,5,0
Sijara Eubanks,SarJ,8,7,0
Billy Evangelista,NA,13,3,0
Rashad Evans,Suga,19,8,1
Ashlee Evans-Smith,Rebel Girl,6,6,0
Tonya Evinger,Triple Threat,19,8,0
Movsar Evloev,NA,19,0,0
Andre Ewell,Mr. Highlight,17,9,0
Chris Ewert,El Tanke,7,0,0
Jessica Eye,Evil,15,11,0
Urijah Faber,The California Kid,35,11,0
Melinda Fabian,NA,4,4,2
Wagnney Fabiano,The Silencer,16,4,0
Bartosz Fabinski,The Butcher,15,5,0
Zarah Fairn,Infinite,6,6,0
Rinat Fakhretdinov,Gladiator,23,1,1
Pedro Falcao,Pedrinho,16,5,0
Jair Farias,Chosen,10,1,0
Rico Farrington,The Triggerman,7,3,0
Paul Felder,The Irish Dragon,17,6,0
Carlos Felipe,Boi,11,2,0
Feng Xiaocan,NA,10,4,0
Kevin Ferguson,Kimbo Slice,5,2,0
Tony Ferguson,El Cucuy,26,11,0
Gabriella Fernandes,Gabi,10,3,0
Kaue Fernandes,NA,10,2,0
Cezar Ferreira,Mutante,13,8,0
Diego Ferreira,NA,19,6,0
Erisson Ferreira,Gato,12,2,0
Brunno Ferreira,The Hulk,13,2,0
Timo Feucht,NA,8,1,0
Andre Fialho,NA,16,8,0
Drew Fickett,The Master,42,21,0
Michal Figlak,Mad Dog,8,2,0
Deiveson Figueiredo,Deus da Guerra,24,5,1
Francisco Figueiredo,Sniper,13,5,1
Edwin Figueroa,El Feroz,9,5,0
Jafel Filho,Pastor,16,4,0
Andre Fili,Touchy,24,12,0
Mirko Filipovic,Cro Cop,35,11,2
Torrez Finney,The Punisher,11,0,0
Luigi Fioravanti,NA,26,15,0
Nick Fiore,NA,6,2,0
Manon Fiorot,The Beast,12,2,0
Spencer Fisher,The King,24,9,0
Chris Fishgold,NA,18,4,1
Jon Fitch,NA,30,7,1
Rafael Fiziev,Ataman,13,4,0
AJ Fletcher,The Ghost,10,3,0
Nathan Fletcher,NA,9,2,0
Jimmy Flick,The Brick,17,9,0
Luke Flores,NA,9,2,0
Ty Flores,Big Medicine,7,3,0
Alejandro Flores,El Gallito,17,3,0
Kenny Florian,KenFlo,14,6,0
Darrius Flowers,Beast Mode,12,8,1
Caros Fodor,The Future,11,6,0
Rob Font,NA,22,8,0
Jesse Forbes,Kid Hercules,15,5,0
Raheam Forest,Rambo,7,2,0
Jussier Formiga,NA,23,8,0
Renee Forte,NA,8,4,0
Brianna Fortino,The Bull,9,3,0
Marcel Fortuna,NA,9,3,0
Brian Foster,The Foster Boy,27,10,0
Hermes Franca,NA,24,17,0
Glaico Franca Moreira,Nego,15,5,0
John Franchi,NA,6,2,0
Rich Franklin,Ace,29,7,0
Xavier Franklin,Mr. Benjamin,5,1,0
Stephanie Frausto,Lil Bovy,8,7,0
Justin Frazier,The Grizzly Bear,10,3,0
Patricio Freire,Pitbull,36,8,0
Josh Fremd,NA,11,6,0
Matt Frevola,The SteamRolla,11,5,1
Jinh Yu Frey,NA,11,10,0
Sarah Frota,A Treta,9,2,0
Daniel Frunza,NA,9,3,0
Adam Fugitt,NA,10,4,0
Riki Fukuda,NA,24,9,0
Masio Fullen,Lobo,11,7,0
Ricardo Funch,Golden Boy,9,6,0
Claudia Gadelha,Claudinha,18,5,0
Magomed Gadzhiyasulov,NA,9,1,0
Justin Gaethje,The Highlight,26,5,0
Muin Gafurov,Tajik,20,6,0
Mitch Gagnon,NA,12,5,0
Mickey Gall,NA,7,7,0
Manvel Gamburyan,The Anvil,15,10,0
Mateusz Gamrot,Gamer,25,3,0
Shamil Gamzatov,NA,14,1,0
Ciryl Gane,Bon Gamin,13,2,0
Eduardo Garagorri,NA,13,2,0
Cody Garbrandt,No Love,14,7,0
Leonard Garcia,Bad Boy,18,13,1
Edgar Garcia,NA,14,5,0
Alex Garcia,The Dominican Nightmare,15,6,0
Steve Garcia,Mean Machine,18,5,0
Elias Garcia,NA,6,2,0
Rafa Garcia,Gifted,17,4,0
Fernie Garcia,NA,10,5,0
Pablo Garza,The Scarecrow,12,4,0
Kelvin Gastelum,NA,20,10,0
Willie Gates,NA,12,7,0
Melissa Gatto,NA,9,2,2
Sean Gauci,NA,10,1,0
Louis Gaudinot,Goodnight,8,4,0
Ateba Gautier,The Silent Assassin,7,1,0
Shamil Gaziev,NA,14,1,0
Chad George,Savage,16,8,0
Yanis Ghemmouri,The Desert Warrior,12,3,0
Christos Giagos,The Spartan,20,12,0
Joe Giannetti,NA,6,1,0
Cody Gibson,The Renegade,22,11,0
Chase Gibson,El Guero,9,5,0
Thomas Gifford,The Young Lion,14,9,0
Trevin Giles,NA,16,7,0
Gregor Gillespie,The Gift,14,1,0
Micheal Gillmore,The Gentleman,6,5,0
Eperaim Ginting,The Wolfman,6,1,0
Ricky Glenn,The Gladiator,22,9,2
Mark Godbeer,The Hand Of,13,4,0
Loopy Godinez,NA,13,5,0
Billy Ray Goff,NA,9,4,0
Amiran Gogoladze,NA,14,3,0
Hannah Goldy,24K,6,4,0
Marcelo Golm,NA,6,3,0
Denise Gomes,Dee,11,3,0
Frank Gomez,NA,10,6,0
Joey Gomez,KO King,6,2,0
Luis Gomez,Tiger Junior,4,1,0
Joey Gomez,NA,7,1,0
Edson Gomez,NA,6,2,0
Silvana Gomez Juarez,La Malvada,11,5,0
Takanori Gomi,The Fireball Kid,35,14,0
William Gomis,Jaguar,14,3,0
Akihiro Gono,NA,35,21,8
Gabriel Gonzaga,Napao,17,11,0
Justin Gonzales,J-Train,6,0,0
Fernando Gonzalez,The Menifee Maniac,26,14,0
Jason Gonzalez,Nicoya,11,5,0
Jorge Gonzalez,Street,16,4,0
Mikey Gonzalez,Rolls,7,2,0
Erick Gonzalez,The Ghost Pepper,14,8,0
Lyman Good,Cyborg,21,6,0
Jared Gooden,NiteTrain,23,10,0
Eddie Gordon,Truck,8,4,0
Jared Gordon,Flash,21,7,0
Malcolm Gordon,X,14,8,0
Tresean Gore,Mr. Vicious,6,3,0
Alex Gorgees,Hitman,6,1,0
Themba Gorimbo,The Answer,14,5,0
Jonathan Goulet,The Road Warrior,23,12,0
Thibault Gouti,GT,12,5,0
Wilson Gouveia,NA,14,8,0
Damian Grabowski,The Polish Pitbull,20,5,0
Roger Gracie,NA,8,2,0
Kron Gracie,NA,5,3,0
Bogdan Grad,The Unleashed,15,3,0
Miranda Granger,Danger,7,3,0
TJ Grant,NA,21,5,0
Davey Grant,Dangerous,16,7,0
Dwight Grant,The Body Snatcher,11,6,0
Alexa Grasso,NA,16,5,1
Tony Gravely,NA,23,9,0
Michael Graves,NA,6,0,1
Shelton Graves,The Gravedigger,7,3,0
Kevin Gray,Pocket Herc,9,4,0
King Green,NA,32,17,1
Desmond Green,The Predator,23,8,0
Gabe Green,Gifted,12,5,0
Maurice Greene,The Crochet Boss,9,7,0
Matt Grice,The Real One,15,5,0
Forrest Griffin,NA,19,7,0
Tyson Griffin,NA,16,8,0
Max Griffin,Pain,20,12,0
Jordan Griffin,Native Psycho,18,9,0
Chad Griggs,The Grave Digger,11,3,0
Charalampos Grigoriou,Ferocious,8,5,0
Maxim Grishin,Maximus,32,10,2
Josh Grispi,The Fluke,14,5,0
Kendall Grove,Da Spyder,23,17,0
Chris Gruetzemacher,Gritz,15,5,0
Vik Grujic,The Spartan,6,6,0
Mike Grundy,NA,12,4,0
Wang Guan,The Dongbei Tiger,20,1,1
Rainn Guerrero,Purple Rainn,5,2,0
Shannon Gugerty,NA,15,7,0
Clay Guida,The Carpenter,38,22,0
Melvin Guillard,The Young Assassin,32,18,2
Marcelo Guimaraes,Magrao,9,2,1
John Gunderson,Quick Guns,35,16,2
John Gunther,The Machine,5,1,0
Jorge Gurgel,NA,14,10,0
Luis Gurule,Grim,10,1,0
Bogdan Guskov,Czarevitch,17,3,0
Gugun Gusman,The Tiger,8,4,0
Alexander Gustafsson,The Mauler,18,8,0
Andreas Gustafsson,Bane,12,2,0
Chris Gutierrez,El Guapo,22,6,2
Mando Gutierrez,El Toro,7,2,0
Mike Guymon,The Joker,15,6,1
Chelsea Hackett,Hammer,3,1,1
Cody Haddon,NA,8,1,0
Jake Hadley,White Kong,11,4,0
Damir Hadzovic,The Bosnian Bomber,14,8,0
Bassil Hafez,The Habibi,9,4,1
Tim Hague,The Trashing Machine,21,13,0
Uriah Hall,Prime Time,18,11,0
Ryan Hall,The Wizard,9,2,0
Dennis Hallman,Superman,53,20,2
Piotr Hallmann,Pletwal,18,6,0
Seo Hee Ham,NA,17,8,0
Rami Hamed,NA,13,3,0
Matt Hamill,The Hammer,12,8,0
Anthony Hamilton,Freight Train,15,9,0
CJ Hamilton,The Autobot,11,4,0
Jared Hamman,The Messenger,14,6,0
Chad Hanekom,Superman,9,3,0
Kay Hansen,NA,7,6,0
Nasrat Haqparast,NA,18,5,0
Shin Haraguchi,NA,8,2,0
Antoni Hardonk,NA,8,6,0
George Hardwick,King,12,2,0
Dan Hardy,The Outlaw,25,10,0
Veronica Hardy,NA,9,5,1
Greg Hardy,Prince of War,7,5,0
Josiah Harrell,Muscle Hamster,7,0,0
Gerald Harris,NA,23,5,0
Phil Harris,Billy,22,12,0
Walt Harris,The Big Ticket,13,10,0
Carlston Harris,Mocambique,19,7,0
Kayla Harrison,NA,19,1,0
Joey Hart,The Hitman,6,2,0
Dale Hartt,NA,6,3,0
Clay Harvison,Bushwacker,13,6,0
Ahmad Hassanzada,Lion of the Ring,11,3,0
John Hathaway,The Hitman,17,2,0
Phil Hawes,No Hype,12,6,0
Dustin Hazelett,McLovin,12,7,0
James Head,NA,9,4,0
Pat Healy,Bam Bam,34,23,0
David Heath,NA,18,7,0
Jake Hecht,Hitman,11,4,0
Nick Hein,Sergeant,14,5,0
Ian Heinisch,The Hurricane,14,5,0
Marcin Held,NA,23,7,0
Dan Henderson,Hendo,32,15,0
Benson Henderson,Smooth,24,7,0
Johny Hendricks,Bigg Rigg,18,8,0
Luis Henrique,KLB,10,5,0
Jose Henrique,Canela,5,1,0
Danny Henry,The Hatchet,12,4,0
Victor Henry,La Mangosta,25,7,0
Jai Herbert,Black Country Banger,13,6,1
Ed Herman,Short Fuse,27,16,0
Dave Herman,NA,22,6,0
Jack Hermansson,The Joker,24,9,0
Alexander Hernandez,The Great Ape,16,8,0
Anthony Hernandez,Fluffy,14,2,0
Nohelin Hernandez,Suave,9,4,0
Carlos Hernandez,NA,10,5,0
Leslie Hernandez,Dora The Destroyer,4,2,0
Geane Herrera,La Pulga,9,3,0
Alvaro Herrera Mendoza,Chango,9,6,0
Felice Herrig,Lil Bulldog,14,10,0
Heath Herring,The Texas Crazy Horse,28,16,0
Clint Hester,Headbussa,11,6,0
Jimy Hettes,The Kid,11,3,0
Marcus Hicks,The Wrecking Ball,10,4,0
Jay Hieron,The Thoroughbred,23,7,0
Brady Hiestand,Bam Bam,9,2,0
Jason High,The Kansas City Bandit,21,6,0
Corey Hill,NA,6,9,0
Angela Hill,Overkill,18,14,0
Jamahal Hill,Sweet Dreams,12,4,0
Kailan Hill,NA,4,1,0
Alvin Hines,Goozie,7,1,0
Hatsu Hioki,NA,29,10,2
Kuniyoshi Hironaka,NA,23,9,0
Mizuto Hirota,Pugnus,18,10,2
An Tuan Ho,Highlight,6,1,0
Matt Hobar,The Crowbar,9,3,0
Chris Hofmann,NA,9,2,0
Andrew Holbrook,NA,12,3,0
Kevin Holland,Trailblazer,28,13,0
Max Holloway,Blessed,26,8,0
Holly Holm,The Preacher's Daughter,15,7,0
Joseph Holmes,Uglyman Joe,8,4,0
Kurt Holobaugh,The Hurt,22,10,0
Paddy Holohan,The Hooligan,12,2,1
Scott Holtzman,Hot Sauce,14,6,0
Sabah Homasi,NA,11,8,0
Mark Hominick,The Machine,20,12,0
Barb Honchak,Little Warrior,10,4,0
JunYoung Hong,Drunken Red,13,8,1
SeongChan Hong,Honey Badger,9,2,0
Lorenzo Hood,Dream Killer,14,5,0
Dan Hooker,The Hangman,24,12,0
Chase Hooper,The Dream,16,3,1
Darrell Horcher,The Saint,13,4,0
Yoshinori Horie,NA,8,2,0
Kyoji Horiguchi,NA,19,2,0
Yuma Horiuchi,Ichiban,9,5,0
Jeremy Horn,Gumby,91,22,5
Chris Horodecki,The Polish Hammer,21,7,1
Jamey-Lyn Horth,NA,8,2,0
Jeff Hougland,Hellbound,10,6,0
John Howard,Doomsday,24,13,0
Hu Yaozong,Totoro,3,3,0
Carlos Huachin,Perro Malo,10,5,1
Brady Huang,The Kung Fu Warrior,11,2,0
Huang Feier,Muscle Barbie,14,8,0
Austin Hubbard,Thud,17,9,0
Collin Huckbody,All In,8,2,0
Roger Huerta,El Matador,23,9,1
Matt Hughes,NA,45,9,0
Jeff Hughes,Lights Out,10,4,0
Sam Hughes,Sampage,10,6,0
Victor Hugo,Striker,25,5,0
Harry Hunsucker,The Hurricane,7,6,0
Mark Hunt,Super Samoan,13,14,1
Al Iaquinta,Raging,14,7,1
Khadis Ibragimov,NA,8,4,0
Dan Ige,50K,19,9,0
Zelim Imadaev,NA,8,3,0
Nassourdine Imavov,The Sniper,16,4,0
Michael Imperato,NA,12,7,0
Rui Imura,NA,12,5,0
Naoki Inoue,NA,11,1,0
James Irvin,The Sandman,17,10,0
Issa Isakov,Determinator,10,3,0
Teruto Ishihara,Yashabo,10,7,2
Damir Ismagulov,Qazaq,24,3,0
Leandro Issa,Brodinho,13,6,0
Kuya Ito,Psycho Zombie,17,9,1
Blagoy Ivanov,Baga,19,6,0
Anthony Ivy,Aquaman,8,4,0
Taiga Iwasaki,NA,9,2,0
Yves Jabouin,Tiger,20,11,0
Quinton Jackson,Rampage,37,12,0
Damon Jackson,The Leech,23,8,1
Mike Jackson,The Truth,1,2,0
Jason Jackson,Jah-Son,7,2,0
Montel Jackson,Quik,15,2,0
Richard Jacobi,NA,6,1,1
Dustin Jacoby,The Hanyak,21,9,1
Virna Jandiroba,Carcara,22,3,0
Ryan Janes,NA,10,3,0
Dave Jansen,NA,20,4,0
Keith Jardine,The Dean of Mean,17,11,2
Rony Jason,NA,14,7,0
Jasmine Jasudavicius,NA,14,3,0
Yazmin Jauregui,NA,11,2,0
Justin Jaynes,The Guitar Hero,16,8,0
Joanna Jedrzejczyk,NA,16,5,0
Aaron Jeffery,NA,10,3,0
Brandon Jenkins,The Human Highlight Reel,15,9,0
Jack Jenkins,Phar,13,4,0
Ryan Jensen,NA,21,8,0
Baergeng Jieleyisi,NA,18,7,0
Ryan Jimmo,The Big Deal,19,5,0
Jinensibieke Asikeerbai,NA,36,11,0
Sung Bin Jo,Korean Falcon,9,1,0
Carls John De Tomas,NA,6,2,0
Brett Johns,The Pikey,17,2,0
Miles Johns,Chapo,15,3,0
Anthony Johnson,Rumble,22,6,0
DaMarques Johnson,Darkness,15,15,0
Tony Johnson,NA,7,2,0
Lavar Johnson,Big,18,10,0
Demetrious Johnson,Mighty Mouse,27,3,1
Michael Johnson,The Menace,24,19,0
Kajan Johnson,Ragin',23,13,1
Timothy Johnson,NA,12,4,0
Jordan Johnson,NA,10,0,0
Taylor Johnson,Tombstone,5,1,0
Chad Johnson,Big Rigg,6,2,0
Jose Johnson,Zhakwarius,16,10,0
Charles Johnson,InnerG,17,7,0
Liana Jojua,She Wolf,8,5,0
Daniel Jolly,The Werewolf of Texas,5,3,0
Jon Jones,Bones,28,1,0
Jamelle Jones,The Beast,7,5,0
Trevin Jones,5 Star,13,10,0
Mason Jones,The Dragon,16,2,0
Jacobi Jones,Big Toe,6,2,0
Jocelyn Jones-Lybarger,NA,6,4,0
Shawn Jordan,The Savage,19,8,0
Ivan Jorge,Batman,27,7,0
Scott Jorgensen,Young Guns,15,12,0
Krzysztof Jotko,NA,24,6,0
Alan Jouban,Brahma,17,7,0
Charles Jourdain,Air,16,8,1
Kevin Jousset,Air,10,4,0
Dustin Joynson,NA,5,0,0
Anshul Jubli,King of Lions,7,2,0
Carli Judice,Crispy,4,2,0
Luke Jumeau,The Jedi,13,5,0
Chan Sung Jung,The Korean Zombie,17,8,0
Da Woon Jung,Sseda,15,6,1
Myles Jury,Fury,17,4,0
Cristiane Justino,Cyborg,21,2,0
Oron Kahlon,NA,16,1,0
Saidyokub Kakhramonov,NA,10,3,0
Kai Kamaka,The Fighting Hawaiian,8,4,1
Shuya Kamikubo,Stealth,13,2,1
Daichi Kamiya,NA,6,1,0
Martin Kampmann,The Hitman,20,7,0
Koya Kanda,Bushido,12,5,0
Bharat Kandare,Daring,5,3,0
Masanori Kanehara,NA,26,12,5
Denis Kang,NA,35,16,2
Kyung Ho Kang,Mr. Perfect,19,11,0
Manel Kape,StarBoy,21,7,0
Kai Kara-France,Don't Blink,25,12,0
Alex Karalexis,The Assassin,10,6,0
Ernesta Kareckaite,Heavy-Handed,6,1,1
Impa Kasanganay,Tshilobo,9,2,0
Jinnosuke Kashimura,NA,4,2,0
Nadia Kassem,NA,5,2,0
Brad Katona,Superman,16,5,0
Calvin Kattar,NA,23,10,0
Sarah Kaufman,NA,18,4,0
Lone'er Kavanagh,NA,9,0,0
Canaan Kawaihae,NA,6,2,0
Tatsuya Kawajiri,Crusher,36,11,2
Masuto Kawana,Mast,10,4,0
Toshiomi Kazama,NA,11,4,0
Chris Kelades,The Greek Assassin,9,3,0
Brian Kelleher,Boom,24,16,0
Tony Kelley,Primetime,8,3,0
Paul Kelly,NA,14,5,0
Daniel Kelly,NA,13,4,0
Tim Kennedy,NA,18,6,0
Jeremy Kennedy,JBC,11,1,0
Casey Kenney,NA,16,4,1
Maimaitituoheti Keremuaili,Kyrgyz Mountain Eagle,26,11,0
Will Kerr,NA,9,3,0
Rustam Khabilov,Tiger,24,4,0
Sergey Khandozhko,Honda,28,6,1
Alfred Khashakyan,The Fearless,8,3,0
Aziz Khaydarov,NA,21,7,0
Mansher Khera,New Era,10,0,0
Aliaskhab Khizriev,Black Wolf,14,0,0
WonBin Ki,The Danger,18,9,0
Pannie Kianzad,Banzai,17,9,0
Katsunori Kikuno,NA,24,8,2
Jacob Kilburn,The Killer,8,4,0
Dong Hyun Kim,Stun Gun,22,4,1
Ji Yeon Kim,Firefist,9,7,2
MinWoo Kim,Korean MOAI,10,2,0
HanSeul Kim,Spade,13,6,0
KyeungPyo Kim,Redhorse,11,4,0
Sangwook Kim,Frogman,12,3,0
SangWon Kim,No Problem,10,6,1
KyuSung Kim,NA,12,6,0
Jeremy Kimball,NA,15,8,0
Rob Kimmons,The Rosedale Reaper,25,9,0
Dustin Kimura,The Diamond,11,3,0
Kyle Kingsbury,Kingsbu,11,6,0
Yusaku Kinoshita,NA,6,3,0
Kamuela Kirk,The Jawaiian,12,6,0
Justine Kish,NA,7,4,0
Top Noi Kiwram,NA,9,5,0
Ludovit Klein,Mr. Highlight,23,5,1
Nick Klein,Blue Collar,6,2,0
Fatima Kline,The Archangel,8,1,0
Drakkar Klose,NA,15,3,1
Jason Knight,The Kid,20,5,0
William Knight,Knightmare,11,5,0
Josefine Knutsson,Thunder,8,1,0
Seokhyeon Ko,The Korean Tyson,12,2,0
Erik Koch,Phoenix,16,6,0
Kaloyan Kolev,NA,10,1,0
Syuri Kondo,NA,6,3,0
Cheick Kongo,NA,27,10,2
Roman Kopylov,NA,14,3,0
Josh Koscheck,NA,17,11,0
Steven Koslow,Obi Won Shinobi The Pillow,6,1,0
Naoyuki Kotani,NA,34,14,7
Karolina Kowalkiewicz,NA,16,9,0
Derrick Krantz,D-Rock,22,12,0
James Krause,The,28,9,0
Kaynan Kruschewsky,Bahia,15,3,0
Nikita Krylov,The Miner,30,10,0
Mariusz Ksiazkiewicz,The Iron Pol,8,1,0
Michael Kuiper,NA,15,5,0
Anton Kuivanen,NA,24,10,0
Sumit Kumar,The Indian Kid,8,1,0
Aleksei Kunchenko,NA,20,2,0
Rizvan Kuniev,NA,12,3,1
Kiichi Kunimoto,Strasser,18,7,2
Korey Kuppe,NA,8,4,0
Ramazan Kuramagomedov,NA,8,0,0
Guram Kutateladze,Georgian Viking,13,5,0
Vadym Kutsyi,NA,17,2,0
Mike Kyle,MAK,22,14,1
Lisa Kyriacou,The Savage,7,2,0
Daniel Lacerda,Miojo,11,6,0
Luan Lacerda,NA,12,3,0
Aspen Ladd,NA,9,3,0
Ryan LaFlare,NA,14,3,0
Corinne Laframboise,NA,8,5,0
Noad Lahat,Neo,11,2,0
Yohan Lainesse,White Lion,9,3,0
Ricardo Lamas,The Bully,20,8,0
Jason Lambert,The Punisher,26,13,0
Nate Landwehr,The Train,18,7,0
Austen Lane,NA,13,7,0
Lina Lansberg,Elbow Queen,10,8,0
Taylor Lapilus,Double Impact,21,4,0
Chad Laprise,The Disciple,13,4,0
TJ Laramie,NA,12,5,0
Lorenz Larkin,The Monsoon,18,6,0
Jeremy Larsen,NA,8,5,0
Brock Larson,NA,42,10,0
Bobby Lashley,NA,15,2,0
Ilir Latifi,The Sledgehammer,17,9,0
Phillip Latu,The Doctor,6,2,0
Jenel Lausa,NA,7,5,0
Joe Lauzon,NA,28,16,0
Sandra Lavado,Peruvian Zombie,10,3,0
Muhammed Lawal,King Mo,21,6,0
Robbie Lawler,Ruthless,30,16,0
Tom Lawlor,Filthy,10,6,0
Justin Lawrence,The American Kidd,10,4,0
Lance Lawrence,NA,4,1,0
Ronnie Lawrence,The Heat,8,2,0
Jimmy Lawson,Greedy,4,2,0
Valmir Lazaro,Bidu,15,5,0
Zviad Lazishvili,NA,13,1,0
Mounir Lazzez,The Sniper,11,3,0
Cung Le,NA,9,3,0
Thanh Le,NA,6,1,0
Quang Le,Bang,9,2,0
Carlos Leal,The Lion,22,6,0
Jordan Leavitt,The Monkey King,12,3,0
Chris Leben,The Crippler,22,11,0
Mickael Lebout,Ragnar,16,7,1
Justin Ledet,El Blanco,9,4,0
Vaughan Lee,NA,14,13,1
Kevin Lee,The Motown Phenom,18,8,0
Andrea Lee,KGB,13,11,0
JeongYeong Lee,Korean Tiger,11,3,0
JungHyun Lee,The Phenom,8,1,0
ChangHo Lee,NA,11,1,0
Cheyden Leialoha,Steadfast,6,0,0
Claudia Leite,NA,8,3,0
Thales Leites,NA,28,9,0
Amanda Lemos,NA,15,4,1
Giacomo Lemos,NA,6,0,0
Jesse Lennox,The Ox,14,4,0
Nik Lentz,The Carny,30,12,2
Victoria Leonardo,Fury,9,7,0
Brock Lesnar,NA,5,3,0
Valerie Letourneau,Trouble,8,6,0
Leah Letson,Nidas,5,3,0
Marcus LeVesseur,The Prospect,22,7,0
Natan Levy,Lethal,8,2,0
Derrick Lewis,The Black Beast,29,12,0
Bevon Lewis,NA,7,3,0
Brandon Lewis,NA,6,2,0
Malik Lewis,Hard Knock,6,2,0
Li Jingliang,The Leech,19,9,0
Li Yunfeng,NA,9,5,0
Liang Na,The Dragon Girl,19,8,0
Jess Liaudin,The Joker,20,11,0
Chuck Liddell,The Iceman,21,8,0
Rodrigo Lidio,Dynamis,12,3,0
Hyun Gyu Lim,The Ace,13,7,1
Juliana Lima,Ju Thai,9,5,0
Dhiego Lima,NA,17,9,0
Andre Lima,Mascote,11,0,0
Felipe Lima,Jungle Boy,14,2,0
Emiliano Linares,Golden Bull,8,2,0
Matt Lindland,The Law,22,9,0
John Lineker,Hands of Stone,31,9,0
Austin Lingo,Lights Out,9,3,0
Philipe Lins,Monstro,18,5,0
Tainara Lisboa,Thai Panther,7,3,0
Dean Lister,The Boogeyman,13,7,0
James Llontop,Goku,14,5,0
Artem Lobov,The Russian Hammer,13,15,1
Dylan Lockard,NA,6,2,0
Ryan Loder,Man of Steel,8,2,0
Christian Lohsen,Hollywood,4,2,0
David Loiseau,The Crow,23,11,0
Hector Lombard,NA,34,10,1
Michael Lombardo,The Don,11,2,0
Loma Lookboonmee,NA,10,3,0
Ange Loosa,The Last Ninja,10,5,0
Diego Lopes,NA,26,7,0
Bruno Lopes,Brunao,14,2,0
Arthur Lopes,Demolidor,6,2,0
Matthew Lopez,NA,10,4,0
Benito Lopez,Golden Boy,10,2,0
Gustavo Lopez,NA,12,6,1
Brendan Loughnane,NA,17,3,0
Caolan Loughran,The Don,10,2,0
Joe Lowry,NA,9,2,0
Lu Kai,The Last Gladiator,8,5,0
Stephanie Luciano,Rondinha,6,2,1
Iasmin Lucindo,NA,17,6,0
Duane Ludwig,Bang,21,14,0
Lawrence Lui,Lok Yin,6,1,0
Paula Luna,La Prodigia,5,3,0
Dalcha Lungiambula,Champion,11,6,0
Vicente Luque,The Silent Assassin,23,11,1
Travis Lutter,The Serial Killer,10,6,0
Joilton Lutterbach,Peregrino,38,9,0
Tucker Lutz,Top Gun,12,4,0
Lv Zhenhong,NA,16,6,0
Chris Lytle,Lights Out,31,18,5
Dong Hyun Ma,Maestro,16,11,3
Pawan Maan,NA,7,3,1
William Macario,Patolino,9,3,0
Jason MacDonald,The Athlete,25,16,0
Rob MacDonald,Maximus,5,4,0
Rory MacDonald,Red King,19,4,0
Ryan MacDonald,Main Event,10,2,0
Valesca Machado,Tina Black,8,3,0
Caio Machado,Bigfoot,8,4,1
Ian Machado Garry,The Future,16,1,0
Lyoto Machida,The Dragon,24,8,0
Pauline Macias,PITA,4,1,0
Reza Madadi,Mad Dog,14,6,0
Don Madge,Magic Man,9,3,1
Victor Madrigal,Periquito,15,5,0
Jon Madsen,NA,8,2,0
Mark Madsen,The Olympian,12,2,0
Yoshiro Maeda,NA,35,16,5
Leonardo Mafra,Macarrao,13,4,0
Vinny Magalhaes,Pezao,14,9,0
Caio Magalhaes,Hellboy,10,3,0
Angela Magana,Your Majesty,11,9,0
Neil Magny,The Haitian Sensation,29,14,0
Raimond Magomedaliev,NA,10,2,0
Rashid Magomedov,Highlander,20,2,0
Ruslan Magomedov,Leopard,14,1,0
Abus Magomedov,NA,28,6,1
Shara Magomedov,Bullet,15,1,0
Zabit Magomedsharipov,NA,18,1,0
John Maguire,The One,24,9,0
Demian Maia,NA,28,11,0
Jennifer Maia,NA,21,10,1
Nayara Maia,Capita,7,1,1
Levan Makashvili,The Hornet,15,2,1
John Makdessi,The Bull,18,9,0
Islam Makhachev,NA,27,1,0
Zach Makovsky,Fun Size,20,8,0
Azat Maksum,Qazaq,15,2,0
Fabio Maldonado,Caipira de Aco,23,11,0
Bea Malecki,NA,4,1,0
Jacob Malkoun,Mamba,8,3,0
Mike Malott,Proper,12,2,1
Nate Maness,Mayhem,16,3,0
Marnic Mann,The Sawed-Off Savage,6,3,0
Dylan Mantello,The Quiet Man,8,4,0
Jimi Manuwa,Poster Boy,17,6,0
Dominic Mar Fan,Street Buddha,7,2,0
Cristiano Marcello,NA,13,6,0
Daniel Marcos,Soncora,17,1,0
Marcos Mariano,Dhalsim,6,6,0
Chepe Mariscal,Machine Gun,18,6,0
Ronny Markes,NA,17,5,0
Rory Markham,NA,17,6,0
Randa Markos,Quiet Storm,11,12,1
Christina Marks,NA,8,9,0
Brendon Marotte,The Kid,8,3,0
Nate Marquardt,The Great,35,19,2
Danilo Marques,NA,11,4,0
Julian Marquez,The Cuban Missile Crisis,9,6,0
Carmelo Marrero,The Fury,16,6,0
Eliot Marshall,Fire,10,4,0
Francis Marshall,Fire,8,3,0
Jack Marshman,The Hammer,23,10,0
Terry Martin,NA,23,11,0
Anthony Rocco Martin,NA,17,6,0
Mallory Martin,NA,7,5,0
Danny Martinez,The Gremlin,21,8,0
Henry Martinez,Sicario,9,4,0
Jonathan Martinez,Dragon,19,6,0
Mana Martinez,ManaBoi,10,4,0
Victor Martinez,The Brick,13,6,0
Roque Martinez,NA,15,8,2
Melissa Martinez,Super Mely,8,2,0
Julieta Martinez,The Ninja Ferret,8,0,0
David Martinez,Black Spartan,12,1,0
Adriano Martins,NA,28,9,0
Lucas Martins,Mineiro,19,3,0
Bristol Marunde,NA,16,10,0
Kazuma Maruyama,Gluttony,11,7,0
Islem Masraf,Lightning,3,1,0
Mike Massenzio,The Master of Disaster,13,9,0
Jameel Massouh,NA,26,9,0
Tiffany Masters,Rainbow Renegade,2,1,0
Jorge Masvidal,Gamebred,35,17,0
Al Matavao,Sweetness,8,3,0
Arisa Matsuda,NA,7,0,0
Toki Matsui,NA,6,1,0
Jean Matsumoto,NA,16,1,0
Koyomi Matsushima,NA,13,6,0
Jake Matthews,The Celtic Kid,22,7,0
Connor Matthews,The Controller,7,4,0
Vladimir Matyushenko,The Janitor,27,8,0
Miranda Maverick,Fear The,17,6,0
Nick Maximov,NA,8,2,0
Don'Tale Mayes,Lord Kong,11,9,0
Gray Maynard,NA,13,7,1
Gina Mazany,Danger,7,6,0
Sabina Mazo,Colombian Queen,9,4,0
Francesco Mazzeo,NA,4,1,0
Ian McCall,Uncle Creepy,13,5,1
Molly McCann,Meatball,14,8,0
Charles McCarthy,Chainsaw,10,5,0
Eric McConico,NA,9,3,1
Sean McCorkle,NA,17,7,0
Danni McCormack,Mac,9,2,0
Kris McCray,Savage,8,5,0
Tamdan McCrory,The Barncat,14,5,0
Rob McCullough,Razor,19,8,0
Justin McCully,The Insane One,11,5,2
Robert McDaniel,Bubba,28,10,0
Michael McDonald,Mayday,17,4,0
Drew McFedries,The Massacre,12,7,0
Court McGee,The Crusher,23,14,0
Marcus McGhee,The Maniac,10,1,0
Conor McGregor,The Notorious,22,6,0
Rhys McKee,Skeletor,14,6,1
Cory McKenna,Poppins,8,4,0
Tim McKenzie,NA,14,9,0
Cody McKenzie,NA,16,10,0
Terrance McKinney,T. Wrecks,17,7,0
Garreth McLellan,Soldier Boy,13,6,0
Sara McMann,NA,13,6,0
James McSweeney,The Hammer,15,15,0
Jackson McVey,The Moose,6,0,0
Tim Means,The Dirty Bird,33,17,1
Yancy Medeiros,NA,15,8,0
MarQuel Mederos,NA,11,1,0
Uros Medic,The Doctor,10,3,0
Jose Daniel Medina,Chicho,11,5,0
Emil Meek,Valhalla,9,5,1
Sanford Alton Meeks,NA,1,1,0
Gerald Meerschaert,GM3,37,19,0
Jordan Mein,Young Gun,31,12,0
Gilbert Melendez,El Nino,22,8,0
Vanessa Melo,NA,11,8,0
Antonio Mendes,Samurai,18,13,0
Chad Mendes,Money,18,5,0
Augusto Mendes,Tanquinho,6,2,0
Mateus Mendonca,Bocao,10,3,0
Pietro Menga,NA,13,0,0
Alonzo Menifield,Atomic,17,5,1
Ivan Menjivar,The Pride of El Salvador,25,12,0
Yaotzin Meza,NA,21,11,0
Jonathan Micallef,The Captain,8,1,0
Andreas Michailidis,The Spartan,13,6,0
Zachary Micklewright,NA,15,3,0
Bojan Mihajlovic,NA,10,6,0
Curtis Millender,Curtious,17,5,0
Dan Miller,NA,14,8,0
Jim Miller,A-10,38,19,0
Cole Miller,Magrinho,21,11,0
Mo Miller,Moshow,6,0,0
Juliana Miller,Killer,5,3,0
Che Mills,Beautiful,16,10,0
Adam Milstead,The Prototype,8,4,0
Alberto Mina,Soldier of God,13,1,0
Darrick Minner,NA,26,14,0
Carlton Minus,Clutch,10,3,0
Stipe Miocic,NA,20,5,0
Frank Mir,NA,18,11,0
Mario Miranda,NA,14,7,0
Vitor Miranda,Lex Luthor,12,5,0
Gabriel Miranda,Fly,17,8,0
David Mitchell,Daudi,22,7,0
Bryce Mitchell,Thug Nasty,17,4,0
Terrence Mitchell,NA,14,4,0
Matt Mitrione,NA,12,5,0
Hiromitsu Miura,NA,12,7,0
Patchy Mix,No Love,20,2,0
Takeya Mizugaki,NA,21,11,2
Roxanne Modafferi,The Happy Warrior,25,21,0
Bobby Moffett,The Wolfman,13,5,0
Nate Mohr,NA,9,7,0
Renato Moicano,NA,20,7,1
Thiago Moises,NA,19,9,0
Muhammad Mokaev,The Punisher,13,0,0
Ashkan Mokhtarian,The Assassin,13,3,0
Suman Mokhtarian,NA,8,5,0
Jeff Molina,El Jefe,11,2,0
Jeff Monson,The Snowman,60,26,1
Darrell Montague,Mongoose,13,5,0
Augusto Montano,Dodger,15,3,0
Erick Montano,Perry,7,5,0
Nicco Montano,NA,5,3,0
Antonio Monteiro,Junior Negao,17,5,1
Alberto Montes,The Promise,11,1,0
James Moontasri,Moon Walker,9,5,0
Todd Moore,NA,16,7,0
Taylor Moore,NA,10,5,0
Sergio Moraes,The Panther,14,6,1
Marlon Moraes,Magic,23,10,1
Sheymon Moraes,NA,11,4,0
John Moraga,NA,19,7,0
Albert Morales,The Warrior,7,4,1
Joseph Morales,NA,9,2,0
Vince Morales,Vandetta,16,10,0
Omar Morales,Venezuelan Fighter,11,4,0
Michael Morales,NA,18,0,0
Sarah Moras,Cheesecake,6,8,0
Christian Morecraft,NA,8,3,0
Vinicius Moreira,Mamute,9,5,0
Brandon Moreno,The Assassin Baby,23,8,2
Dan Moret,The Hitman,13,6,0
Alexander Morgan,The Chess Master,11,5,0
Alex Morono,The Great White,24,12,0
Maryna Moroz,Iron Lady,11,6,0
Sergey Morozov,NA,19,5,0
Carlos Mota,Tizil,8,2,0
Miki Motono,NA,8,5,0
Nikolas Motta,Iron,15,6,0
Eduarda Moura,Ronda,12,1,0
Gegard Mousasi,NA,42,6,2
Kris Moutinho,NA,14,7,0
Jamie Moyle,NA,4,3,0
Askar Mozharov,NA,19,13,0
Lauren Mueller,Princess Tiger,5,3,0
Belal Muhammad,Remember the Name,24,4,0
James Mulheron,NA,11,2,0
Jamie Mullarkey,NA,17,8,0
Melissa Mullins,No Mess,7,2,0
Pedro Munhoz,The Young Punisher,20,10,0
Andre Muniz,Sergipano,24,7,0
Mark Munoz,The Filipino Wrecking Machine,14,6,0
Alexander Munoz,NA,7,2,0
Johnny Munoz,Kid Kvenbo,12,4,0
Olivier Murad,Warrior of God,6,0,0
Makhmud Muradov,NA,26,8,0
Kanako Murata,NA,12,3,0
Vince Murdock,NA,12,4,0
Samandar Murodov,NA,11,0,0
Lauren Murphy,Lucky,16,7,0
Lerone Murphy,The Miracle,16,0,1
Jesse Murray,Hollywood,8,4,0
Khalid Murtazaliev,NA,14,2,0
Azamat Murzakanov,The Professional,15,0,0
Josias Musasa,The KO Wizard,8,1,0
Tofiq Musayev,NA,22,6,0
Nicholas Musoke,Nico,13,5,0
Magomed Mustafaev,The Sniper,14,4,0
Elvis Mutapcic,The King,15,6,1
Muhammad Naimov,Hillman,13,3,0
Yura Naito,2 FACE,6,1,0
Kazuhiro Nakamura,Kaz,21,13,0
Keita Nakamura,K-Taro,34,10,2
Rinya Nakamura,Hybred,9,1,0
Keiichiro Nakamura,NA,6,1,0
Tokitaka Nakanishi,Toky,12,4,0
Tyson Nam,NA,21,14,1
Rose Namajunas,Thug,15,7,0
Nad Narimani,Smiler,12,4,0
Allan Nascimento,Puro Osso,21,6,0
Rodrigo Nascimento,Ze Colmeia,11,3,0
Bobby Nash,NA,8,4,0
Nasrudin Nasrudinov,NA,9,1,0
Rafael Natal,Sapo,21,9,1
Kevin Natividad,Quicksand,9,4,0
Ismail Naurdiev,NA,24,8,0
Tafon Nchukwi,Da Don,6,4,0
Geoff Neal,Handz of Steel,16,6,0
Stanislav Nedkov,Stucky,12,2,0
Josh Neer,The Dentist,36,16,1
Nicolae Negumereanu,NA,13,2,0
Shane Nelson,Sugar,16,7,0
Roy Nelson,Big Country,22,14,0
Gunnar Nelson,Gunni,19,6,1
Kyle Nelson,The Monster,16,6,1
Antonio Braga Neto,NA,9,3,0
Eduardo Neves,Bebezao,7,2,0
Journey Newson,NA,10,5,0
Francis Ngannou,The Predator,17,3,0
Nghiem Van Y,NA,6,1,0
Ben Nguyen,Ten,16,8,0
Steven Nguyen,The Ninja,9,2,0
Alex Nicholson,The Spartan,7,4,0
Bo Nickal,NA,7,1,0
Matheus Nicolau,NA,19,6,1
Stewart Nicoll,Kakamora,8,1,0
Tom Niinimaki,Stoneface,22,8,1
Ramsey Nijem,NA,9,6,0
Guangyou Ning,Smasher,5,4,1
Anthony Njokuani,The Assassin,16,12,0
Chidi Njokuani,Bang Bang,25,11,0
Antonio Rodrigo Nogueira,Minotauro,34,10,1
Rogerio Nogueira,Minotouro,23,10,0
Kyle Noke,NA,22,10,1
Tom Nolan,Big Train,9,1,0
KJ Noons,King,13,9,0
Sage Northcutt,Super,11,2,0
Shohei Nose,NA,12,5,2
Phillipe Nover,The Filipino Assassin,11,8,1
Taiyilake Nueraji,Super Saiyan,9,1,0
Shayilan Nuerdanbieke,Wolverine,39,12,0
Diego Nunes,The Gun,19,7,0
Amanda Nunes,The Lioness,23,5,0
Nina Nunes,NA,11,7,0
Istela Nunes,NA,6,6,0
Josiane Nunes,Josi,10,4,0
Diyar Nurgozhay,NA,10,1,0
Khabib Nurmagomedov,The Eagle,29,0,0
Said Nurmagomedov,NA,18,4,0
Abubakar Nurmagomedov,NA,17,4,1
Umar Nurmagomedov,NA,18,1,0
Kennedy Nzechukwu,African Savage,14,6,0
Jake O'Brien,Irish,15,4,0
Sean O'Connell,The Real OC,17,9,0
Sean O'Malley,Suga,18,3,0
Casey O'Neill,King,10,2,0
Brendan O'Reilly,Badger,6,3,0
Jose Ochoa,Kalzifer,8,1,0
Christian Ocon,NA,2,1,0
Volkan Oezdemir,No Time,20,8,0
Kaan Ofli,Genghis,12,4,1
Trey Ogden,Shamurai,18,7,0
Andy Ogle,The Little Axe,9,6,0
Yushin Okami,Thunder,34,12,0
JJ Okanovich,The Bosnian Bomber,7,1,0
Bolaji Oki,The Zulu Warrior,10,2,0
Aleksei Oleinik,The Boa Constrictor,60,17,1
Michal Oleksiejczuk,Hussar,20,9,0
Rafaello Oliveira,Tractor,17,8,0
Charles Oliveira,Do Bronxs,35,11,0
Alex Oliveira,Cowboy,22,12,1
Maria Oliveira,Spider-Girl,13,7,0
Bruno Oliveira,NA,8,2,0
Saimon Oliveira,NA,18,6,0
Vinicius Oliveira,LokDog,22,3,0
Ravena Oliveira,Kenoudy,7,2,1
Cameron Olson,Cap'n Crunch,7,3,0
Gadzhi Omargadzhiev,NA,13,2,0
Daniel Omielanczuk,NA,19,8,1
Michihiro Omigawa,NA,17,14,1
David Onama,NA,14,2,0
Charlie Ontiveros,American Bad Boy,11,9,0
Myktybek Orolbai,NA,14,2,1
Brian Ortega,T-City,16,4,0
Tito Ortiz,The People's Champ,19,12,1
Dustin Ortiz,NA,19,8,0
Kenji Osawa,NA,20,11,2
Ode Osbourne,The Jamaican Sensation,13,8,0
Nick Osipczak,NA,6,3,0
Rachael Ostovich,NA,4,6,0
Quemuel Ottoni,NA,12,3,0
Zak Ottow,The Barbarian,17,7,0
Sidney Outlaw,NA,8,4,0
Alistair Overeem,The Demolition Man,47,19,0
Ren Ozaki,NA,6,1,2
Alptekin Ozkilic,The Turkish Delight,9,5,0
Nick Pace,NA,8,3,0
Angel Pacheco,NA,7,3,0
Teemu Packalen,Pacu,8,3,0
Fernando Padilla,El Valiente,16,6,0
Chris Padilla,Taco,16,6,0
Damacio Page,The Angel of Death,19,10,0
Michael Page,Venom,23,3,0
Dustin Pague,The Disciple,12,11,0
Raulian Paiva,NA,21,5,0
Dinis Paiva Jr.,Sweetbread,13,8,0
Fredson Paixao,NA,10,5,0
Luis Pajuelo,Corazon de Leon,8,2,0
Bart Palaszewski,Bartimus,36,17,0
Sasha Palatnikov,NA,6,4,0
Soa Palelei,The Hulk,22,5,0
Rousimar Palhares,Toquinho,19,8,0
Ruel Panales,NA,6,2,0
Yuri Panferov,The Russian Polar Bear,6,1,0
Alexandre Pantoja,The Cannibal,30,5,0
Jared Papazian,The Jackhammer,20,13,0
Kathryn Paprocki,NA,3,2,0
Josh Parisian,NA,15,8,0
Karo Parisyan,The Heat,24,11,0
JunYong Park,The Iron Turtle,19,6,0
Harvey Park,Fightbot,12,3,0
HyunSung Park,Peace of Mind,10,0,0
JaeHyun Park,The First Prospect,8,3,0
EoJin Park,Young Boss,9,2,1
Norman Parke,Stormin',23,6,1
Mick Parkin,NA,10,1,0
Preston Parsons,Pressure,11,6,0
Jonny Parsons,The Sluggernaut,9,3,0
Ramona Pascual,NA,6,5,0
Billy Pasulatan,NA,10,3,0
Jhonoven Pati,The Samoan Savage,6,4,0
Windri Patilima,NA,8,1,0
Claude Patrick,The Prince,14,2,0
Alan Patrick,Nuguette,15,4,0
Sam Patterson,NA,13,2,1
Zac Pauga,The High Chief,7,3,0
Thomas Paull,Juggernaut,11,4,0
Sergei Pavlovich,NA,19,3,0
Pawel Pawlak,NA,12,3,0
Jonathan Pearce,JSP,14,7,0
Ross Pearson,The Real Deal,20,16,0
Carlo Pedersoli Jr.,Semento,11,3,0
Tyson Pedro,NA,10,5,0
Trevor Peek,NA,9,3,0
Kurt Pellegrino,Batman,16,7,0
Julianna Pena,The Venezuelan Vixen,13,6,0
Luis Pena,Violent Bob Ross,9,3,0
Matej Penaz,Money,6,1,0
Cathal Pendred,The Punisher,17,4,1
BJ Penn,The Prodigy,16,14,2
Jessica Penne,NA,14,9,0
Raquel Pennington,Rocky,16,10,0
Tecia Pennington,Tiny Tornado,15,7,0
Godofredo Pepey,NA,13,6,0
Robert Peralta,Problems,18,8,0
Viviane Pereira,Sucuri,13,2,0
Michel Pereira,Demolidor,31,13,0
Alex Pereira,Poatan,12,3,0
Erik Perez,Goyito,17,6,0
Alejandro Perez,Turbo,23,9,1
Frankie Perez,NA,10,4,0
Alex Perez,NA,25,9,0
Markus Perez,Maluko,12,5,0
Ailin Perez,Fiona,12,2,0
Anthony Perosh,The Hippo,15,10,0
Jay Perrin,The Joker,10,7,0
Mike Perry,Platinum,14,8,0
Raphael Pessoa,Bebezao,10,2,0
Viktor Pesta,NA,10,4,0
Thomas Petersen,The Train,10,3,0
Steven Peterson,Ocho,19,11,0
Vitor Petrino,NA,12,2,0
Andre Petroski,NA,13,5,0
Armen Petrosyan,Superman,9,5,0
Ivana Petrovic,NA,7,3,0
Seth Petruzelli,The Silverback,14,8,0
Peter Petties,The Joker,5,3,0
Anthony Pettis,Showtime,24,10,0
Sergio Pettis,NA,18,5,0
Forrest Petz,The Meat Cleaver,26,10,0
Cody Pfister,The Fist,13,6,1
Nam Phan,NA,21,17,0
Constantinos Philippou,NA,13,5,0
Aaron Phillips,The Dragon,12,5,0
Elizabeth Phillips,NA,6,6,0
John Phillips,The Welsh Wrecking Machine,22,11,0
Kyler Phillips,The Matrix,12,3,0
Mario Piazzon,NA,8,0,0
Nick Piccininni,NA,7,1,0
Vinc Pichel,From Hell,14,5,0
Brad Pickett,One Punch,25,14,0
Jamie Pickett,The Night Wolf,13,11,0
Oskar Piechota,Imadlo,11,3,1
Mike Pierce,NA,17,7,0
Jonathan Piersma,Warhawk,9,3,0
Sean Pierson,The Punisher,14,6,0
Domingo Pilarte,Son of Fire,8,3,0
Paddy Pimblett,The Baddy,23,3,0
Daniel Pineda,The Pit,28,17,0
Pingyuan Liu,NA,13,7,0
Luana Pinheiro,NA,11,5,0
Mario Pinto,NA,10,0,0
Gaetano Pirrello,El Tigre,15,7,1
Maki Pitolo,Coconut Bombz,13,9,0
Jamal Pogues,NA,11,5,0
Dustin Poirier,The Diamond,30,9,0
Igor Pokrajac,The Duke,28,13,0
Julia Polastri,Psycho,13,5,0
Santiago Ponzinibbio,Argentine Dagger,31,9,0
Grigory Popov,NA,13,3,0
Parker Porter,NA,14,9,0
Ihor Potieria,Duelist,20,8,0
Callan Potter,The Rockstar,18,9,0
Dylan Potter,Big Poppa,10,6,0
Ruan Potts,Fangzz,11,6,0
Devin Powell,NA,9,4,0
Marcin Prachnio,NA,17,8,0
Wagner Prado,Caldeirao,12,3,0
Francisco Prado,NA,12,3,0
Trevor Prangley,NA,34,11,2
Ricardo Prasel,Alemao,10,2,0
Carlo Prater,Neo,31,18,1
Carlos Prates,The Nightmare,21,7,0
Michel Prazeres,Tractor,26,4,0
Kyle Prepolec,Killshot,18,9,0
Niko Price,The Hybrid,16,9,0
Jiri Prochazka,NA,31,5,1
Lara Procopio,NA,7,2,0
Joe Proctor,NA,11,5,0
Cole Province,NA,6,2,0
Lucie Pudilova,NA,14,10,0
Claudio Puelles,Prince of Peru,13,4,0
Juan Puerta,Leadfeather,23,6,0
Jens Pulver,Little Evil,27,19,1
Andrey Pulyaev,NA,9,3,0
CM Punk,NA,0,1,0
Joe Pyfer,Bodybagz,14,3,0
Mike Pyle,Quicksand,27,14,1
Pat Pytlik,NA,9,2,0
Qiu Lun,Tibetan Knight,16,9,0
Billy Quarantillo,NA,18,7,0
Nate Quarry,Rock,12,4,0
Josh Quinlan,Bushido,6,3,0
Michel Quinones,El Capo,8,3,0
Landon Quinones,The Lone Wolf,7,3,1
Jose Quinonez,Teco,9,5,0
Cristian Quinonez,Problema,18,5,0
Charles Radtke,Chuck Buffalo,10,5,0
Loik Radzhabov,The Tajik Tank,18,6,1
Ricky Rainey,The Sniper,12,6,0
Shavkat Rakhmonov,Nomad,19,0,0
Aleksandar Rakic,Rocket,14,5,0
Zygimantas Ramaska,NA,9,3,0
Mitch Ramirez,NA,8,3,0
Ricardo Ramos,NA,17,7,0
Davi Ramos,Tasmanian Devil,10,4,0
Dorian Ramos,NA,8,3,0
Mitch Raposo,NA,9,3,0
Ed Ratcliff,9mm,7,3,0
Bec Rawlings,Rowdy,7,8,0
Stevie Ray,Braveheart,23,9,0
Abdul Razak Alhassan,NA,12,7,0
Mateusz Rebecki,NA,20,2,0
Rafael Rebello,Rafinha,9,4,0
Greg Rebello,Ribz,24,8,0
Karl Reed,No Worries,6,1,0
Elise Reed,NA,8,5,0
Zachary Reese,Savage,9,2,0
Stephen Regman,NA,9,4,0
Wilson Reis,NA,23,10,0
Goran Reljic,NA,15,8,0
Ren Yawei,NA,9,3,0
Paulo Renato Junior,NA,12,3,0
Chance Rencountre,Black Eagle,14,4,0
Montserrat Rendon,Monster,6,1,0
Marion Reneau,The Belizean Bruiser,9,8,1
Solomon Renfro,The Black Dragon,8,2,0
Marco Polo Reyes,NA,8,7,0
Dominick Reyes,The Devastator,15,4,0
Alex Reyes,The Executioner,13,5,0
Victor Reyna,Kelevra,11,5,0
Mike Rhodes,Biggie,10,5,0
Amanda Ribas,NA,13,6,0
Claudio Ribeiro,NA,11,5,0
Brendson Ribeiro,The Gorilla,17,8,0
Esteban Ribovics,El Gringo,14,2,0
Mike Ricci,The Martian,11,5,0
Tabatha Ricci,Baby Shark,11,3,0
Brad Riddell,Quake,10,4,0
Matthew Riddle,Deep Waters,8,3,0
Joe Riggs,Diesel,44,17,0
Aaron Riley,NA,30,14,1
Jordan Rinaldi,All Day,14,7,0
Nick Ring,The Promise,14,4,0
Robbie Ring,Razor,6,1,0
Mike Rio,The Wolverine,10,5,0
Diego Rivas,Pitbull,10,2,0
Jorge Rivera,El Conquistador,20,9,0
Francisco Rivera,Cisco,11,7,0
Jimmie Rivera,El Terror,23,5,0
Irwin Rivera,The Beast,10,6,0
Jerome Rivera,Renegade,10,6,0
Theo Rlayang,Jungle King,5,1,0
Kali Robbins,Pop Tart,6,3,0
Karl Roberson,Baby K,9,6,0
Daniel Roberts,Ninja,15,7,0
Danny Roberts,Hot Chocolate,18,8,0
Roosevelt Roberts,The Predator,12,6,0
Kenny Robertson,NA,15,5,0
Gillian Robertson,The Savage,16,8,0
Alvin Robinson,NA,15,9,0
Vagner Rocha,Ceara,14,4,0
Carlos Eduardo Rocha,Ta Danado,9,4,0
Lucas Rocha,Fenomeno,17,2,0
Luke Rockhold,NA,16,6,0
Gregory Rodrigues,Robocop,17,6,0
Kleydson Rodrigues,KR,8,4,0
Yair Rodriguez,El Pantera,21,6,0
Mike Rodriguez,Slo Mike,11,7,0
Marina Rodriguez,NA,17,6,2
Daniel Rodriguez,D-Rod,19,5,0
Ray Rodriguez,The Judge,16,8,0
Ronaldo Rodriguez,Lazy Boy,17,3,0
Drako Rodriguez,NA,7,3,0
Victor Rodriguez,Vicious,7,4,0
Piera Rodriguez,La Fiera,10,2,0
Christian Rodriguez,NA,12,3,0
Pete Rodriguez,Dead Game,5,2,0
Marcos Rogerio de Lima,Pezao,22,10,1
Brett Rogers,The Grim,17,10,0
Max Rohskopf,Rated R,5,1,0
Marcelo Rojo,Pitbull,16,10,0
Shane Roller,NA,11,7,0
Alexandr Romanov,King Kong,18,3,0
Ricardo Romero,NA,11,3,0
Yoel Romero,Soldier of God,13,5,0
Anthony Romero,The Genius,8,0,0
Kaleio Romero,KO,6,2,0
Roberto Romero,El Charro Negro,8,5,1
Mara Romero Borella,NA,12,9,0
Cortavious Romious,NA,9,4,0
Juancamilo Ronderos,100,4,2,0
Jesse Ronson,The Body Snatcher,21,12,0
George Roop,NA,15,13,1
Aaron Rosa,NA,18,6,0
Charles Rosa,Boston Strong,14,8,0
Karol Rosa,NA,18,7,0
Jacob Rosales,The Lil Badger,13,7,0
Raul Rosas Jr.,El Nino Problema,11,1,0
Hilarie Rose,NA,4,2,0
Jared Rosholt,NA,14,4,0
Shannon Ross,The Turkish Delight,13,9,0
Ben Rothwell,NA,39,14,0
Khalil Rountree Jr.,NA,15,6,0
Ronda Rousey,Rowdy,12,2,0
Phil Rowe,The Fresh Prince,11,5,0
Cam Rowston,Battle Giraffe,8,3,0
Brandon Royval,Raw Dawg,17,8,0
Jairzinho Rozenstruik,Bigi Boy,15,6,0
Mauricio Rua,Shogun,27,14,1
Mauricio Ruffy,NA,12,1,0
Montserrat Conejo Ruiz,NA,10,4,0
Mike Russow,NA,15,3,0
Mashrabjon Ruzibaev,Black Junior,20,4,1
Nursulton Ruziboev,Black,36,9,2
Cameron Saaiman,MSP,9,3,0
Danny Sabatello,Italian Gangster,9,1,0
Pat Sabatini,NA,20,5,0
Amir Sadollah,NA,6,5,0
Nazim Sadykhov,Black Wolf,11,1,1
Frankie Saenz,NA,13,7,0
Saparbeg Safarov,NA,9,3,0
Tarec Saffiedine,Sponge,16,7,0
Jason Saggo,NA,12,4,0
Kiru Sahota,NA,12,3,0
Tatsuya Saika,Yanbo,11,5,0
Mridul Saikia,Crusher,8,1,0
Benoit Saint Denis,God of War,14,3,0
Ovince Saint Preux,NA,27,18,0
Lukasz Sajewski,Wookie,13,3,0
Augusto Sakai,NA,16,5,1
Alessio Sakara,Legionarius,19,11,0
Gokhan Saki,The Rebel,1,2,0
Justin Salas,J-Bomb,12,7,0
Luis Saldana,NA,16,7,1
Muslim Salikhov,King of Kung Fu,21,5,0
Quillan Salkilld,NA,9,1,0
Boston Salmon,Boom Boom,6,3,0
John Salter,NA,14,3,0
Vinicius Salvador,NA,14,7,0
Dylan Salvador,NA,5,2,0
Josh Samman,Anqa,13,4,0
Josh Sampo,The Gremlin,11,5,0
Diego Sanchez,Nightmare,31,13,0
Eddie Sanchez,The Manic Hispanic,15,8,0
Joby Sanchez,NA,11,4,0
Andrew Sanchez,El Dirte,13,7,0
Robert Sanchez,Littlefury,8,2,0
Luke Sanders,Cool Hand,13,5,0
Jerrod Sanders,J-Reazie,16,3,0
Cory Sandhagen,NA,18,5,0
Hector Sandoval,Kid Alex,14,4,0
Martin Sano,Spartan,4,3,1
Duda Santana,Cowboyzinha,3,1,0
Shaheen Santana,Shazam,6,1,0
Jorge Santiago,The Sandman,25,12,0
Mike Santiago,NA,19,12,0
Richie Santiago,The Milford Mauler,7,2,0
Evangelista Santos,Cyborg,21,18,0
Iliarde Santos,NA,30,13,1
Leonardo Santos,NA,18,7,1
Thiago Santos,Marreta,22,11,0
Yana Santos,NA,16,8,0
Taila Santos,NA,19,3,0
Edivan Santos,Pe De Sapo,12,3,1
Daniel Santos,Willycat,13,2,0
Gabriel Santos,Mosquitinho,12,2,0
Luana Santos,NA,9,2,0
Djorden Santos,Shakur,10,2,0
Mairon Santos,The Legend,17,1,0
Daniel Sarafian,NA,10,6,0
Jeka Saragih,NA,14,5,0
Yuta Sasaki,Ulka,21,6,2
Paul Sass,NA,14,2,0
Keisuke Sasu,Sasuke,11,3,1
Takashi Sato,Ten,16,7,0
Shogo Sato,Tora,5,1,0
Uran Satybaldiev,Gorilla,9,1,0
Ben Saunders,Killa B,22,13,2
Christien Savoie,The Tiger,10,2,1
Matt Sayles,NA,8,4,0
Mikheil Sazhiniani,Spartan,13,3,0
Eric Schafer,Red,14,8,2
Brendan Schaub,Big Brown,10,5,0
Matheus Scheffel,Buffa,14,7,0
Matt Schnell,Danger,17,9,0
Bailey Schoenfelder,Berserk,5,1,0
Wes Schultz,Party Time,6,2,0
Justin Scoggins,NA,11,5,0
Brad Scott,Bear,11,6,0
Zachary Scroggin,NA,7,1,0
Neil Seery,2Tap,16,13,0
Stefan Sekulic,NA,12,4,0
Pete Sell,Drago,10,7,0
Matthew Semelsberger,Semi The Jedi,11,8,0
Mackens Semerzier,Da Menace,8,4,0
YeDam Seo,NA,7,4,0
DongHyun Seo,Pinnacle,7,3,1
Alex Serdyukov,The Russian Crusher,8,5,0
Matt Serra,The Terra,11,7,0
Fredy Serrano,El Profe,3,2,0
Igor Severino,NA,8,1,0
Edmen Shahbazyan,The Golden Boy,15,5,0
Leon Shahbazyan,NA,7,2,0
Don Shainis,Shameless,12,5,0
Liliya Shakirova,NA,8,2,0
Kamal Shalorus,Prince of Persia,9,5,2
Ken Shamrock,The World's Most Dangerous Man,28,17,2
Shang Zhifa,Northeast Flying Tiger,32,8,0
Sean Sharaf,The Smoke,4,1,0
Priya Sharma,The Catwoman,5,2,0
Eric Shelton,Showtime,12,6,0
Sean Sherk,The Muscle Shark,36,4,1
Chase Sherman,The Vanilla Gorilla,16,12,0
Valentina Shevchenko,Bullet,25,4,1
Antonina Shevchenko,La Pantera,10,4,0
Shi Ming,NA,17,5,0
Jake Shields,NA,31,9,1
Henrique Shiguemoto,NA,13,4,1
Liudvik Sholinian,Palmeyros,9,4,1
Jack Shore,Tank,17,3,0
Ivan Shtyrkov,Ural Hulk,15,0,1
Ronal Siahaan,Naga Sakti,7,1,0
Sam Sicilia,NA,15,8,0
Serhiy Sidey,NA,12,2,0
Steven Siler,Super,29,16,0
Anderson Silva,The Spider,34,11,0
Wanderlei Silva,The Axe Murderer,35,13,1
Thiago Silva,NA,19,6,0
Antonio Silva,Bigfoot,19,12,1
Erick Silva,NA,19,9,0
Leandro Silva,Buscape,20,6,1
Claudio Silva,Hannibal,14,4,0
Joaquim Silva,Netto BJJ,13,6,0
Felipe Silva,NA,8,2,0
Bruno Silva,Bulldog,14,7,2
Bruno Silva,Blindado,23,13,0
Gabriel Silva,NA,8,2,0
Jacob Silva,Lil Animal,6,4,0
Natalia Silva,NA,19,5,1
Jansey Silva,Jones,7,2,0
Maria Silva,Viuva Negra,8,1,0
Karine Silva,Killer,18,5,0
Erik Silva,The King,9,3,0
Janaina Silva,Jana-Iron-Hand,5,1,0
Jhonata Silva,NA,8,2,0
Jean Silva,Lord,16,2,0
Danny Silva,El Puma,10,1,0
Douglas Silva de Andrade,D Silva,29,6,0
Elias Silverio,Xuxu,13,3,0
Sim Kai Xiong,Kobra,7,1,0
Jamey Simmons,The Afro Samurai,7,4,0
Ricky Simon,NA,22,6,0
Aaron Simpson,A-Train,12,5,0
Tony Sims,NA,12,4,0
Everett Sims,Sexual Chocolate,4,1,0
Rory Singer,Outburst,11,9,0
Rana Rudra Pratap Singh,Ashwathama,11,2,0
Kiran Singh,Stubborn,7,4,0
Elvis Sinosic,The King of Rock n' Rumble,7,11,2
Gian Siqueira,Pitbull,19,5,0
Jeremia Siregar,The Teacher,6,3,0
Dennis Siver,NA,23,11,0
Chas Skelly,The Scrapper,19,3,0
Scott Smith,Hands of Steel,18,11,0
Trevor Smith,Hot Sauce,15,10,0
Anthony Smith,Lionheart,38,22,0
Colton Smith,NA,7,4,0
Leslie Smith,The Peacemaker,10,7,1
Devonte Smith,King Kage,11,4,0
Cole Smith,The Cole Train,7,2,0
Nate Smith,The Savage,6,1,0
Braxton Smith,The Beautiful Monster,5,2,0
Elijah Smith,Swift,8,1,0
Jacobe Smith,Cobe,11,0,0
Dmitrii Smoliakov,The Lifeguard,9,3,0
Louis Smolka,Da Last Samurai,17,9,0
Cameron Smotherman,The Baby-Faced Killa,12,6,0
Shimon Smotritsky,The Assassin,8,2,0
Richie Smullen,NA,3,1,1
Devin Smyth,NA,4,2,0
Peter Sobotta,NA,17,7,1
Renato Sobral,Babalu,37,11,0
Rameau Thierry Sokoudjou,The African Assassin,18,18,0
Alexander Soldatkin,NA,14,4,0
Joe Solecki,NA,13,6,0
Song Kenan,The Assassin,22,9,0
Song Yadong,Kung Fu Kid,22,8,1
YoungJae Song,Super Rookie,6,1,1
Emrah Sonmez,Anatolian Wolf,14,5,0
Chael Sonnen,NA,29,15,1
Jin Soo Son,NA,9,4,0
Benardo Sopaj,Lion King,12,3,0
Sean Soriano,NA,14,8,0
Punahele Soriano,Puna,11,4,0
Dmitry Sosnovskiy,Wicked Machine,11,0,0
Ben Sosoli,Combat Wombat,7,3,0
Krzysztof Soszynski,The Polish Experiment,26,12,1
George Sotiropoulos,NA,14,7,0
Greg Soto,NA,9,4,0
Joe Soto,One Bad Mofo,18,7,0
Andre Soukhamthath,The Asian Sensation,13,8,0
Mario Sousa,Coracao Valente,15,3,0
Jacare Souza,NA,26,10,0
Edimilson Souza,Kevin,15,5,0
Livinha Souza,The Brazilian Gangsta,14,4,0
Bruno Souza,The Tiger,10,3,0
Ketlen Souza,Esquentadinha,15,5,0
Heraldo Souza,Savage,9,2,1
Ryan Spann,Superman,22,11,0
Tommy Speer,NA,21,7,0
Sean Spencer,Black Magic,12,6,0
Felicia Spencer,FeeNom,9,3,0
Eric Spicely,Zebrinha,12,6,0
Daniel Spitz,NA,6,3,0
Serghei Spivac,Polar Bear,17,6,0
Daniel Spohn,Dragon,15,6,0
Austin Springer,NA,12,4,0
Georges St-Pierre,Rush,26,2,0
Ron Stallings,The Choir Boy,14,8,0
Cody Stamann,The Spartan,21,8,1
Brian Stann,All American,12,6,0
Josh Stansbury,The Sandman,4,8,0
Clifford Starks,NA,13,3,0
Kalib Starnes,NA,17,11,1
Laureano Staropoli,Pepi,9,5,0
Damian Stasiak,Webster,10,6,0
Dominique Steele,Non-Stop Action-Packed,14,9,0
Ricky Steele,The Karate Kid,6,0,0
Kody Steele,NA,7,1,0
Steve Steinbeiss,The Hooligan,9,4,0
Jeremy Stephens,Lil' Heathen,28,20,0
Aljamain Sterling,Funk Master,24,5,0
Joe Stevenson,Daddy,33,16,0
Maia Stevenson,NA,6,5,0
Darren Stewart,The Dentist,12,8,0
Kyle Stewart,Gunz Up,11,3,0
Navajo Stirling,NA,7,0,0
Lazar Stojadinovic,The Bronx Bomber,12,5,0
Julija Stoliarenko,NA,11,9,2
Dustin Stoltzfus,NA,16,7,0
Niklas Stolze,Green Mask,12,6,0
Ken Stone,NA,11,4,0
Rick Story,The Horror,19,9,0
Darko Stosic,NA,13,4,0
Sam Stout,Hands of Stone,20,12,1
Jesse Strader,Sui Generis,5,3,0
Sean Strickland,NA,29,7,0
Mark Striegl,Mugen,18,4,0
Stefan Struve,Skyscraper,33,13,0
Tatiana Suarez,NA,11,1,0
Lucasz Sudolski,NA,8,1,0
George Sullivan,The Silencer,17,7,0
Justin Sumter,NA,7,3,0
Rama Supandhi,Hellboy,8,4,0
Daniel Swain,NA,20,10,1
Cub Swanson,NA,30,14,0
Mike Swick,Quick,15,6,0
Oumar Sy,NA,11,1,0
Klaudia Sygula,NA,7,2,0
Kevin Syler,El Nino Bala,10,1,0
Tim Sylvia,The Maine-iac,31,10,0
Kevin Szaflarski,NA,11,2,0
Sebastian Szalay,Seb,9,1,0
Bartosz Szewczyk,NA,8,3,1
Justin Tafa,Bad Man,7,5,0
Junior Tafa,The Juggernaut,6,4,0
Khalid Taha,The Warrior,13,5,0
Tatsuro Taira,NA,16,1,0
Mairbek Taisumov,Beckan,27,6,0
Payton Talbott,NA,10,1,0
Nordine Taleb,NA,15,7,0
Murtaza Talha,NA,6,1,0
Akitoshi Tamura,The Ironman,21,18,2
Issei Tamura,NA,10,8,0
Michinori Tanaka,NA,11,3,0
Evan Tanner,NA,32,8,0
Kasey Tanner,NA,6,1,0
Otari Tanzilovi,NA,9,1,0
Manny Tapia,The Mangler,12,14,1
Miesha Tate,Cupcake,20,10,0
Aaron Tau,Tauzemup,10,1,0
Deividas Taurosevicius,NA,17,5,0
Thiago Tavares,NA,21,7,1
Brad Tavares,NA,21,11,0
Ramon Taveras,The Savage,10,3,0
Paul Taylor,Relentless,11,6,1
Jesse Taylor,JT Money,31,15,0
Danielle Taylor,Dynamite,9,4,0
James Te Huna,NA,16,9,0
Cam Teague,Chaos,7,1,0
Glover Teixeira,NA,33,9,0
Tallison Teixeira,Xicao,8,1,0
Ramazan Temirov,Temurlan,19,3,0
Taneisha Tennant,Triple Threat,5,1,0
David Teymur,NA,8,2,0
Daniel Teymur,Kid Dynamite,7,4,0
Alexia Thainara,Burguesinha,12,1,0
Brandon Thatch,Rukus,11,5,0
Elias Theodorou,The Spartan,16,3,0
Paulo Thiago,NA,18,9,0
Colby Thicknesse,Slickness,7,1,0
Nick Thompson,The Goat,38,14,1
Oli Thompson,NA,17,10,0
Stephen Thompson,Wonderboy,17,9,1
Josh Thomson,The Punk,22,9,0
Simeon Thoresen,The Grin,17,6,1
Gleison Tibau,NA,33,14,0
Darren Till,The Gorilla,18,5,1
Rio Tirto,NA,8,1,0
Denis Tiuliulin,NA,10,10,0
Dusko Todorovic,Thunder,12,6,0
Tuco Tokkos,NA,11,5,0
Kazuki Tokudome,NA,18,7,1
Puja Tomar,Cyclone,9,5,0
Tyler Toner,NA,15,7,0
Ilia Topuria,El Matador,17,0,0
Aleksandre Topuria,El Conquistador,6,1,0
Miguel Torres,NA,44,9,0
Jose Torres,Shorty,8,1,0
Desmond Torres,NA,7,2,0
Manuel Torres,El Loco,16,3,0
Eduardo Torres Caut,Cyborg,16,2,0
Salim Touahri,Grizzly,10,4,0
Dequan Townsend,The Tarantula,21,12,0
Francisco Trevino,Sitkayan,13,3,0
Frank Trigg,Twinkle Toes,21,9,0
Francisco Trinaldo,Massaranduba,28,9,0
Michael Trizano,The Lone Wolf,11,3,0
Antonio Trocoli,Malvado,12,5,0
Abel Trujillo,Killa,15,8,0
Arman Tsarukyan,Ahalkalakets,22,3,0
Rei Tsuruya,NA,10,1,0
Chris Tuchscherer,The Crowbar,21,4,0
Jon Tuck,Super Saiyan,10,5,0
Gavin Tucker,Guv'nor,13,3,0
Tai Tuivasa,Bam Bam,15,8,0
Zubaira Tukhugov,Warrior,20,6,1
Marco Tulio,Matuto,14,1,0
Nyamjargal Tumendemberel,Art of Knockout,8,1,0
Albert Tumenov,Einstein,18,4,0
Ricky Turcios,NA,13,5,0
Anton Turkalj,The Pleasure Man,8,4,0
Wellington Turman,The Prodigy,18,8,0
Jalin Turner,The Tarantula,14,9,0
Marcin Tybura,Tybur,27,9,0
Takeru Uchida,NA,6,1,0
Tagir Ulanbekov,NA,17,2,0
Carlos Ulberg,Black Jag,13,1,0
Gasan Umalatov,Cobra,17,4,2
Caol Uno,Uno Shoten,33,19,5
Logan Urban,Hulk,5,1,0
Hector Urbina,El Toro,17,10,1
Elias Urbina,NA,3,1,0
Gilbert Urbina,The RGV Bad Boy,7,4,0
Nick Urso,NA,10,3,0
Sho Patrick Usami,Savage,4,1,0
Kamaru Usman,The Nigerian Nightmare,21,4,0
Mohammed Usman,The Motor,12,4,0
Darren Uyenoyama,BC,10,6,0
Richie Vaculik,Vas,10,4,0
Artem Vakhitov,NA,3,1,0
Genaro Valdez,Rayadito,10,3,0
Charlie Valencia,NA,12,7,0
Robert Valentin,Robzilla,11,5,0
Ivan Valenzuela,Bam Bam,8,2,0
Timur Valiev,Lucky,18,3,0
Kevin Vallejos,El Chino,15,1,0
Isaac Vallie-Flagg,NA,16,7,1
Joshua Van,The Fearless,15,2,0
Cameron VanCamp,Jumpman,15,7,1
Jared Vanderaa,NA,12,10,0
Austin Vanderford,NA,13,2,0
Lando Vannata,Groovy,12,7,2
Paige VanZant,12 Gauge,8,5,0
Kazula Vargas,NA,12,5,0
Jamie Varner,NA,21,11,1
Javier Vazquez,Showtime,16,5,0
Manny Vazquez,NA,11,2,0
Greg Velasco,The Viking King,6,1,0
Cain Velasquez,NA,14,3,0
Bojan Velickovic,Serbian Steel,15,6,1
Karlos Vemola,NA,17,5,0
Luigi Vendramini,The Italian Stallion,9,3,0
Brandon Vera,The Truth,15,7,0
Marlon Vera,Chito,23,10,1
Carlos Vera,Pequeno,12,4,0
Isis Verbeek,Fight Queen,5,2,0
Nikolay Veretennikov,NA,12,6,0
CJ Vergara,NA,12,7,1
Marvin Vettori,The Italian Dream,19,8,1
Hugo Viana,Wolverine,8,4,0
Polyana Viana,Dama de Ferro,13,8,0
James Vick,The Texecutioner,13,5,0
Tamires Vidal,Tractor,7,4,0
Reginaldo Vieira,NA,13,5,0
Ketlen Vieira,Fenomeno,15,4,0
Rodolfo Vieira,NA,10,3,0
Gian Villante,NA,17,14,0
Ike Villanueva,Hurricane,18,14,0
Armando Villarreal,La Lumbre,5,2,0
Yuri Villefort,NA,10,5,0
Brandon Visher,The Viper,13,3,0
Cheyanne Vlismas,The Warrior Princess,7,3,0
Bobby Voelker,Vicious,19,13,0
Mateo Vogel,Carrapato,8,3,0
Danylo Voievodkin,NA,7,0,0
Alexander Volkanovski,The Great,27,4,0
Jacob Volkmann,Christmas,19,7,0
Alexander Volkov,Drago,38,11,0
Jordan Vucenic,The Epidemic,13,4,0
Chris Wade,NA,12,3,0
TJ Waldburger,NA,16,9,0
Chase Waldon,NA,11,2,0
Johnny Walker,NA,21,9,0
Brogan Walker,The Bear,8,4,0
Valter Walker,The Clean Monster,14,1,0
Julius Walker,Juice Box,6,1,0
Rodney Wallace,Shonuff the Master,26,15,1
Randall Wallace,Braveheart,15,6,0
James Wallace,Jesse,5,2,0
Richard Walsh,Filthy Rich,9,5,0
Wang Cong,The Joker,8,1,0
Joshua Wang-Kim,Twin Dragon,5,2,0
Curt Warburton,NA,13,6,0
Terrion Ware,Flash,17,9,0
Dominic Waters,Sho Nuff,9,5,0
Trey Waters,The Truth,9,1,0
Michelle Waterson-Gomez,The Karate Hottie,18,13,0
Walel Watson,The Gazelle,14,10,0
Tom Watson,Kong,17,9,0
Brok Weaver,Chata Tuska,15,6,0
Royston Wee,NA,4,1,0
Darian Weeks,NA,5,3,0
Joshua Weems,Wide Open,11,3,0
Chris Weidman,The All-American,16,8,0
Christian Wellisch,The Hungarian Nightmare,8,5,0
Malcolm Wellmaker,The Machine,10,0,0
Jeremiah Wells,NA,12,4,1
Fabricio Werdum,Vai Cavalo,24,9,1
Sheldon Westcott,NA,10,3,1
Coty Wheeler,Ox,14,5,0
Alex White,The Spartan,13,6,0
Craig White,The Thundercat,14,9,0
Patrik White,Primetime,9,2,0
Robert Whiteford,The Hammer,14,4,0
Garett Whiteley,Goodnight,7,3,0
Emily Whitmire,Spitfire,4,5,0
Robert Whittaker,The Reaper,27,8,0
Josh Wick,The White Mamba,12,6,0
Adam Wieczorek,Siwy,10,2,0
Mike Wilkinson,The Warrior,9,4,0
Rob Wilkinson,Razor,11,2,0
James Wilks,Lightning,7,4,0
Patrick Williams,The Animal,8,6,0
Tim Williams,The South Jersey Strangler,15,5,0
Jordan Williams,Bomaye,9,6,0
Cole Williams,Havoc,11,3,0
Khaos Williams,The OxFighter,15,5,0
Karl Williams,NA,10,2,0
Justin Willis,Big Pretty,8,2,0
Chris Wilson,The Professor,18,10,0
Jonathan Wilson,Johnny Bravo,7,3,0
Westin Wilson,NA,17,9,0
Matt Wiman,NA,16,10,0
Eddie Wineland,NA,24,16,1
Deron Winn,NA,7,3,0
Andre Winner,NA,21,11,2
Jason Witt,The Vanilla Gorilla,19,9,0
Danyelle Wolf,NA,1,1,0
Joanne Wood,JoJo,17,8,0
Nathaniel Wood,The Prospect,21,6,0
Val Woodburn,The Animal,7,2,0
Tyron Woodley,The Chosen One,19,7,1
Sean Woodson,The Sniper,13,2,1
Khama Worthy,The Death Star,16,9,0
Jordan Wright,The Beverly Hills Ninja,12,5,0
Wu Yanan,Mulan,13,6,0
Wuziazibieke Jiahefu,Prairie Kitty,29,12,1
Xiao Long,NA,27,9,0
Xie Bin,The Stalker,13,5,0
Rani Yahya,NA,28,12,1
Mohammad Yahya,The UAE Warrior,12,5,0
Alexander Yakovlev,Russian Thunder,24,10,1
Norifumi Yamamoto,Kid,18,6,0
Wataru Yamauchi,NA,7,2,0
Yan Xiaonan,NA,19,5,0
Petr Yan,No Mercy,18,5,0
Yan Qihui,Queen Kong,25,5,0
Adam Yandiev,Boroda,9,1,0
Adrian Yanez,NA,17,6,0
Dongi Yang,The Ox,13,3,0
Yin Shuai,Black Panther,18,5,0
Ashley Yoder,SpiderMonkey,8,9,0
SangHoon Yoo,Assassin,8,2,0
JooSang Yoo,Zombie Jr.,9,0,0
ChangMin Yoon,The Big Heart,8,2,1
Yoshiyuki Yoshida,Zenko,18,9,0
Kai Yoshida,Scorpion,6,2,0
SuYoung You,Yoo-Jitsu,15,3,0
Jason Young,Shotgun,9,6,0
Shane Young,Smokin',13,8,0
Shanna Young,The Shanimal,9,6,0
Gauge Young,Gee Money,9,3,0
Sodiq Yusuff,Super,13,5,0
Gilbert Yvel,The Hurricane,39,16,1
Luke Zachrich,NA,14,4,0
Aiemann Zahabi,NA,13,2,0
Youssef Zalal,The Moroccan Devil,17,5,1
Elizeu Zaleski dos Santos,Capoeira,25,9,1
Zach Zane,The Hurricane,10,7,0
David Zawada,Sagat,17,7,0
Manolo Zecchini,Angelo Veneziano,11,4,0
Daniel Zellhuber,Golden Boy,15,2,0
Rickson Zenidim,The King,14,2,0
Zhang Tiequan,The Wolf,15,4,0
Zhang Lipeng,The Warrior,23,9,1
Zhang Weili,Magnum,26,3,0
Zhang Mingyang,Mountain Tiger,19,6,0
Zhang Qinghe,NA,16,8,1
Daermisi Zhawupasi,NA,9,2,0
Daria Zhelezniakova,Iron Lady,10,2,0
Yao Zhikui,The Conqueror,2,4,0
Zhu Kangjie,NA,21,4,0
Zhalgas Zhumagulov,NA,14,9,0
Fares Ziam,Smile Killer,17,4,0
Cat Zingano,Alpha,10,4,0
Allan Zuniga,Tigre,13,1,0
