name,team,position,height,height_inches,wingspan,wingspan_inches,wingspan_advantage,games,minutes,fg_percent,avg_dist_of_fg,2pt_rate,3pt_rate,2pt_percent,3pt_percent,e_fg_percent,ft_percent,ts_percent
AJ Johnson,WAS,SG,"6'4.25""",76.25,"6'8.5""",80.5,4.25,29,639,0.385,12,0.577,0.423,0.472,0.267,0.441,0.865,0.48
Aaron Gordon,DEN,PF,"6'7.5""",79.5,"6'11.75""",83.75,4.25,51,1447,0.531,11.8,0.654,0.346,0.582,0.436,0.607,0.81,0.65
Aaron Holiday,HOU,PG,"5'11.75""",71.75,"6'7.5""",79.5,7.75,62,792,0.437,20.8,0.325,0.675,0.517,0.398,0.571,0.829,0.594
Aaron Nesmith,IND,SF,"6'5""",77,"6'10""",82,5,45,1123,0.507,15.7,0.485,0.515,0.587,0.431,0.617,0.913,0.653
Aaron Wiggins,OKC,SG,"6'4.5""",76.5,"6'9.75""",81.75,5.25,76,1744,0.488,14.2,0.534,0.466,0.578,0.383,0.577,0.831,0.596
Adem Bona,PHI,C,"6'8.25""",80.25,"7'3.75""",87.75,7.5,58,905,0.703,2.3,0.995,0.005,0.707,0,0.703,0.67,0.714
Ajay Mitchell,OKC,SG,"6'3.25""",75.25,"6'6.25""",78.25,3,36,597,0.495,12.2,0.674,0.326,0.548,0.383,0.557,0.829,0.587
Al Horford,BOS,C,"6'8""",80,"7'0.75""",84.75,4.75,60,1659,0.423,19,0.319,0.681,0.551,0.363,0.547,0.895,0.563
Alec Burks,MIA,SG,"6'5""",77,"6'10""",82,5,49,863,0.424,20.8,0.236,0.764,0.422,0.425,0.587,0.776,0.608
Alex Caruso,OKC,PG,"6'4""",76,"6'6""",78,2,54,1041,0.446,15.2,0.459,0.541,0.556,0.353,0.541,0.824,0.568
Alex Len,LAL,C,"6'11.5""",83.5,"7'3.5""",87.5,4,46,380,0.508,7.5,0.857,0.143,0.556,0.222,0.524,0.471,0.525
Alex Sarr,WAS,PF,"6'11.75""",83.75,"7'4.25""",88.25,4.5,67,1814,0.394,14.4,0.588,0.412,0.454,0.308,0.457,0.679,0.482
Alperen Şengün,HOU,C,"6'10""",82,"7'0.5""",84.5,2.5,76,2395,0.496,7.5,0.921,0.079,0.519,0.233,0.505,0.692,0.545
Amen Thompson,HOU,SF,"6'5.75""",77.75,"7'0""",84,6.25,69,2225,0.557,7.8,0.869,0.131,0.599,0.275,0.575,0.684,0.602
Amir Coffey,LAC,SF,"6'6.75""",78.75,"6'7.25""",79.25,0.5,72,1748,0.471,16.2,0.516,0.484,0.529,0.409,0.57,0.891,0.614
Andre Drummond,PHI,C,"6'9.75""",81.75,"7'6.25""",90.25,8.5,40,751,0.5,5.4,0.915,0.085,0.533,0.15,0.506,0.622,0.535
Andre Jackson Jr.,MIL,SF,"6'5.5""",77.5,"6'9.75""",81.75,4.25,67,980,0.477,12.2,0.614,0.386,0.529,0.395,0.553,0.5,0.554
Andrew Nembhard,IND,PG,"6'3""",75,"6'5.75""",77.75,2.75,65,1881,0.458,14.9,0.675,0.325,0.538,0.291,0.506,0.794,0.545
Andrew Wiggins,MIA,SF,"6'7""",79,"7'0""",84,5,60,1842,0.448,14.5,0.585,0.415,0.501,0.374,0.526,0.763,0.566
Anfernee Simons,POR,PG,"6'2.25""",74.25,"6'9.25""",81.25,7,70,2292,0.426,17.9,0.473,0.527,0.496,0.363,0.521,0.902,0.557
Anthony Black,ORL,PG,"6'5.75""",77.75,"6'7.5""",79.5,1.75,78,1887,0.423,12,0.685,0.315,0.471,0.318,0.473,0.761,0.521
Anthony Davis,DAL,C,"6'9.25""",81.25,"7'5.5""",89.5,8.25,51,1706,0.516,10.8,0.864,0.136,0.553,0.282,0.536,0.775,0.588
Anthony Edwards,MIN,SG,"6'3""",75,"6'9""",81,6,79,2871,0.447,16.9,0.497,0.503,0.501,0.395,0.547,0.837,0.595
Anthony Gill,WAS,PF,"6'7.5""",79.5,"6'11""",83,3.5,51,397,0.489,11.8,0.648,0.352,0.579,0.323,0.545,0.66,0.586
Anton Watson,NYK,PF,"6'7""",79,"7'0""",84,5,9,22,0.444,6.4,0.889,0.111,0.5,0,0.444,NA,0.444
Ausar Thompson,DET,SF,"6'5.75""",77.75,"7'0""",84,6.25,59,1328,0.535,6,0.893,0.107,0.572,0.224,0.547,0.641,0.568
Austin Reaves,LAL,SG,"6'4.5""",76.5,"6'6.25""",78.25,1.75,73,2550,0.46,17.1,0.488,0.512,0.547,0.377,0.556,0.877,0.616
Ayo Dosunmu,CHI,SG,"6'3.5""",75.5,"6'10.25""",82.25,6.75,46,1394,0.492,12.4,0.579,0.421,0.612,0.328,0.561,0.785,0.585
Bam Adebayo,MIA,C,"6'8.75""",80.75,"7'2.75""",86.75,6,78,2674,0.485,11.4,0.801,0.199,0.517,0.357,0.521,0.765,0.561
Baylor Scheierman,BOS,SG,"6'6.25""",78.25,"6'8.25""",80.25,2,31,384,0.355,21.3,0.255,0.745,0.464,0.317,0.473,0.75,0.49
Ben Sheppard,IND,SG,"6'5.25""",77.25,"6'7.75""",79.75,2.5,63,1228,0.418,18.3,0.307,0.693,0.591,0.342,0.537,0.889,0.555
Ben Simmons,LAC,PF,"6'9""",81,"7'0.5""",84.5,3.5,51,1120,0.52,4.9,1,0,0.52,NA,0.52,0.727,0.539
Bennedict Mathurin,IND,SF,"6'4.5""",76.5,"6'9""",81,4.5,72,2149,0.458,13.2,0.662,0.338,0.519,0.34,0.516,0.831,0.579
Bilal Coulibaly,WAS,SF,"6'6""",78,"7'2.5""",86.5,9,59,1948,0.421,13.3,0.641,0.359,0.5,0.281,0.472,0.746,0.515
Blake Wesley,SAS,PG,"6'3""",75,"6'9.25""",81.25,6.25,58,683,0.435,10.8,0.688,0.312,0.5,0.293,0.481,0.623,0.51
Bobby Portis,MIL,PF,"6'9.5""",81.5,"7'2""",86,4.5,49,1244,0.466,14.1,0.701,0.299,0.508,0.365,0.52,0.836,0.542
Bobi Klintman,DET,SF,"6'8.75""",80.75,"6'11""",83,2.25,8,42,0.6,17.4,0.5,0.5,0.8,0.4,0.7,0.5,0.689
Bogdan Bogdanović,LAC,SG,"6'5.5""",77.5,"6'11""",83,5.5,54,1348,0.427,18.7,0.413,0.587,0.517,0.363,0.534,0.879,0.559
Bol Bol,PHX,C,"7'0.75""",84.75,"7'7""",91,6.25,36,448,0.525,17.3,0.492,0.508,0.711,0.344,0.612,0.769,0.627
Bones Hyland,MIN,PG,"6'2""",74,"6'9.5""",81.5,7.5,24,239,0.398,22.4,0.305,0.695,0.417,0.39,0.534,0.885,0.576
Bradley Beal,PHX,SG,"6'3.25""",75.25,"6'8""",80,4.75,53,1702,0.497,15.2,0.62,0.38,0.565,0.386,0.571,0.803,0.598
Brandin Podziemski,GSW,SG,"6'3.75""",75.75,"6'5.5""",77.5,1.75,64,1716,0.445,17.2,0.509,0.491,0.516,0.372,0.537,0.758,0.557
Brandon Boston Jr.,NOP,SG,"6'5.75""",77.75,"6'10.75""",82.75,5,42,993,0.436,14.9,0.633,0.367,0.485,0.35,0.5,0.788,0.535
Brandon Clarke,MEM,PF,"6'7.25""",79.25,"6'8.25""",80.25,1,64,1207,0.621,5.7,0.955,0.045,0.647,0.059,0.622,0.701,0.638
Brandon Ingram,TOR,SF,"6'7""",79,"7'3""",87,8,18,595,0.465,16,0.655,0.345,0.514,0.374,0.53,0.855,0.56
Brandon Miller,CHA,SF,"6'9""",81,"6'11.5""",83.5,3,27,924,0.403,19,0.403,0.597,0.475,0.355,0.509,0.861,0.54
Brice Sensabaugh,UTA,SF,"6'6""",78,"6'11""",83,5,71,1432,0.459,18.7,0.379,0.621,0.52,0.422,0.59,0.89,0.612
Bronny James,LAL,PG,"6'1.5""",73.5,"6'7.25""",79.25,5.75,27,181,0.313,16.6,0.522,0.478,0.343,0.281,0.381,0.786,0.424
Brook Lopez,MIL,C,"6'11.25""",83.25,"7'5.5""",89.5,6.25,80,2546,0.509,16,0.518,0.482,0.636,0.373,0.599,0.826,0.624
Bruce Brown,NOP,SG,"6'3.25""",75.25,"6'9""",81,5.75,41,922,0.421,11.1,0.738,0.262,0.452,0.333,0.464,0.815,0.504
Bryce McGowens,POR,SG,"6'5.25""",77.25,"6'8.75""",80.75,3.5,13,32,0.286,11.3,0.714,0.286,0.4,0,0.286,0.833,0.391
Bub Carrington,WAS,SG,"6'3.75""",75.75,"6'8""",80,4.25,82,2458,0.401,19.1,0.456,0.544,0.475,0.339,0.493,0.812,0.514
Buddy Hield,GSW,SG,"6'3.75""",75.75,"6'9.25""",81.25,5.5,82,1863,0.417,20,0.302,0.698,0.527,0.37,0.546,0.828,0.56
CJ McCollum,NOP,SG,"6'2.25""",74.25,"6'6.25""",78.25,4,56,1832,0.444,16.1,0.541,0.459,0.505,0.373,0.53,0.717,0.55
Cade Cunningham,DET,SG,"6'6""",78,"7'0.25""",84.25,6.25,70,2452,0.469,12.6,0.713,0.287,0.515,0.356,0.521,0.846,0.565
Caleb Houstan,ORL,SG,"6'7.5""",79.5,"6'11""",83,3.5,58,788,0.421,22.4,0.158,0.842,0.533,0.4,0.589,0.882,0.605
Caleb Martin,DAL,SF,"6'4""",76,"6'10.25""",82.25,6.25,45,1218,0.424,13.2,0.661,0.339,0.458,0.359,0.485,0.622,0.513
Cam Christie,LAC,SG,"6'4.5""",76.5,"6'8""",80,3.5,13,59,0.292,15.9,0.458,0.542,0.455,0.154,0.333,0.5,0.349
Cam Reddish,LAL,SF,"6'6.5""",78.5,"7'0.5""",84.5,6,33,589,0.404,14.7,0.5,0.5,0.532,0.277,0.473,0.615,0.498
Cam Spencer,MEM,SG,"6'3""",75,"6'5""",77,2,25,252,0.415,19,0.354,0.646,0.517,0.358,0.53,1,0.587
Cam Thomas,BKN,SG,"6'3""",75,"6'6.5""",78.5,3.5,25,781,0.438,16.3,0.57,0.43,0.506,0.349,0.513,0.881,0.575
Cam Whitmore,HOU,SF,"6'5.75""",77.75,"6'8.5""",80.5,2.75,51,827,0.444,14.9,0.546,0.454,0.518,0.355,0.525,0.75,0.549
Cameron Johnson,BKN,PF,"6'7""",79,"6'10""",82,3,57,1800,0.475,17.2,0.454,0.546,0.578,0.39,0.582,0.893,0.632
Cameron Payne,NYK,PG,"6'0.75""",72.75,"6'7.25""",79.25,6.5,72,1090,0.401,17.8,0.426,0.574,0.453,0.363,0.506,0.907,0.532
Caris LeVert,ATL,SF,"6'5.75""",77.75,"6'10""",82,4.25,64,1596,0.467,14.3,0.526,0.474,0.552,0.373,0.556,0.71,0.582
Cason Wallace,OKC,PG,"6'2.5""",74.5,"6'8.5""",80.5,6,68,1876,0.474,13.2,0.575,0.425,0.562,0.356,0.55,0.811,0.562
Charles Bassey,SAS,C,"6'9""",81,"7'3.5""",87.5,7,36,376,0.581,3.5,1,0,0.581,NA,0.581,0.636,0.597
Chet Holmgren,OKC,C,"7'0""",84,"7'6""",90,6,32,877,0.49,12.4,0.66,0.34,0.547,0.379,0.554,0.754,0.599
Chris Boucher,TOR,C,"6'8""",80,"7'4""",88,8,50,862,0.492,14.9,0.478,0.522,0.633,0.363,0.586,0.782,0.615
Chris Paul,SAS,PG,"6'1""",73,"6'4""",76,3,82,2292,0.427,21.2,0.364,0.636,0.514,0.377,0.547,0.924,0.58
Christian Braun,DEN,SF,"6'5.5""",77.5,"6'6.5""",78.5,1,79,2675,0.58,9.9,0.727,0.273,0.648,0.397,0.634,0.827,0.665
Christian Koloko,LAL,C,"6'10.75""",82.75,"7'5.25""",89.25,6.5,37,342,0.606,4.6,0.939,0.061,0.645,0,0.606,0.714,0.624
Clint Capela,ATL,C,"6'10""",82,"7'4.5""",88.5,6.5,55,1176,0.559,3,0.997,0.003,0.56,0,0.559,0.536,0.564
Coby White,CHI,PG,"6'3.5""",75.5,"6'5""",77,1.5,74,2450,0.453,16.6,0.479,0.521,0.544,0.37,0.55,0.902,0.601
Cody Martin,PHX,SF,"6'4.75""",76.75,"6'10.25""",82.25,5.5,53,1173,0.418,15.3,0.535,0.465,0.534,0.285,0.485,0.705,0.509
Cody Williams,UTA,SF,"6'6.5""",78.5,"7'1""",85,6.5,50,1060,0.323,16.3,0.475,0.525,0.393,0.259,0.391,0.725,0.419
Colby Jones,WAS,SG,"6'4.5""",76.5,"6'8""",80,3.5,39,515,0.457,14.6,0.62,0.38,0.538,0.327,0.519,0.657,0.544
Cole Anthony,ORL,PG,"6'2""",74,"6'4.5""",76.5,2.5,67,1234,0.424,15.6,0.599,0.401,0.471,0.353,0.494,0.823,0.531
Cole Swider,TOR,PF,"6'9""",81,"6'11""",83,2,10,169,0.349,23.2,0.254,0.746,0.438,0.319,0.468,0,0.465
Collin Sexton,UTA,PG,"6'0.5""",72.5,"6'7.25""",79.25,6.75,63,1758,0.48,13.1,0.687,0.313,0.513,0.406,0.543,0.865,0.593
Corey Kispert,WAS,SF,"6'6""",78,"6'7""",79,1,61,1602,0.451,17.5,0.416,0.584,0.574,0.364,0.558,0.852,0.584
Cory Joseph,ORL,PG,"6'2""",74,"6'5.5""",77.5,3.5,50,612,0.403,20.4,0.305,0.695,0.489,0.364,0.529,0.778,0.547
Craig Porter Jr.,CLE,PG,"6'1""",73,"6'4""",76,3,51,513,0.514,12.3,0.657,0.343,0.554,0.438,0.589,0.719,0.61
D'Angelo Russell,BKN,PG,"6'3.25""",75.25,"6'9.75""",81.75,6.5,58,1480,0.39,18.4,0.436,0.564,0.489,0.314,0.479,0.834,0.522
Dalano Banton,POR,SG,"6'9""",81,"6'10.25""",82.25,1.25,67,1120,0.391,14.4,0.562,0.438,0.442,0.324,0.462,0.728,0.497
Dalen Terry,CHI,SG,"6'6""",78,"7'0.75""",84.75,6.75,73,987,0.448,11.7,0.612,0.388,0.506,0.356,0.517,0.71,0.546
Dalton Knecht,LAL,SF,"6'5.25""",77.25,"6'9""",81,3.75,78,1494,0.461,18.1,0.39,0.61,0.594,0.376,0.576,0.762,0.594
Damian Lillard,MIL,PG,"6'1.75""",73.75,"6'7.75""",79.75,6,58,2093,0.448,18.5,0.472,0.528,0.528,0.376,0.547,0.921,0.621
Daniel Gafford,DAL,C,"6'9.25""",81.25,"7'2.5""",86.5,5.25,57,1226,0.702,2.6,1,0,0.702,NA,0.702,0.689,0.716
Dante Exum,DAL,SG,"6'5""",77,"6'9""",81,4,20,372,0.478,13.3,0.604,0.396,0.506,0.434,0.563,0.742,0.589
Dario Šarić,DEN,PF,"6'9.5""",81.5,"6'10""",82,0.5,16,210,0.362,14.1,0.552,0.448,0.438,0.269,0.422,0.7,0.449
Dariq Whitehead,BKN,SG,"6'5.75""",77.75,"6'10.25""",82.25,4.5,20,246,0.406,21.3,0.229,0.771,0.273,0.446,0.578,0.6,0.58
Darius Garland,CLE,PG,"6'1""",73,"6'5""",77,4,75,2301,0.472,16.3,0.549,0.451,0.53,0.401,0.562,0.878,0.6
David Roddy,HOU,PF,"6'4.5""",76.5,"6'11.5""",83.5,7,33,410,0.456,16.3,0.512,0.488,0.594,0.311,0.532,0.769,0.561
Davion Mitchell,MIA,PG,"6'0""",72,"6'4.25""",76.25,4.25,74,2027,0.468,14.2,0.557,0.443,0.525,0.398,0.557,0.69,0.573
Day'Ron Sharpe,BKN,C,"6'9""",81,"7'0""",84,3,50,907,0.521,6.6,0.858,0.142,0.566,0.244,0.538,0.757,0.568
De'Aaron Fox,SAS,PG,"6'2""",74,"6'6.5""",78.5,4.5,62,2241,0.463,14.4,0.672,0.328,0.538,0.31,0.514,0.827,0.56
De'Andre Hunter,CLE,SF,"6'7""",79,"7'2""",86,7,64,1740,0.47,16.5,0.491,0.509,0.537,0.405,0.573,0.846,0.623
De'Anthony Melton,BKN,SG,"6'2.25""",74.25,"6'8.5""",80.5,6.25,6,121,0.407,18.2,0.352,0.648,0.474,0.371,0.528,0.625,0.539
DeAndre Jordan,DEN,C,"6'9.75""",81.75,"7'6""",90,8.25,56,691,0.65,2.3,1,0,0.65,NA,0.65,0.422,0.621
DeMar DeRozan,SAC,SF,"6'5.5""",77.5,"6'9""",81,3.5,77,2768,0.477,15.3,0.804,0.196,0.513,0.328,0.509,0.857,0.569
Dean Wade,CLE,PF,"6'9""",81,"6'10""",82,1,59,1252,0.413,21,0.181,0.819,0.653,0.36,0.561,0.533,0.563
Deandre Ayton,POR,C,"6'11""",83,"7'6""",90,7,40,1206,0.566,8.4,0.932,0.068,0.594,0.188,0.573,0.667,0.583
Dejounte Murray,NOP,PG,"6'4""",76,"6'10""",82,6,31,1012,0.393,14.8,0.648,0.352,0.444,0.299,0.445,0.823,0.494
Delon Wright,NYK,PG,"6'4.25""",76.25,"6'7.5""",79.5,3.25,40,635,0.344,15.6,0.443,0.557,0.431,0.274,0.42,0.6,0.44
Deni Avdija,POR,SF,"6'8.75""",80.75,"6'8.5""",80.5,-0.25,72,2161,0.476,12.9,0.595,0.405,0.552,0.365,0.55,0.78,0.605
Dennis Schröder,DET,PG,"6'1""",73,"6'7.75""",79.75,6.75,75,2105,0.406,16.7,0.551,0.449,0.458,0.342,0.483,0.838,0.531
Dereck Lively II,DAL,C,"7'1""",85,"7'7""",91,6,36,833,0.702,3.1,1,0,0.702,NA,0.702,0.63,0.704
Derrick Jones Jr.,LAC,PF,"6'6""",78,"7'0""",84,6,77,1873,0.526,11.4,0.628,0.372,0.627,0.356,0.593,0.703,0.609
Derrick White,BOS,SG,"6'3.25""",75.25,"6'7.5""",79.5,4.25,76,2574,0.442,20.7,0.279,0.721,0.593,0.384,0.58,0.839,0.606
Desmond Bane,MEM,SG,"6'5""",77,"6'4.25""",76.25,-0.75,69,2205,0.484,14.7,0.589,0.411,0.548,0.392,0.565,0.894,0.6
Devin Booker,PHX,SG,"6'4.5""",76.5,"6'8.25""",80.25,3.75,75,2795,0.461,16.2,0.612,0.388,0.542,0.332,0.525,0.894,0.589
Devin Carter,SAC,SG,"6'2.25""",74.25,"6'8.75""",80.75,6.5,36,396,0.37,15.6,0.52,0.48,0.439,0.295,0.441,0.591,0.471
Devin Vassell,SAS,SG,"6'5""",77,"6'10""",82,5,64,1983,0.443,17.2,0.517,0.483,0.513,0.368,0.532,0.792,0.553
Dillon Brooks,HOU,SF,"6'5""",77,"6'6""",78,1,75,2388,0.429,17.3,0.476,0.524,0.465,0.397,0.533,0.818,0.555
Dillon Jones,OKC,SF,"6'4.5""",76.5,"6'11""",83,6.5,54,551,0.383,14.4,0.526,0.474,0.5,0.254,0.444,0.607,0.464
Domantas Sabonis,SAC,C,"6'10""",82,"6'11""",83,1,70,2429,0.59,8.1,0.825,0.175,0.627,0.417,0.627,0.754,0.655
Dominick Barlow,ATL,PF,"6'8.75""",80.75,"7'3""",87,6.25,35,375,0.531,9.3,0.761,0.239,0.616,0.259,0.562,0.636,0.58
Donovan Clingan,POR,C,"7'1.75""",85.75,"7'6.75""",90.75,5,67,1324,0.539,5.8,0.853,0.147,0.582,0.286,0.56,0.596,0.574
Donovan Mitchell,CLE,SG,"6'1.25""",73.25,"6'10""",82,8.75,71,2232,0.443,17,0.52,0.48,0.512,0.368,0.531,0.823,0.575
Donte DiVincenzo,MIN,SG,"6'3.5""",75.5,"6'6""",78,2.5,62,1606,0.422,20.5,0.261,0.739,0.49,0.397,0.568,0.778,0.582
Dorian Finney-Smith,LAL,SF,"6'6.5""",78.5,"6'11.75""",83.75,5.25,63,1818,0.448,18.8,0.278,0.722,0.545,0.411,0.597,0.667,0.604
Doug McDermott,SAC,SF,"6'6.25""",78.25,"6'9.25""",81.25,3,42,342,0.427,23.3,0.137,0.863,0.375,0.436,0.615,0.6,0.617
Draymond Green,GSW,PF,"6'5.75""",77.75,"7'1.25""",85.25,7.5,68,1983,0.424,14.9,0.517,0.483,0.517,0.325,0.503,0.687,0.534
Drew Eubanks,LAC,C,"6'9""",81,"6'11""",83,2,61,746,0.593,4.7,0.969,0.031,0.596,0.5,0.601,0.662,0.622
Duop Reath,POR,C,"6'9""",81,"7'1""",85,4,46,469,0.422,17.5,0.361,0.639,0.6,0.321,0.524,0.909,0.552
Dwight Powell,DAL,C,"6'9.5""",81.5,"7'0.5""",84.5,3,55,551,0.689,3.9,0.918,0.082,0.714,0.4,0.705,0.651,0.713
Dyson Daniels,ATL,SG,"6'6""",78,"6'10.5""",82.5,4.5,76,2571,0.493,10.4,0.745,0.255,0.545,0.34,0.536,0.593,0.545
E.J. Liddell,CHI,PF,"6'5.5""",77.5,"6'11.75""",83.75,6.25,12,53,0.533,20.3,0.333,0.667,1,0.3,0.633,1,0.661
Emoni Bates,CLE,SF,"6'8.25""",80.25,"6'9""",81,0.75,10,75,0.342,23.4,0.211,0.789,0.25,0.367,0.487,NA,0.487
Eric Gordon,PHI,SG,"6'2""",74,"6'9""",81,7,39,768,0.426,19.9,0.328,0.672,0.463,0.409,0.564,0.75,0.591
Evan Mobley,CLE,PF,"6'11""",83,"7'4""",88,5,71,2167,0.557,9.4,0.746,0.254,0.621,0.37,0.604,0.725,0.633
Franz Wagner,ORL,SF,"6'9""",81,"6'11.5""",83.5,2.5,60,2023,0.463,12.5,0.697,0.303,0.535,0.295,0.507,0.871,0.558
Fred VanVleet,HOU,PG,"6'0""",72,"6'2""",74,2,60,2111,0.378,20.2,0.393,0.607,0.43,0.345,0.483,0.81,0.515
GG Jackson II,MEM,PF,"6'8.25""",80.25,"6'11.5""",83.5,3.25,29,459,0.372,14.6,0.523,0.477,0.404,0.337,0.452,0.725,0.482
Gary Harris,ORL,SG,"6'2.5""",74.5,"6'6.75""",78.75,4.25,48,711,0.383,20.7,0.241,0.759,0.469,0.356,0.519,0.583,0.524
Gary Payton II,GSW,SG,"6'2""",74,"6'8""",80,6,62,927,0.574,10.1,0.681,0.319,0.69,0.326,0.626,0.711,0.635
Gary Trent Jr.,MIL,SG,"6'4.25""",76.25,"6'8.75""",80.75,4.5,74,1893,0.431,20.4,0.341,0.659,0.46,0.416,0.568,0.848,0.591
Georges Niang,ATL,PF,"6'6.75""",78.75,"6'10""",82,3.25,79,1697,0.461,18.1,0.34,0.66,0.569,0.406,0.595,0.793,0.607
Giannis Antetokounmpo,MIL,PF,"6'11""",83,"7'3""",87,4,67,2289,0.601,7,0.952,0.048,0.62,0.222,0.607,0.617,0.625
Goga Bitadze,ORL,C,"6'10.5""",82.5,"7'2""",86,3.5,70,1430,0.611,4.9,0.917,0.083,0.656,0.107,0.615,0.639,0.631
Gradey Dick,TOR,SG,"6'6.25""",78.25,"6'8.75""",80.75,2.5,54,1587,0.41,16.3,0.496,0.504,0.47,0.35,0.498,0.858,0.543
Grant Williams,CHA,PF,"6'5.75""",77.75,"6'9.75""",81.75,4,16,479,0.439,17.9,0.398,0.602,0.551,0.365,0.549,0.838,0.596
Grayson Allen,PHX,SG,"6'3""",75,"6'7.25""",79.25,4.25,64,1544,0.448,20,0.284,0.716,0.504,0.426,0.6,0.816,0.631
Guerschon Yabusele,PHI,PF,"6'7.5""",79.5,"7'1""",85,5.5,70,1895,0.501,14.4,0.513,0.487,0.616,0.38,0.593,0.725,0.616
Harrison Barnes,SAS,PF,"6'7""",79,"6'11.25""",83.25,4.25,82,2230,0.508,14.8,0.473,0.527,0.591,0.433,0.622,0.809,0.656
Harrison Ingram,SAS,SF,"6'5.25""",77.25,"7'0.25""",84.25,7,5,35,0.5,13.1,0.75,0.25,0.667,0,0.5,NA,0.5
Haywood Highsmith,MIA,SF,"6'5""",77,"6'11.5""",83.5,7,74,1818,0.458,16.4,0.404,0.596,0.57,0.382,0.572,0.721,0.583
Herbert Jones,NOP,SF,"6'6""",78,"7'0.25""",84.25,6.25,20,648,0.436,13.5,0.581,0.419,0.53,0.306,0.5,0.825,0.541
Immanuel Quickley,TOR,PG,"6'2""",74,"6'8.25""",80.25,6.25,33,918,0.42,17.3,0.486,0.514,0.465,0.378,0.517,0.867,0.57
Isaac Okoro,CLE,SF,"6'5""",77,"6'8.5""",80.5,3.5,55,1053,0.464,14.8,0.434,0.566,0.586,0.371,0.569,0.717,0.587
Isaiah Collier,UTA,PG,"6'2.5""",74.5,"6'4.75""",76.75,2.25,71,1839,0.422,12,0.695,0.305,0.497,0.249,0.459,0.682,0.494
Isaiah Hartenstein,OKC,C,"6'11.5""",83.5,"7'2.25""",86.25,2.75,57,1590,0.581,6.7,0.96,0.04,0.605,0,0.581,0.675,0.599
Isaiah Jackson,IND,C,"6'9.5""",81.5,"7'2.25""",86.25,4.75,5,84,0.609,1.9,1,0,0.609,NA,0.609,0.5,0.6
Isaiah Joe,OKC,SG,"6'3""",75,"6'7.5""",79.5,4.5,74,1604,0.44,22.3,0.207,0.793,0.549,0.412,0.604,0.821,0.617
Isaiah Stewart,DET,C,"6'7.25""",79.25,"7'4.75""",88.75,9.5,72,1434,0.559,7.2,0.832,0.168,0.607,0.321,0.586,0.759,0.616
Ivica Zubac,LAC,C,"6'11.5""",83.5,"7'4""",88,4.5,80,2624,0.628,4.4,1,0,0.628,NA,0.628,0.661,0.641
JD Davison,BOS,PG,"6'0.5""",72.5,"6'6.5""",78.5,6,16,93,0.353,17.8,0.471,0.529,0.5,0.222,0.412,0.714,0.445
JT Thor,WAS,PF,"6'8.5""",80.5,"7'3.25""",87.25,6.75,20,249,0.424,14,0.644,0.356,0.5,0.286,0.475,0.682,0.517
Ja Morant,MEM,PG,"6'2.5""",74.5,"6'6""",78,3.5,50,1519,0.454,12.7,0.679,0.321,0.523,0.309,0.504,0.824,0.563
Ja'Kobe Walter,TOR,PG,"6'4.25""",76.25,"6'10""",82,5.75,52,1103,0.405,15,0.527,0.473,0.454,0.349,0.487,0.795,0.523
Jabari Smith Jr.,HOU,PF,"6'10.5""",82.5,"7'1""",85,2.5,57,1716,0.438,16.2,0.511,0.489,0.519,0.354,0.525,0.825,0.562
Jabari Walker,POR,PF,"6'6.75""",78.75,"6'10.75""",82.75,4,60,749,0.515,10.1,0.686,0.314,0.573,0.389,0.576,0.69,0.601
Jaden Hardy,DAL,SG,"6'3.5""",75.5,"6'9""",81,5.5,57,907,0.435,16.2,0.524,0.476,0.479,0.386,0.527,0.698,0.549
Jaden Ivey,DET,SG,"6'3.5""",75.5,"6'9""",81,5.5,30,898,0.46,13.7,0.627,0.373,0.49,0.409,0.536,0.733,0.569
Jaden McDaniels,MIN,SF,"6'9""",81,"6'11""",83,2,82,2614,0.477,12.8,0.637,0.363,0.561,0.33,0.537,0.813,0.562
Jaden Springer,UTA,SG,"6'3""",75,"6'7.75""",79.75,4.75,43,365,0.389,16.6,0.467,0.533,0.548,0.25,0.456,0.711,0.511
Jae Crowder,SAC,PF,"6'4.75""",76.75,"6'9.25""",81.25,4.5,9,103,0.318,20.6,0.318,0.682,0.429,0.267,0.409,0.833,0.467
Jae'Sean Tate,HOU,PF,"6'4""",76,"6'8""",80,4,52,588,0.473,10.4,0.689,0.311,0.529,0.348,0.527,0.681,0.557
Jaime Jaquez Jr.,MIA,SF,"6'6""",78,"6'9.5""",81.5,3.5,66,1368,0.461,9.9,0.742,0.258,0.513,0.311,0.501,0.754,0.543
Jake LaRavia,SAC,SF,"6'6.75""",78.75,"6'9.5""",81.5,2.75,66,1349,0.475,14.6,0.579,0.421,0.513,0.423,0.564,0.678,0.591
Jakob Poeltl,TOR,C,"7'0.25""",84.25,"7'2.75""",86.75,2.5,57,1686,0.627,5,0.995,0.005,0.628,0.333,0.628,0.674,0.641
Jalen Brunson,NYK,PG,"6'1""",73,"6'4""",76,3,65,2301,0.488,14.2,0.669,0.331,0.539,0.383,0.551,0.821,0.605
Jalen Duren,DET,C,"6'10.25""",82.25,"7'5""",89,6.75,78,2034,0.692,2.5,1,0,0.692,NA,0.692,0.669,0.703
Jalen Green,HOU,SG,"6'4""",76,"6'7.5""",79.5,3.5,82,2697,0.423,16.3,0.54,0.46,0.482,0.354,0.505,0.813,0.544
Jalen Hood-Schifino,PHI,PG,"6'4.25""",76.25,"6'10.25""",82.25,6,15,315,0.378,16.8,0.531,0.469,0.442,0.304,0.449,0.857,0.494
Jalen Johnson,ATL,PF,"6'7.75""",79.75,"7'0.25""",84.25,4.5,36,1284,0.5,10.2,0.74,0.26,0.566,0.312,0.541,0.746,0.569
Jalen Pickett,DEN,PG,"6'2""",74,"6'7.25""",79.25,5.25,49,666,0.428,18.8,0.439,0.561,0.468,0.396,0.539,0.75,0.545
Jalen Smith,CHI,PF,"6'9.25""",81.25,"7'2.25""",86.25,5,64,962,0.466,15.4,0.456,0.544,0.634,0.324,0.554,0.809,0.586
Jalen Suggs,ORL,PG,"6'3.5""",75.5,"6'5.5""",77.5,2,35,1002,0.41,17.7,0.497,0.503,0.506,0.314,0.489,0.882,0.536
Jalen Williams,OKC,SG,"6'4.5""",76.5,"7'2.25""",86.25,9.75,69,2237,0.484,13.3,0.709,0.291,0.533,0.365,0.537,0.789,0.573
Jalen Wilson,BKN,SF,"6'5.5""",77.5,"6'8""",80,2.5,79,2031,0.397,16.9,0.416,0.584,0.481,0.337,0.495,0.818,0.541
Jamal Murray,DEN,PG,"6'3.5""",75.5,"6'6.5""",78.5,3,67,2418,0.474,15.6,0.646,0.354,0.518,0.393,0.543,0.886,0.584
Jamal Shead,TOR,PG,"6'0.25""",72.25,"6'3""",75,2.75,75,1467,0.405,15.3,0.558,0.442,0.47,0.323,0.476,0.768,0.499
James Harden,LAC,SG,"6'4""",76,"6'10.75""",82.75,6.75,79,2789,0.41,17.3,0.484,0.516,0.472,0.352,0.501,0.874,0.582
Jarace Walker,IND,PF,"6'6.5""",78.5,"7'2.5""",86.5,8,75,1187,0.472,16.4,0.486,0.514,0.543,0.405,0.576,0.667,0.59
Jared McCain,PHI,SG,"6'2""",74,"6'3.5""",75.5,1.5,23,592,0.46,16,0.515,0.485,0.532,0.383,0.553,0.875,0.589
Jaren Jackson Jr.,MEM,PF,"6'9.75""",81.75,"7'5.25""",89.25,7.5,74,2207,0.488,13.1,0.679,0.321,0.541,0.375,0.548,0.781,0.591
Jarred Vanderbilt,LAL,PF,"6'8.5""",80.5,"7'1""",85,4.5,36,581,0.488,8.2,0.736,0.264,0.562,0.281,0.525,0.556,0.537
Jarrett Allen,CLE,C,"6'9""",81,"7'5.25""",89.25,8.25,82,2296,0.706,3.6,0.992,0.008,0.712,0,0.706,0.718,0.724
Jaxson Hayes,LAL,C,"6'10.25""",82.25,"7'3.5""",87.5,5.25,56,1093,0.722,2.9,0.987,0.013,0.732,0,0.722,0.622,0.72
Jaylen Brown,BOS,SF,"6'5.25""",77.25,"6'11.75""",83.75,6.5,63,2158,0.463,13.4,0.68,0.32,0.529,0.324,0.515,0.764,0.555
Jaylen Clark,MIN,SG,"6'4""",76,"6'9""",81,5,40,522,0.467,13.4,0.575,0.425,0.493,0.431,0.558,0.784,0.598
Jaylen Wells,MEM,SF,"6'6.5""",78.5,"6'7.25""",79.25,0.75,79,2043,0.425,17.4,0.42,0.58,0.525,0.352,0.527,0.822,0.56
Jaylin Williams,OKC,C,"6'8.75""",80.75,"7'1""",85,4.25,47,784,0.439,19.7,0.308,0.692,0.529,0.399,0.577,0.767,0.594
Jaylon Tyson,CLE,SG,"6'5.5""",77.5,"6'8""",80,2.5,47,453,0.43,12.4,0.611,0.389,0.484,0.345,0.497,0.792,0.523
Jayson Tatum,BOS,SF,"6'7.5""",79.5,"6'11""",83,3.5,72,2624,0.452,17.1,0.503,0.497,0.559,0.343,0.537,0.814,0.582
Jeff Green,HOU,PF,"6'7""",79,"7'1.25""",85.25,6.25,32,396,0.504,18.5,0.347,0.653,0.762,0.367,0.624,0.808,0.649
Jerami Grant,POR,PF,"6'6.5""",78.5,"7'2.75""",86.75,8.25,47,1524,0.373,16,0.484,0.516,0.381,0.365,0.467,0.849,0.523
Jeremiah Robinson-Earl,NOP,PF,"6'7.75""",79.75,"6'9.75""",81.75,2,66,1239,0.455,14,0.527,0.473,0.557,0.341,0.536,0.836,0.563
Jeremy Sochan,SAS,PF,"6'8.5""",80.5,"6'11.75""",83.75,3.25,54,1364,0.535,7.4,0.806,0.194,0.59,0.308,0.565,0.696,0.589
Jericho Sims,MIL,C,"6'10""",82,"7'3""",87,5,53,632,0.634,2.5,1,0,0.634,NA,0.634,0.615,0.639
Jett Howard,ORL,SF,"6'8""",80,"6'9""",81,1,60,701,0.374,20.8,0.29,0.71,0.566,0.296,0.479,0.696,0.491
Jevon Carter,CHI,PG,"6'0.25""",72.25,"6'4.25""",76.25,4,36,321,0.377,20.3,0.281,0.719,0.488,0.333,0.497,0.8,0.509
Jimmy Butler,GSW,SF,"6'6""",78,"6'7.5""",79.5,1.5,55,1746,0.504,9,0.826,0.174,0.546,0.308,0.531,0.842,0.626
Jock Landale,HOU,C,"6'11""",83,"7'2""",86,3,42,500,0.533,9.2,0.829,0.171,0.556,0.423,0.569,0.675,0.59
Joe Ingles,MIN,SF,"6'7.75""",79.75,"6'10.25""",82.25,2.5,19,114,0.261,19.4,0.348,0.652,0.375,0.2,0.326,NA,0.326
Joel Embiid,PHI,C,"6'11.75""",83.75,"7'5""",89,5.25,19,574,0.444,13.5,0.756,0.244,0.492,0.299,0.481,0.882,0.58
John Collins,UTA,PF,"6'8.25""",80.25,"6'11.25""",83.25,3,40,1220,0.527,11,0.721,0.279,0.577,0.399,0.583,0.848,0.628
John Konchar,MEM,SF,"6'4.75""",76.75,"6'8""",80,3.25,46,558,0.451,18,0.319,0.681,0.621,0.371,0.577,0.875,0.592
Johnny Furphy,IND,SF,"6'7.5""",79.5,"6'8""",80,0.5,50,379,0.38,15.3,0.457,0.543,0.476,0.3,0.462,0.818,0.506
Jonas Valančiūnas,SAC,C,"6'11""",83,"7'5""",89,6,81,1524,0.55,7.3,0.941,0.059,0.571,0.216,0.557,0.879,0.602
Jonathan Isaac,ORL,PF,"6'10.5""",82.5,"7'1""",85,2.5,71,1090,0.414,14.1,0.534,0.466,0.549,0.258,0.474,0.682,0.512
Jonathan Kuminga,GSW,SF,"6'7""",79,"6'11.25""",83.25,4.25,47,1144,0.454,11.3,0.734,0.266,0.508,0.305,0.495,0.668,0.535
Jonathan Mogbo,TOR,PF,"6'6.25""",78.25,"7'2""",86,7.75,63,1286,0.438,8.6,0.803,0.197,0.486,0.243,0.462,0.732,0.496
Jordan Clarkson,UTA,SG,"6'3.25""",75.25,"6'8""",80,4.75,37,962,0.408,16.6,0.529,0.471,0.448,0.362,0.493,0.797,0.54
Jordan Hawkins,NOP,SG,"6'4.25""",76.25,"6'6.75""",78.75,2.5,56,1321,0.372,19.3,0.403,0.597,0.433,0.331,0.471,0.816,0.504
Jordan McLaughlin,SAS,PG,"5'11""",71,"6'4.5""",76.5,5.5,46,314,0.431,19.5,0.361,0.639,0.462,0.413,0.563,0.773,0.6
Jordan Miller,LAC,SF,"6'4.5""",76.5,"6'11.75""",83.75,7.25,37,420,0.433,10.2,0.716,0.284,0.521,0.211,0.463,0.8,0.509
Jordan Poole,WAS,SG,"6'3.5""",75.5,"6'6.75""",78.75,3.25,68,2001,0.432,18.8,0.412,0.588,0.51,0.378,0.544,0.883,0.591
Jordan Walsh,BOS,SF,"6'5.75""",77.75,"7'1.75""",85.75,8,52,403,0.361,17.7,0.337,0.663,0.536,0.273,0.452,0.583,0.464
Jose Alvarado,NOP,PG,"5'11""",71,"6'1""",73,2,56,1366,0.392,17.9,0.407,0.593,0.439,0.359,0.498,0.811,0.523
Josh Christopher,MIA,SG,"6'3.25""",75.25,"6'9.25""",81.25,6,14,69,0.355,11.5,0.645,0.355,0.45,0.182,0.387,0.667,0.416
Josh Giddey,CHI,SF,"6'8""",80,"6'7.5""",79.5,-0.5,70,2117,0.465,12.3,0.652,0.348,0.512,0.378,0.531,0.781,0.57
Josh Green,CHA,SG,"6'4.5""",76.5,"6'9.75""",81.75,5.25,68,1887,0.428,16.8,0.411,0.589,0.48,0.391,0.543,0.681,0.559
Josh Hart,NYK,SF,"6'3.75""",75.75,"6'8.25""",80.25,4.5,77,2897,0.525,11.3,0.673,0.327,0.618,0.333,0.579,0.776,0.611
Josh Minott,MIN,PF,"6'7.5""",79.5,"6'11.75""",83.75,4.25,46,276,0.489,12.9,0.522,0.478,0.638,0.326,0.567,0.895,0.605
Josh Okogie,CHA,SF,"6'3""",75,"7'0""",84,9,40,625,0.443,13.2,0.566,0.434,0.517,0.348,0.519,0.741,0.567
Jrue Holiday,BOS,PG,"6'3.25""",75.25,"6'7""",79,3.75,62,1896,0.443,16.2,0.466,0.534,0.547,0.353,0.538,0.909,0.565
Julian Champagnie,SAS,SF,"6'7""",79,"6'10""",82,3,82,1932,0.415,19.3,0.278,0.722,0.53,0.371,0.549,0.904,0.577
Julian Phillips,CHI,SF,"6'6.75""",78.75,"6'11.5""",83.5,4.75,79,1123,0.446,14.2,0.467,0.533,0.582,0.327,0.533,0.789,0.571
Julian Strawther,DEN,SF,"6'6""",78,"6'9.25""",81.25,3.25,65,1384,0.432,17.2,0.447,0.553,0.535,0.349,0.529,0.822,0.559
Julius Randle,MIN,PF,"6'7.75""",79.75,"7'0""",84,4.25,69,2226,0.485,12.4,0.666,0.334,0.555,0.344,0.542,0.806,0.593
Jusuf Nurkić,CHA,C,"6'11.5""",83.5,"7'2""",86,2.5,51,1063,0.477,10.9,0.702,0.298,0.551,0.305,0.523,0.664,0.555
KJ Martin,UTA,SF,"6'6""",78,"6'7.25""",79.25,1.25,43,912,0.552,9,0.711,0.289,0.671,0.259,0.59,0.787,0.618
Karl-Anthony Towns,NYK,C,"6'11""",83,"7'3.5""",87.5,4.5,72,2517,0.526,10.8,0.722,0.278,0.567,0.42,0.584,0.829,0.63
Kawhi Leonard,LAC,SF,"6'6""",78,"7'3""",87,9,37,1180,0.498,14.4,0.695,0.305,0.536,0.411,0.56,0.81,0.589
Keegan Murray,SAC,PF,"6'8""",80,"6'11""",83,3,76,2610,0.444,17.2,0.452,0.548,0.566,0.343,0.538,0.833,0.553
Kel'el Ware,MIA,C,"6'11.75""",83.75,"7'4.5""",88.5,4.75,64,1422,0.554,9.3,0.761,0.239,0.629,0.315,0.592,0.687,0.603
Keldon Johnson,SAS,SF,"6'4.75""",76.75,"6'9.25""",81.25,4.5,77,1838,0.482,11.3,0.644,0.356,0.573,0.318,0.538,0.773,0.572
Kelly Olynyk,NOP,C,"6'10.75""",82.75,"6'9.75""",81.75,-1,44,891,0.5,11.6,0.705,0.295,0.534,0.418,0.562,0.769,0.609
Kelly Oubre Jr.,PHI,SF,"6'5.75""",77.75,"7'2.25""",86.25,8.5,60,2078,0.47,11.3,0.673,0.327,0.555,0.293,0.518,0.751,0.551
Kenrich Williams,OKC,SF,"6'6""",78,"6'7.25""",79.25,1.25,69,1132,0.483,15.3,0.517,0.483,0.574,0.386,0.576,0.718,0.587
Kentavious Caldwell-Pope,ORL,SG,"6'4.5""",76.5,"6'8""",80,3.5,77,2279,0.439,19.3,0.393,0.607,0.589,0.342,0.543,0.863,0.574
Keon Ellis,SAC,SG,"6'3.5""",75.5,"6'8.5""",80.5,5,80,1948,0.489,19.8,0.308,0.692,0.615,0.433,0.639,0.849,0.664
Keon Johnson,BKN,SG,"6'3.5""",75.5,"6'7.25""",79.25,3.75,79,1925,0.389,15.6,0.485,0.515,0.468,0.314,0.47,0.77,0.499
Kessler Edwards,DAL,SF,"6'7""",79,"6'11.25""",83.25,4.25,40,608,0.496,12.5,0.6,0.4,0.556,0.407,0.578,0.923,0.597
Kevin Durant,PHX,PF,"6'9""",81,"7'4.75""",88.75,7.75,62,2265,0.527,15.5,0.669,0.331,0.574,0.43,0.598,0.839,0.642
Kevin Huerter,CHI,SG,"6'6.25""",78.25,"6'7.5""",79.5,1.25,69,1679,0.425,18.8,0.353,0.647,0.587,0.338,0.535,0.714,0.544
Kevin Love,MIA,PF,"6'7.75""",79.75,"6'11.25""",83.25,3.5,23,251,0.357,17.3,0.417,0.583,0.354,0.358,0.461,0.696,0.488
Kevin McCullar Jr.,NYK,SF,"6'5.25""",77.25,"6'9""",81,3.75,4,29,0.286,9.4,0.857,0.143,0.333,0,0.286,1,0.381
Kevon Looney,GSW,C,"6'8""",80,"7'3.5""",87.5,7.5,76,1142,0.514,4.6,0.982,0.018,0.516,0.4,0.518,0.566,0.535
Keyonte George,UTA,SG,"6'4""",76,"6'6""",78,2,67,2109,0.391,17.6,0.448,0.552,0.449,0.343,0.485,0.818,0.539
Khris Middleton,WAS,SF,"6'6.75""",78.75,"6'10.75""",82.75,4,37,843,0.475,17.1,0.605,0.395,0.549,0.361,0.546,0.857,0.588
Klay Thompson,DAL,SG,"6'5.75""",77.75,"6'9""",81,3.25,72,1965,0.412,20.1,0.369,0.631,0.448,0.391,0.535,0.905,0.552
Kobe Bufkin,ATL,SG,"6'4.25""",76.25,"6'7.75""",79.75,3.5,10,124,0.383,14.2,0.596,0.404,0.5,0.211,0.426,0.722,0.483
Kris Dunn,LAC,PG,"6'3""",75,"6'9""",81,6,74,1783,0.439,15.7,0.487,0.513,0.549,0.335,0.525,0.682,0.531
Kris Murray,POR,PF,"6'7.75""",79.75,"6'11.75""",83.75,4,69,1040,0.419,12.2,0.57,0.43,0.566,0.225,0.468,0.456,0.472
Kristaps Porziņģis,BOS,C,"7'2.5""",86.5,"7'6""",90,3.5,42,1210,0.483,16,0.564,0.436,0.537,0.412,0.572,0.809,0.618
Kyle Anderson,MIA,PF,"6'7.5""",79.5,"7'2.75""",86.75,7.25,61,1002,0.469,10.9,0.769,0.231,0.502,0.357,0.51,0.738,0.538
Kyle Filipowski,UTA,PF,"6'10.75""",82.75,"6'10.5""",82.5,-0.25,72,1522,0.502,13.2,0.575,0.425,0.614,0.35,0.576,0.65,0.594
Kyle Kuzma,MIL,PF,"6'8""",80,"6'7""",79,-1,65,1936,0.436,13.5,0.631,0.369,0.512,0.307,0.493,0.634,0.514
Kyle Lowry,PHI,PG,"5'11.75""",71.75,"6'2""",74,2.25,35,659,0.35,22.5,0.248,0.752,0.414,0.33,0.474,0.818,0.525
Kyrie Irving,DAL,PG,"6'1.75""",73.75,"6'4""",76,2.25,50,1804,0.473,14.9,0.62,0.38,0.517,0.401,0.549,0.916,0.594
Kyshawn George,WAS,SF,"6'7""",79,"6'10.25""",82.25,3.25,68,1802,0.372,19.1,0.352,0.648,0.464,0.322,0.476,0.753,0.503
LaMelo Ball,CHA,PG,"6'6""",78,"6'8""",80,2,47,1505,0.405,17.8,0.474,0.526,0.478,0.339,0.494,0.843,0.536
Lamar Stevens,MEM,SF,"6'5.75""",77.75,"6'9""",81,3.25,17,155,0.46,14.4,0.571,0.429,0.583,0.296,0.524,0.727,0.545
Landry Shamet,NYK,SG,"6'4""",76,"6'6.75""",78.75,2.75,50,762,0.461,19.3,0.322,0.678,0.595,0.397,0.596,0.667,0.601
Larry Nance Jr.,ATL,C,"6'7.5""",79.5,"7'1.5""",85.5,6,24,463,0.516,15,0.51,0.49,0.582,0.447,0.626,0.692,0.632
Lauri Markkanen,UTA,PF,"6'11""",83,"6'11""",83,0,47,1476,0.423,17.3,0.43,0.57,0.525,0.346,0.521,0.876,0.571
LeBron James,LAL,PF,"6'8.5""",80.5,"7'0.25""",84.25,3.75,70,2444,0.513,13.4,0.688,0.312,0.574,0.376,0.571,0.782,0.604
Leonard Miller,MIN,PF,"6'9.25""",81.25,"7'2""",86,4.75,13,32,0.4,10.9,0.667,0.333,0.6,0,0.4,1,0.54
Lonnie Walker IV,PHI,SG,"6'3.75""",75.75,"6'10.5""",82.5,6.75,20,477,0.42,19,0.401,0.599,0.518,0.354,0.526,0.8,0.548
Lonzo Ball,CHI,PG,"6'5.25""",77.25,"6'9""",81,3.75,35,777,0.366,23,0.198,0.802,0.458,0.344,0.504,0.815,0.524
Luguentz Dort,OKC,SG,"6'2.75""",74.75,"6'8.5""",80.5,5.75,71,2073,0.435,19.5,0.304,0.696,0.489,0.412,0.578,0.717,0.586
Luka Dončić,LAL,SF,"6'6.5""",78.5,"6'11""",83,4.5,50,1769,0.45,17.4,0.531,0.469,0.522,0.368,0.536,0.782,0.587
Luka Garza,MIN,C,"6'10""",82,"7'1.5""",85.5,3.5,39,219,0.495,11.8,0.657,0.343,0.609,0.278,0.543,0.686,0.573
Luke Kennard,MEM,SG,"6'4.5""",76.5,"6'5.25""",77.25,0.75,65,1472,0.478,19.1,0.394,0.606,0.547,0.433,0.609,0.895,0.631
Luke Kornet,BOS,C,"7'1""",85,"7'1""",85,0,73,1361,0.668,2.8,0.989,0.011,0.675,0,0.668,0.691,0.683
Malaki Branham,SAS,SG,"6'4""",76,"6'10""",82,6,47,427,0.458,15.3,0.558,0.442,0.5,0.405,0.547,0.818,0.575
Malcolm Brogdon,WAS,PG,"6'3.75""",75.75,"6'10.5""",82.5,6.75,24,564,0.433,11.5,0.767,0.233,0.478,0.286,0.467,0.88,0.544
Malik Beasley,DET,SG,"6'3.5""",75.5,"6'7""",79,3.5,82,2283,0.43,20.8,0.285,0.715,0.466,0.416,0.579,0.679,0.59
Malik Monk,SAC,SG,"6'2.25""",74.25,"6'5""",77,2.75,65,2054,0.439,16,0.544,0.456,0.534,0.325,0.513,0.865,0.549
MarJon Beauchamp,NYK,SG,"6'5.25""",77.25,"7'0.75""",84.75,7.5,35,156,0.415,16,0.554,0.446,0.472,0.345,0.492,0.75,0.535
Marcus Sasser,DET,PG,"6'1.25""",73.25,"6'7""",79,5.75,57,811,0.463,17.5,0.486,0.514,0.549,0.382,0.561,0.843,0.589
Marcus Smart,WAS,PG,"6'2""",74,"6'9.25""",81.25,7.25,34,680,0.393,17.4,0.451,0.549,0.448,0.348,0.488,0.761,0.529
Mark Williams,CHA,C,"7'0""",84,"7'6.5""",90.5,6.5,44,1171,0.604,3.8,0.991,0.009,0.609,0,0.604,0.804,0.647
Markelle Fultz,SAC,PG,"6'3""",75,"6'9""",81,6,21,184,0.418,12.4,0.881,0.119,0.407,0.5,0.448,1,0.452
Markieff Morris,LAL,C,"6'7.75""",79.75,"6'10.75""",82.75,3,15,165,0.3,19.9,0.486,0.514,0.353,0.25,0.364,0.833,0.385
Marvin Bagley III,MEM,PF,"6'10.5""",82.5,"7'0""",84,1.5,31,265,0.519,7.8,0.821,0.179,0.598,0.158,0.533,0.657,0.56
Mason Plumlee,PHX,C,"6'11.25""",83.25,"6'11""",83,-0.25,74,1300,0.619,3.9,0.98,0.02,0.631,0,0.619,0.648,0.645
Matas Buzelis,CHI,PF,"6'8.75""",80.75,"6'10""",82,1.25,80,1511,0.454,13.7,0.521,0.479,0.54,0.361,0.541,0.815,0.571
Matisse Thybulle,POR,SF,"6'5""",77,"6'11.5""",83.5,6.5,15,312,0.477,15.6,0.455,0.545,0.525,0.438,0.597,0.467,0.592
Max Christie,DAL,SG,"6'4.25""",76.25,"6'8.75""",80.75,4.5,78,2127,0.427,16.9,0.468,0.532,0.496,0.366,0.525,0.855,0.57
Max Strus,CLE,SG,"6'5""",77,"6'7.5""",79.5,2.5,50,1273,0.442,20.6,0.214,0.786,0.65,0.386,0.594,0.824,0.607
Maxi Kleber,LAL,C,"6'9.25""",81.25,"6'10.75""",82.75,1.5,34,637,0.385,15.9,0.49,0.51,0.511,0.265,0.453,0.762,0.489
Maxwell Lewis,BKN,SG,"6'6.25""",78.25,"7'0""",84,5.75,28,327,0.417,13.7,0.537,0.463,0.448,0.38,0.505,0.7,0.516
Michael Porter Jr.,DEN,PF,"6'9.75""",81.75,"7'0""",84,2.25,77,2593,0.504,15.9,0.533,0.467,0.599,0.395,0.596,0.768,0.617
Mikal Bridges,NYK,SF,"6'5.75""",77.75,"7'1""",85,7.25,82,3036,0.5,14.7,0.609,0.391,0.594,0.354,0.57,0.814,0.585
Mike Conley,MIN,PG,"5'11""",71,"6'5.75""",77.75,6.75,71,1756,0.4,19.4,0.338,0.662,0.38,0.41,0.535,0.9,0.573
Miles Bridges,CHA,SF,"6'5.25""",77.25,"6'9.5""",81.5,4.25,64,2029,0.431,13.8,0.587,0.413,0.513,0.313,0.495,0.87,0.541
Miles McBride,NYK,PG,"6'1""",73,"6'8.75""",80.75,7.75,64,1593,0.406,18.3,0.43,0.57,0.455,0.369,0.511,0.813,0.531
Monte Morris,PHX,PG,"6'1.25""",73.25,"6'4""",76,2.75,45,571,0.426,16.1,0.559,0.441,0.477,0.36,0.505,0.857,0.546
Moritz Wagner,ORL,C,"6'10""",82,"7'0""",84,2,30,564,0.562,9.5,0.699,0.301,0.649,0.36,0.616,0.718,0.649
Moses Moody,GSW,SG,"6'4.5""",76.5,"7'0.75""",84.75,8.25,74,1649,0.433,17,0.407,0.593,0.519,0.374,0.544,0.797,0.578
Mouhamed Gueye,ATL,C,"6'10.25""",82.25,"7'3.25""",87.25,5,33,533,0.421,13.3,0.526,0.474,0.567,0.259,0.482,0.762,0.52
Moussa Diabaté,CHA,C,"6'9.25""",81.25,"7'2.5""",86.5,5.25,71,1241,0.596,3.6,0.979,0.021,0.609,0,0.596,0.595,0.609
Myles Turner,IND,C,"6'9.75""",81.75,"7'4""",88,6.25,72,2174,0.481,16.2,0.514,0.486,0.561,0.396,0.577,0.773,0.612
Naji Marshall,DAL,SF,"6'5.75""",77.75,"7'0.75""",84.75,7,69,1919,0.508,12,0.694,0.306,0.611,0.275,0.551,0.813,0.584
Naz Reid,MIN,C,"6'8.75""",80.75,"7'3.25""",87.25,6.5,80,2200,0.462,15.4,0.499,0.501,0.544,0.379,0.556,0.776,0.577
Neemias Queta,BOS,C,"6'10.75""",82.75,"7'4.25""",88.25,5.5,62,863,0.65,3.6,0.985,0.015,0.66,0,0.65,0.754,0.674
Nic Claxton,BKN,C,"6'10""",82,"7'2.5""",86.5,4.5,70,1882,0.563,5.3,0.963,0.037,0.576,0.238,0.568,0.513,0.569
Nick Richards,PHX,C,"6'10.5""",82.5,"7'2.25""",86.25,3.75,57,1256,0.591,4,0.994,0.006,0.594,0,0.591,0.744,0.634
Nick Smith Jr.,CHA,SG,"6'5""",77,"6'8""",80,3,60,1369,0.391,18.5,0.461,0.539,0.45,0.34,0.482,0.935,0.502
Nickeil Alexander-Walker,MIN,SG,"6'4.25""",76.25,"6'9.5""",81.5,5.25,82,2073,0.438,17.5,0.399,0.601,0.524,0.381,0.553,0.78,0.579
Nicolas Batum,LAC,SF,"6'8.25""",80.25,"7'1""",85,4.75,78,1367,0.437,22.1,0.147,0.853,0.457,0.433,0.622,0.81,0.633
Nikola Jokić,DEN,C,"6'11.5""",83.5,"7'3""",87,3.5,70,2571,0.576,11.5,0.757,0.243,0.627,0.417,0.627,0.8,0.663
Nikola Jović,MIA,PF,"6'9.5""",81.5,"7'0.25""",84.25,2.75,46,1156,0.456,16.1,0.443,0.557,0.563,0.371,0.56,0.828,0.595
Nikola Vučević,CHI,C,"6'10.25""",82.25,"7'4.5""",88.5,6.25,73,2278,0.53,12.5,0.691,0.309,0.587,0.402,0.592,0.805,0.611
Noah Clowney,BKN,PF,"6'10""",82,"7'2""",86,4,46,1042,0.358,19.2,0.298,0.702,0.414,0.333,0.474,0.838,0.516
Norman Powell,LAC,SG,"6'3""",75,"6'10.75""",82.75,7.75,60,1958,0.484,15.3,0.547,0.453,0.538,0.418,0.578,0.804,0.615
OG Anunoby,NYK,SF,"6'6.25""",78.25,"7'2.25""",86.25,8,74,2706,0.476,13.5,0.552,0.448,0.561,0.372,0.559,0.81,0.591
Obi Toppin,IND,PF,"6'8.75""",80.75,"7'2""",86,5.25,79,1545,0.529,14.9,0.497,0.503,0.695,0.365,0.621,0.781,0.642
Ochai Agbaji,TOR,SG,"6'4.5""",76.5,"6'10.25""",82.25,5.75,64,1739,0.498,13.2,0.526,0.474,0.587,0.399,0.593,0.708,0.601
Olivier-Maxence Prosper,DAL,PF,"6'6.75""",78.75,"7'1""",85,6.25,52,584,0.402,10.4,0.707,0.293,0.472,0.235,0.437,0.645,0.484
Onyeka Okongwu,ATL,C,"6'8.25""",80.25,"7'2""",86,5.75,74,2064,0.567,7.9,0.784,0.216,0.634,0.324,0.602,0.759,0.634
Orlando Robinson,TOR,C,"6'10""",82,"7'4""",88,6,44,770,0.444,10,0.801,0.199,0.474,0.327,0.477,0.771,0.519
Oscar Tshiebwe,UTA,C,"6'7.25""",79.25,"7'3.5""",87.5,8.25,14,255,0.6,4.6,1,0,0.6,NA,0.6,0.742,0.64
Oso Ighodaro,PHX,C,"6'9.5""",81.5,"6'11""",83,1.5,61,1045,0.604,6.4,0.989,0.011,0.611,0,0.604,0.58,0.61
Ousmane Dieng,OKC,SF,"6'9.5""",81.5,"7'0""",84,2.5,37,405,0.432,16.6,0.432,0.568,0.574,0.324,0.524,0.688,0.538
P.J. Tucker,NYK,PF,"6'4.5""",76.5,"6'11.5""",83.5,7,3,58,0.429,23.9,0.143,0.857,0,0.5,0.643,NA,0.643
P.J. Washington,DAL,PF,"6'6.5""",78.5,"7'2.5""",86.5,8,57,1835,0.453,12.3,0.641,0.359,0.493,0.381,0.521,0.722,0.556
Pacome Dadiet,NYK,SG,"6'7.5""",79.5,"6'9""",81,1.5,18,111,0.323,18.4,0.387,0.613,0.333,0.316,0.419,0.667,0.446
Paolo Banchero,ORL,PF,"6'9""",81,"7'0.5""",84.5,3.5,46,1582,0.452,13.8,0.701,0.299,0.509,0.32,0.5,0.727,0.551
Pascal Siakam,IND,PF,"6'8.25""",80.25,"7'3.25""",87.25,7,78,2548,0.519,12.4,0.726,0.274,0.568,0.389,0.572,0.734,0.599
Pat Connaughton,MIL,SG,"6'4""",76,"6'8""",80,4,41,603,0.469,13.7,0.542,0.458,0.594,0.321,0.542,0.774,0.567
Patrick Baldwin Jr.,LAC,PF,"6'9.25""",81.25,"7'1.75""",85.75,4.5,24,107,0.543,21.2,0.343,0.657,0.5,0.565,0.729,0.5,0.721
Patrick Williams,CHI,SF,"6'7""",79,"6'11""",83,4,63,1576,0.397,16.6,0.473,0.527,0.447,0.353,0.49,0.723,0.512
Patty Mills,LAC,PG,"5'11.25""",71.25,"6'2""",74,2.75,29,321,0.375,23.1,0.219,0.781,0.476,0.347,0.51,0.929,0.543
Paul George,PHI,SF,"6'7.75""",79.75,"6'11.25""",83.25,3.5,41,1334,0.43,18,0.53,0.47,0.493,0.358,0.514,0.814,0.543
Paul Reed,DET,PF,"6'9""",81,"7'1.5""",85.5,4.5,45,438,0.507,9.6,0.803,0.197,0.561,0.286,0.535,0.762,0.573
Payton Pritchard,BOS,PG,"6'1""",73,"6'4""",76,3,80,2271,0.472,21.3,0.277,0.723,0.642,0.407,0.62,0.845,0.633
Peyton Watson,DEN,SF,"6'6.75""",78.75,"7'0.5""",84.5,5.75,68,1656,0.477,10.7,0.682,0.318,0.534,0.353,0.533,0.693,0.564
Precious Achiuwa,NYK,PF,"6'7.5""",79.5,"7'0.75""",84.75,5.25,57,1170,0.502,6.2,0.89,0.11,0.529,0.278,0.517,0.594,0.53
Quentin Grimes,PHI,SG,"6'4""",76,"6'7.75""",79.75,3.75,75,2013,0.467,16.2,0.488,0.512,0.552,0.385,0.565,0.757,0.595
RJ Barrett,TOR,SF,"6'5""",77,"6'10""",82,5,58,1869,0.468,10.9,0.688,0.312,0.522,0.35,0.523,0.63,0.547
Reed Sheppard,HOU,PG,"6'1.75""",73.75,"6'3.25""",75.25,1.5,52,654,0.351,19.5,0.406,0.594,0.371,0.338,0.452,0.813,0.465
Richaun Holmes,WAS,C,"6'8.25""",80.25,"7'1.5""",85.5,5.25,31,534,0.647,3.6,0.978,0.022,0.662,0,0.647,0.833,0.695
Rob Dillingham,MIN,PG,"6'1""",73,"6'3""",75,2,49,516,0.441,13.9,0.649,0.351,0.496,0.338,0.5,0.533,0.503
Robert Williams,POR,C,"6'8""",80,"7'5.5""",89.5,9.5,20,351,0.641,3.7,0.962,0.038,0.653,0.333,0.647,0.882,0.679
Ron Holland,DET,SG,"6'6.5""",78.5,"6'10.75""",82.75,4.25,81,1266,0.474,12.1,0.637,0.363,0.608,0.238,0.517,0.754,0.556
Royce O'Neale,PHX,SF,"6'4""",76,"6'9""",81,5,75,1837,0.423,21.2,0.226,0.774,0.481,0.406,0.58,0.731,0.585
Rudy Gobert,MIN,C,"7'0.5""",84.5,"7'8.5""",92.5,8,72,2388,0.669,2.4,1,0,0.669,NA,0.669,0.674,0.687
Rui Hachimura,LAL,PF,"6'7.75""",79.75,"7'2""",86,6.25,59,1869,0.509,13.7,0.571,0.429,0.581,0.413,0.597,0.77,0.619
Russell Westbrook,DEN,PG,"6'2.25""",74.25,"6'7.75""",79.75,5.5,75,2092,0.449,12.3,0.65,0.35,0.517,0.323,0.505,0.661,0.532
Ryan Dunn,PHX,PF,"6'6.25""",78.25,"7'1.5""",85.5,7.25,74,1410,0.43,16,0.447,0.553,0.577,0.311,0.516,0.487,0.517
Ryan Rollins,MIL,PG,"6'2""",74,"6'9.75""",81.75,7.75,56,820,0.487,14.6,0.557,0.443,0.55,0.408,0.577,0.8,0.6
Sam Hauser,BOS,SF,"6'6.75""",78.75,"6'9.25""",81.25,2.5,71,1541,0.451,22.9,0.158,0.842,0.64,0.416,0.627,1,0.632
Sam Merrill,CLE,SG,"6'3.5""",75.5,"6'5""",77,1.5,71,1401,0.406,22.7,0.132,0.868,0.625,0.372,0.567,0.966,0.583
Sandro Mamukelashvili,SAS,PF,"6'9""",81,"7'1.25""",85.25,4.25,61,681,0.502,16.1,0.427,0.573,0.675,0.373,0.609,0.741,0.628
Santi Aldama,MEM,PF,"6'10.75""",82.75,"6'11""",83,0.25,65,1660,0.483,15.6,0.497,0.503,0.599,0.368,0.576,0.691,0.588
Scoot Henderson,POR,PG,"6'2""",74,"6'9""",81,7,66,1759,0.419,14.9,0.566,0.434,0.469,0.354,0.496,0.767,0.54
Scottie Barnes,TOR,SF,"6'7""",79,"7'2.75""",86.75,7.75,65,2134,0.446,12.6,0.737,0.263,0.508,0.271,0.482,0.755,0.523
Seth Curry,CHA,SG,"6'1""",73,"6'4""",76,3,68,1062,0.478,18.8,0.469,0.531,0.503,0.456,0.599,0.846,0.616
Shaedon Sharpe,POR,SG,"6'4.25""",76.25,"6'11.5""",83.5,7.25,72,2252,0.452,15.7,0.572,0.428,0.557,0.311,0.519,0.785,0.551
Shai Gilgeous-Alexander,OKC,PG,"6'4.5""",76.5,"6'11.5""",83.5,7,76,2598,0.519,12.9,0.737,0.263,0.571,0.375,0.569,0.898,0.637
Shake Milton,LAL,SG,"6'4.5""",76.5,"7'0.75""",84.75,8.25,57,837,0.453,14.3,0.583,0.417,0.52,0.358,0.528,0.797,0.563
Sidy Cissoko,POR,SF,"6'5.5""",77.5,"6'9.75""",81.75,4.25,22,114,0.433,13.7,0.567,0.433,0.588,0.231,0.483,0.333,0.471
Spencer Dinwiddie,DAL,PG,"6'4.5""",76.5,"6'8.25""",80.25,3.75,79,2136,0.416,15.9,0.522,0.478,0.492,0.334,0.496,0.802,0.553
Stephen Curry,GSW,PG,"6'2""",74,"6'3.5""",75.5,1.5,70,2252,0.448,20,0.377,0.623,0.534,0.397,0.572,0.933,0.618
Stephon Castle,SAS,SG,"6'5.5""",77.5,"6'9""",81,3.5,81,2162,0.428,12.6,0.663,0.337,0.501,0.285,0.476,0.724,0.522
Steven Adams,HOU,C,"6'10.75""",82.75,"7'4.5""",88.5,5.75,58,794,0.545,4.1,0.988,0.012,0.552,0,0.545,0.462,0.541
Svi Mykhailiuk,UTA,SG,"6'6.5""",78.5,"6'5""",77,-1.5,38,760,0.391,19.7,0.328,0.672,0.485,0.345,0.507,0.8,0.526
T.J. McConnell,IND,PG,"6'0.5""",72.5,"6'2""",74,1.5,79,1415,0.519,9.1,0.921,0.079,0.537,0.306,0.531,0.74,0.547
Talen Horton-Tucker,CHI,SG,"6'2.5""",74.5,"7'1.25""",85.25,10.75,58,724,0.457,12.6,0.581,0.419,0.544,0.336,0.527,0.735,0.567
Tari Eason,HOU,PF,"6'6.75""",78.75,"7'2""",86,7.25,57,1420,0.487,11.3,0.671,0.329,0.557,0.342,0.543,0.76,0.567
Taurean Prince,MIL,SF,"6'6.5""",78.5,"6'11.5""",83.5,5,80,2166,0.457,18,0.348,0.652,0.492,0.439,0.6,0.813,0.613
Taylor Hendricks,UTA,PF,"6'8.25""",80.25,"7'0.5""",84.5,4.25,3,75,0.222,18.8,0.333,0.667,0.167,0.25,0.306,0.75,0.354
Terance Mann,ATL,SF,"6'4.75""",76.75,"6'7.75""",79.75,3,67,1414,0.496,13.5,0.605,0.395,0.58,0.368,0.569,0.691,0.584
Terrence Shannon Jr.,MIN,SG,"6'5.75""",77.75,"6'8.75""",80.75,3,32,339,0.482,9.8,0.728,0.272,0.53,0.355,0.531,0.81,0.56
Terry Rozier,MIA,PG,"6'0.5""",72.5,"6'8.25""",80.25,7.75,64,1658,0.391,15.7,0.515,0.485,0.48,0.295,0.462,0.852,0.497
Terry Taylor,SAC,PF,"6'4.75""",76.75,"6'11.5""",83.5,6.75,3,6,0,5.9,1,0,0,NA,0,NA,0
Thomas Bryant,IND,C,"6'9.5""",81.5,"7'6""",90,8.5,66,963,0.508,14.9,0.539,0.461,0.665,0.324,0.583,0.859,0.614
Tidjane Salaün,CHA,PF,"6'9""",81,"7'0.75""",84.75,3.75,60,1244,0.33,17.6,0.406,0.594,0.4,0.283,0.414,0.713,0.457
Tim Hardaway Jr.,DET,SG,"6'4.5""",76.5,"6'7""",79,2.5,77,2153,0.406,20.2,0.328,0.672,0.484,0.368,0.529,0.855,0.567
Tobias Harris,DET,PF,"6'6.5""",78.5,"6'11""",83,4.5,73,2305,0.477,13.1,0.672,0.328,0.542,0.345,0.534,0.861,0.571
Toumani Camara,POR,PF,"6'7""",79,"7'0.5""",84.5,5.5,78,2548,0.458,14,0.497,0.503,0.542,0.375,0.552,0.722,0.572
Trae Young,ATL,PG,"6'0.5""",72.5,"6'3""",75,2.5,76,2739,0.411,17.3,0.533,0.467,0.474,0.34,0.491,0.875,0.567
Trayce Jackson-Davis,GSW,C,"6'8.25""",80.25,"7'1""",85,4.75,62,967,0.576,3.4,0.99,0.01,0.582,0,0.576,0.578,0.587
Tre Jones,CHI,PG,"6'1""",73,"6'4""",76,3,46,905,0.538,8.9,0.798,0.202,0.574,0.396,0.578,0.821,0.617
Tre Mann,CHA,PG,"6'3.25""",75.25,"6'4""",76,0.75,13,319,0.435,13.6,0.627,0.373,0.455,0.4,0.509,0.905,0.537
Trendon Watford,BKN,PF,"6'7.5""",79.5,"7'2.25""",86.25,6.75,44,913,0.469,10.2,0.749,0.251,0.515,0.33,0.51,0.762,0.557
Trey Lyles,SAC,PF,"6'9""",81,"7'1.5""",85.5,4.5,69,1349,0.42,17.6,0.364,0.636,0.559,0.34,0.528,0.7,0.551
Trey Murphy III,NOP,SF,"6'7.5""",79.5,"7'0""",84,4.5,53,1854,0.454,16.6,0.478,0.522,0.556,0.361,0.548,0.887,0.598
Tristan Da Silva,ORL,PF,"6'8.25""",80.25,"6'10.25""",82.25,2,74,1629,0.412,15.1,0.505,0.495,0.488,0.335,0.495,0.873,0.522
Ty Jerome,CLE,PG,"6'4.25""",76.25,"6'4""",76,-0.25,70,1392,0.516,15.6,0.591,0.409,0.57,0.439,0.606,0.872,0.643
TyTy Washington Jr.,PHX,PG,"6'2.25""",74.25,"6'8""",80,5.75,16,118,0.311,17.4,0.533,0.467,0.417,0.19,0.356,0.5,0.367
Tyler Herro,MIA,SG,"6'4.5""",76.5,"6'3.25""",75.25,-1.25,77,2725,0.472,16.7,0.514,0.486,0.565,0.375,0.563,0.878,0.605
Tyler Kolek,NYK,PG,"6'1.25""",73.25,"6'2.75""",74.75,1.5,41,296,0.329,17.2,0.427,0.573,0.371,0.298,0.415,0.765,0.453
Tyler Smith,MIL,PF,"6'9""",81,"7'1""",85,4,23,122,0.48,17.2,0.4,0.6,0.55,0.433,0.61,0.75,0.626
Tyrese Haliburton,IND,PG,"6'4.75""",76.75,"6'7.75""",79.75,3,73,2451,0.473,19.3,0.441,0.559,0.581,0.388,0.582,0.851,0.616
Tyrese Maxey,PHI,PG,"6'2""",74,"6'7""",79,5,52,1960,0.437,15.1,0.562,0.438,0.515,0.337,0.511,0.879,0.562
Tyus Jones,PHX,PG,"6'0.5""",72.5,"6'5""",77,4.5,81,2174,0.448,18.3,0.413,0.587,0.496,0.414,0.57,0.895,0.585
Vasilije Micić,PHX,PG,"6'4""",76,"6'7""",79,3,41,785,0.348,17,0.542,0.458,0.338,0.36,0.43,0.829,0.462
Victor Wembanyama,SAS,C,"7'4""",88,"8'0""",96,8,46,1527,0.476,17,0.53,0.47,0.586,0.352,0.559,0.836,0.594
Vince Williams Jr.,MEM,SG,"6'4""",76,"6'11""",83,7,27,499,0.401,16.9,0.431,0.569,0.569,0.274,0.479,0.792,0.504
Vlatko Čančar,DEN,PF,"6'7.75""",79.75,"6'11""",83,3.25,13,136,0.385,16.4,0.423,0.577,0.545,0.267,0.462,NA,0.462
Walker Kessler,UTA,C,"7'0.25""",84.25,"7'4.25""",88.25,4,58,1740,0.663,4.3,0.919,0.081,0.706,0.176,0.671,0.52,0.66
Wendell Carter Jr.,ORL,C,"6'8.75""",80.75,"7'4.5""",88.5,7.75,68,1758,0.46,12.1,0.678,0.322,0.568,0.234,0.498,0.737,0.544
Wendell Moore Jr.,CHA,SG,"6'4.25""",76.25,"7'0.75""",84.75,8.5,36,499,0.468,11.1,0.675,0.325,0.529,0.341,0.524,0.818,0.553
Xavier Tillman Sr.,BOS,PF,"6'7.5""",79.5,"7'2""",86,6.5,33,231,0.245,17.2,0.396,0.604,0.381,0.156,0.292,0.75,0.31
Yves Missi,NOP,C,"6'10.75""",82.75,"7'2""",86,3.25,73,1956,0.547,2.8,0.998,0.002,0.548,0,0.547,0.623,0.572
Zaccharie Risacher,ATL,SF,"6'8.25""",80.25,"6'10.5""",82.5,2.25,75,1843,0.458,13.5,0.558,0.442,0.54,0.355,0.537,0.711,0.558
Zach Collins,CHI,C,"6'10.25""",82.25,"7'1""",85,2.75,64,977,0.507,11.6,0.649,0.351,0.617,0.302,0.56,0.885,0.605
Zach Edey,MEM,C,"7'3.75""",87.75,"7'10.75""",94.75,7,66,1416,0.58,6.1,0.88,0.12,0.612,0.346,0.6,0.709,0.624
Zach LaVine,SAC,SG,"6'4.5""",76.5,"6'8.25""",80.25,3.75,74,2602,0.511,15.9,0.562,0.438,0.562,0.446,0.609,0.825,0.639
Zeke Nnaji,DEN,PF,"6'9.25""",81.25,"7'2""",86,4.75,57,608,0.496,11.4,0.631,0.369,0.596,0.327,0.557,0.614,0.574
Ziaire Williams,BKN,SF,"6'8.25""",80.25,"6'10.25""",82.25,2,63,1541,0.412,16.2,0.419,0.581,0.509,0.341,0.511,0.821,0.55
Zion Williamson,NOP,PF,"6'5.75""",77.75,"6'10.5""",82.5,4.75,30,857,0.567,4.8,0.974,0.026,0.576,0.231,0.57,0.656,0.6
