name,team,position,height,height_inches,wingspan,wingspan_inches,wingspan_advantage,games,minutes,avg_dist_of_fg,2pt_rate,3pt_rate,fg_percent,2pt_percent,3pt_percent,ft_percent,e_fg_percent,ts_percent,pts,trb,stl,blk,d_rtg,dws,dbpm
AJ Johnson,WAS,SG,"6'4.25""",76.25,"6'8.5""",80.5,4.25,29,639,12,0.577,0.423,0.385,0.472,0.267,0.865,0.441,0.48,12.4,3.3,0.7,0.2,123,0,-2.5
Aaron Gordon,DEN,PF,"6'7.5""",79.5,"6'11.75""",83.75,4.25,51,1447,11.8,0.654,0.346,0.531,0.582,0.436,0.81,0.607,0.65,18.6,6.1,0.6,0.3,120,0.7,-1.5
Aaron Holiday,HOU,PG,"5'11.75""",71.75,"6'7.5""",79.5,7.75,62,792,20.8,0.325,0.675,0.437,0.517,0.398,0.829,0.571,0.594,15.5,3.5,0.9,0.5,114,0.8,0.1
Aaron Nesmith,IND,SF,"6'5""",77,"6'10""",82,5,45,1123,15.7,0.485,0.515,0.507,0.587,0.431,0.913,0.617,0.653,17.3,5.7,1.1,0.5,116,1,-0.5
Aaron Wiggins,OKC,SG,"6'4.5""",76.5,"6'9.75""",81.75,5.25,76,1744,14.2,0.534,0.466,0.488,0.578,0.383,0.831,0.577,0.596,18.9,6.1,1.2,0.4,110,2.7,-0.2
Adem Bona,PHI,C,"6'8.25""",80.25,"7'3.75""",87.75,7.5,58,905,2.3,0.995,0.005,0.703,0.707,0,0.67,0.703,0.714,13.4,9.7,1,2.7,115,0.9,0.2
Ajay Mitchell,OKC,SG,"6'3.25""",75.25,"6'6.25""",78.25,3,36,597,12.2,0.674,0.326,0.495,0.548,0.383,0.829,0.557,0.587,14.1,4.1,1.5,0.2,111,0.9,0.9
Al Horford,BOS,C,"6'8""",80,"7'0.75""",84.75,4.75,60,1659,19,0.319,0.681,0.423,0.551,0.363,0.895,0.547,0.563,11.7,8,0.8,1.1,111,2.4,1.1
Alec Burks,MIA,SG,"6'5""",77,"6'10""",82,5,49,863,20.8,0.236,0.764,0.424,0.422,0.425,0.776,0.587,0.608,14.9,5.2,1.2,0.3,114,0.9,0.3
Alex Caruso,OKC,PG,"6'4""",76,"6'6""",78,2,54,1041,15.2,0.459,0.541,0.446,0.556,0.353,0.824,0.541,0.568,13.2,5.5,3,1,104,2.3,3.9
Alex Sarr,WAS,PF,"6'11.75""",83.75,"7'4.25""",88.25,4.5,67,1814,14.4,0.588,0.412,0.394,0.454,0.308,0.679,0.457,0.482,17.2,8.6,0.9,2,117,1.3,-1
Alperen Şengün,HOU,C,"6'10""",82,"7'0.5""",84.5,2.5,76,2395,7.5,0.921,0.079,0.496,0.519,0.233,0.692,0.505,0.545,21.8,11.8,1.3,0.9,108,4.2,1.8
Amen Thompson,HOU,SF,"6'5.75""",77.75,"7'0""",84,6.25,69,2225,7.8,0.869,0.131,0.557,0.599,0.275,0.684,0.575,0.602,15.7,9.1,1.6,1.4,108,3.9,2.6
Amir Coffey,LAC,SF,"6'6.75""",78.75,"6'7.25""",79.25,0.5,72,1748,16.2,0.516,0.484,0.471,0.529,0.409,0.891,0.57,0.614,14.3,3.3,0.8,0.1,115,1.7,-0.2
Andre Drummond,PHI,C,"6'9.75""",81.75,"7'6.25""",90.25,8.5,40,751,5.4,0.915,0.085,0.5,0.533,0.15,0.622,0.506,0.535,14,14.9,1.9,0.9,112,1,-0.8
Andre Jackson Jr.,MIL,SF,"6'5.5""",77.5,"6'9.75""",81.75,4.25,67,980,12.2,0.614,0.386,0.477,0.529,0.395,0.5,0.553,0.554,8.4,6.7,1.2,0.5,114,1,0.2
Andrew Nembhard,IND,PG,"6'3""",75,"6'5.75""",77.75,2.75,65,1881,14.9,0.675,0.325,0.458,0.538,0.291,0.794,0.506,0.545,12.5,4.1,1.5,0.2,116,1.7,0.3
Andrew Wiggins,MIA,SF,"6'7""",79,"7'0""",84,5,60,1842,14.5,0.585,0.415,0.448,0.501,0.374,0.763,0.526,0.566,21.1,5.3,1.2,1,113,2.1,-0.3
Anfernee Simons,POR,PG,"6'2.25""",74.25,"6'9.25""",81.25,7,70,2292,17.9,0.473,0.527,0.426,0.496,0.363,0.902,0.521,0.557,21.2,3,0.9,0.1,119,1.2,-1.5
Anthony Black,ORL,PG,"6'5.75""",77.75,"6'7.5""",79.5,1.75,78,1887,12,0.685,0.315,0.423,0.471,0.318,0.761,0.473,0.521,14,4.4,1.6,0.9,110,3,1.2
Anthony Davis,DAL,C,"6'9.25""",81.25,"7'5.5""",89.5,8.25,51,1706,10.8,0.864,0.136,0.516,0.553,0.282,0.775,0.536,0.588,26.6,12.5,1.2,2.3,108,3,1.5
Anthony Edwards,MIN,SG,"6'3""",75,"6'9""",81,6,79,2871,16.9,0.497,0.503,0.447,0.501,0.395,0.837,0.547,0.595,27.3,5.6,1.1,0.6,112,3.8,0
Ausar Thompson,DET,SF,"6'5.75""",77.75,"7'0""",84,6.25,59,1328,6,0.893,0.107,0.535,0.572,0.224,0.641,0.547,0.568,16.1,8.2,2.7,1.1,108,2.4,2.5
Austin Reaves,LAL,SG,"6'4.5""",76.5,"6'6.25""",78.25,1.75,73,2550,17.1,0.488,0.512,0.46,0.547,0.377,0.877,0.556,0.616,20.8,4.6,1.1,0.3,117,2.1,-0.5
Ayo Dosunmu,CHI,SG,"6'3.5""",75.5,"6'10.25""",82.25,6.75,46,1394,12.4,0.579,0.421,0.492,0.612,0.328,0.785,0.561,0.585,14.6,4.2,1.1,0.5,118,1,-0.2
Bam Adebayo,MIA,C,"6'8.75""",80.75,"7'2.75""",86.75,6,78,2674,11.4,0.801,0.199,0.485,0.517,0.357,0.765,0.521,0.561,19,10.1,1.3,0.7,110,4,1
Ben Sheppard,IND,SG,"6'5.25""",77.25,"6'7.75""",79.75,2.5,63,1228,18.3,0.307,0.693,0.418,0.591,0.342,0.889,0.537,0.555,9.7,5.2,1.1,0.4,116,1,0.2
Bennedict Mathurin,IND,SF,"6'4.5""",76.5,"6'9""",81,4.5,72,2149,13.2,0.662,0.338,0.458,0.519,0.34,0.831,0.516,0.579,19.4,6.4,0.8,0.4,116,1.8,-1.5
Bilal Coulibaly,WAS,SF,"6'6""",78,"7'2.5""",86.5,9,59,1948,13.3,0.641,0.359,0.421,0.5,0.281,0.746,0.472,0.515,13.4,5.4,1.4,0.8,120,0.9,-0.7
Blake Wesley,SAS,PG,"6'3""",75,"6'9.25""",81.25,6.25,58,683,10.8,0.688,0.312,0.435,0.5,0.293,0.623,0.481,0.51,11.4,3.2,2,0.3,118,0.4,-0.3
Bobby Portis,MIL,PF,"6'9.5""",81.5,"7'2""",86,4.5,49,1244,14.1,0.701,0.299,0.466,0.508,0.365,0.836,0.52,0.542,19.7,11.9,1,0.8,110,1.9,-0.4
Bogdan Bogdanović,LAC,SG,"6'5.5""",77.5,"6'11""",83,5.5,54,1348,18.7,0.413,0.587,0.427,0.517,0.363,0.879,0.534,0.559,15.6,4.2,1.1,0.3,116,1.2,-0.2
Bol Bol,PHX,C,"7'0.75""",84.75,"7'7""",91,6.25,36,448,17.3,0.492,0.508,0.525,0.711,0.344,0.769,0.612,0.627,19.6,8.4,0.7,2,117,0.3,-0.9
Bradley Beal,PHX,SG,"6'3.25""",75.25,"6'8""",80,4.75,53,1702,15.2,0.62,0.38,0.497,0.565,0.386,0.803,0.571,0.598,19.1,3.7,1.2,0.6,121,0.6,-1
Brandin Podziemski,GSW,SG,"6'3.75""",75.75,"6'5.5""",77.5,1.75,64,1716,17.2,0.509,0.491,0.445,0.516,0.372,0.758,0.537,0.557,15.7,6.8,1.4,0.3,112,2.3,0.8
Brandon Boston Jr.,NOP,SG,"6'5.75""",77.75,"6'10.75""",82.75,5,42,993,14.9,0.633,0.367,0.436,0.485,0.35,0.788,0.5,0.535,16.2,4.9,1.9,0.3,120,0.5,-0.2
Brandon Clarke,MEM,PF,"6'7.25""",79.25,"6'8.25""",80.25,1,64,1207,5.7,0.955,0.045,0.621,0.647,0.059,0.701,0.622,0.638,15.9,9.7,1.6,1.1,112,1.7,0.8
Brandon Ingram,TOR,SF,"6'7""",79,"7'3""",87,8,18,595,16,0.655,0.345,0.465,0.514,0.374,0.855,0.53,0.56,24.2,6.1,1,0.7,121,0.2,-1.7
Brandon Miller,CHA,SF,"6'9""",81,"6'11.5""",83.5,3,27,924,19,0.403,0.597,0.403,0.475,0.355,0.861,0.509,0.54,22.1,5.1,1.1,0.8,117,0.7,-0.8
Brice Sensabaugh,UTA,SF,"6'6""",78,"6'11""",83,5,71,1432,18.7,0.379,0.621,0.459,0.52,0.422,0.89,0.59,0.612,19.4,5.3,1.2,0.2,122,0.3,-1.6
Brook Lopez,MIL,C,"6'11.25""",83.25,"7'5.5""",89.5,6.25,80,2546,16,0.518,0.482,0.509,0.636,0.373,0.826,0.599,0.624,14.7,5.7,0.7,2.1,114,2.9,0.4
Bruce Brown,NOP,SG,"6'3.25""",75.25,"6'9""",81,5.75,41,922,11.1,0.738,0.262,0.421,0.452,0.333,0.815,0.464,0.504,13.3,6.4,1.3,0.4,118,0.6,-0.6
Bub Carrington,WAS,SG,"6'3.75""",75.75,"6'8""",80,4.25,82,2458,19.1,0.456,0.544,0.401,0.475,0.339,0.812,0.493,0.514,11.8,5,0.8,0.3,121,0.6,-1.3
Buddy Hield,GSW,SG,"6'3.75""",75.75,"6'9.25""",81.25,5.5,82,1863,20,0.302,0.698,0.417,0.527,0.37,0.828,0.546,0.56,17.6,5.1,1.3,0.4,113,2.2,-0.3
CJ McCollum,NOP,SG,"6'2.25""",74.25,"6'6.25""",78.25,4,56,1832,16.1,0.541,0.459,0.444,0.505,0.373,0.717,0.53,0.55,23.2,4.2,0.9,0.5,123,0.2,-2.6
Cade Cunningham,DET,SG,"6'6""",78,"7'0.25""",84.25,6.25,70,2452,12.6,0.713,0.287,0.469,0.515,0.356,0.846,0.521,0.565,26.9,6.2,1,0.8,113,2.9,0.1
Caleb Houstan,ORL,SG,"6'7.5""",79.5,"6'11""",83,3.5,58,788,22.4,0.158,0.842,0.421,0.533,0.4,0.882,0.589,0.605,10.9,3.4,1,0.3,114,0.9,0.2
Caleb Martin,DAL,SF,"6'4""",76,"6'10.25""",82.25,6.25,45,1218,13.2,0.661,0.339,0.424,0.458,0.359,0.622,0.485,0.513,10.5,5.2,1.4,0.7,119,0.7,-0.2
Cam Reddish,LAL,SF,"6'6.5""",78.5,"7'0.5""",84.5,6,33,589,14.7,0.5,0.5,0.404,0.532,0.277,0.615,0.473,0.498,6.4,4,2,0.6,114,0.6,1.6
Cam Thomas,BKN,SG,"6'3""",75,"6'6.5""",78.5,3.5,25,781,16.3,0.57,0.43,0.438,0.506,0.349,0.881,0.513,0.575,27.6,3.8,0.7,0.1,120,0.4,-2.6
Cam Whitmore,HOU,SF,"6'5.75""",77.75,"6'8.5""",80.5,2.75,51,827,14.9,0.546,0.454,0.444,0.518,0.355,0.75,0.525,0.549,20.8,6.6,1.3,0.6,111,1.2,-0.4
Cameron Johnson,BKN,PF,"6'7""",79,"6'10""",82,3,57,1800,17.2,0.454,0.546,0.475,0.578,0.39,0.893,0.582,0.632,21.4,4.9,1.1,0.5,117,1.3,-0.4
Cameron Payne,NYK,PG,"6'0.75""",72.75,"6'7.25""",79.25,6.5,72,1090,17.8,0.426,0.574,0.401,0.453,0.363,0.907,0.506,0.532,16.5,3.4,1.3,0.5,116,1,-0.2
Caris LeVert,ATL,SF,"6'5.75""",77.75,"6'10""",82,4.25,64,1596,14.3,0.526,0.474,0.467,0.552,0.373,0.71,0.556,0.582,17.5,4.6,1.3,0.7,115,1.6,0.1
Cason Wallace,OKC,PG,"6'2.5""",74.5,"6'8.5""",80.5,6,68,1876,13.2,0.575,0.425,0.474,0.562,0.356,0.811,0.55,0.562,10.9,4.4,2.3,0.7,108,3.4,2.6
Chet Holmgren,OKC,C,"7'0""",84,"7'6""",90,6,32,877,12.4,0.66,0.34,0.49,0.547,0.379,0.754,0.554,0.599,19.7,10.5,0.9,2.9,103,2,1.9
Chris Boucher,TOR,C,"6'8""",80,"7'4""",88,8,50,862,14.9,0.478,0.522,0.492,0.633,0.363,0.782,0.586,0.615,21,9.4,1,1,114,1,-0.6
Chris Paul,SAS,PG,"6'1""",73,"6'4""",76,3,82,2292,21.2,0.364,0.636,0.427,0.514,0.377,0.924,0.547,0.58,11.4,4.6,1.6,0.3,118,1.6,0.5
Christian Braun,DEN,SF,"6'5.5""",77.5,"6'6.5""",78.5,1,79,2675,9.9,0.727,0.273,0.58,0.648,0.397,0.827,0.634,0.665,16.4,5.5,1.1,0.5,118,1.9,-0.5
Clint Capela,ATL,C,"6'10""",82,"7'4.5""",88.5,6.5,55,1176,3,0.997,0.003,0.559,0.56,0,0.536,0.559,0.564,14.9,14.4,1,1.6,113,1.5,-0.4
Coby White,CHI,PG,"6'3.5""",75.5,"6'5""",77,1.5,74,2450,16.6,0.479,0.521,0.453,0.544,0.37,0.902,0.55,0.601,22.2,4,1,0.2,118,1.5,-1.4
Cody Martin,PHX,SF,"6'4.75""",76.75,"6'10.25""",82.25,5.5,53,1173,15.3,0.535,0.465,0.418,0.534,0.285,0.705,0.485,0.509,11,6.9,1.7,1,115,1.2,1.1
Cody Williams,UTA,SF,"6'6.5""",78.5,"7'1""",85,6.5,50,1060,16.3,0.475,0.525,0.323,0.393,0.259,0.725,0.391,0.419,7.8,3.8,0.8,0.5,123,0.1,-1.2
Colby Jones,WAS,SG,"6'4.5""",76.5,"6'8""",80,3.5,39,515,14.6,0.62,0.38,0.457,0.538,0.327,0.657,0.519,0.544,11,6.1,1.8,0.9,116,0.4,0.4
Cole Anthony,ORL,PG,"6'2""",74,"6'4.5""",76.5,2.5,67,1234,15.6,0.599,0.401,0.424,0.471,0.353,0.823,0.494,0.531,18.4,6,1.3,0.9,110,2,0.9
Collin Sexton,UTA,PG,"6'0.5""",72.5,"6'7.25""",79.25,6.75,63,1758,13.1,0.687,0.313,0.48,0.513,0.406,0.865,0.543,0.593,23.7,3.5,1,0.1,124,-0.1,-2.3
Corey Kispert,WAS,SF,"6'6""",78,"6'7""",79,1,61,1602,17.5,0.416,0.584,0.451,0.574,0.364,0.852,0.558,0.584,15.8,4.1,0.6,0.3,123,0.1,-2.2
Cory Joseph,ORL,PG,"6'2""",74,"6'5.5""",77.5,3.5,50,612,20.4,0.305,0.695,0.403,0.489,0.364,0.778,0.529,0.547,10.4,4.4,1.5,0.2,111,0.9,1.4
Craig Porter Jr.,CLE,PG,"6'1""",73,"6'4""",76,3,51,513,12.3,0.657,0.343,0.514,0.554,0.438,0.719,0.589,0.61,13.2,4.7,1.2,1.1,113,0.6,1
D'Angelo Russell,BKN,PG,"6'3.25""",75.25,"6'9.75""",81.75,6.5,58,1480,18.4,0.436,0.564,0.39,0.489,0.314,0.834,0.479,0.522,17.8,3.9,1.4,0.6,116,1.3,-0.4
Dalano Banton,POR,SG,"6'9""",81,"6'10.25""",82.25,1.25,67,1120,14.4,0.562,0.438,0.391,0.442,0.324,0.728,0.462,0.497,18,4.3,1.4,1.1,115,1.1,-0.2
Dalen Terry,CHI,SG,"6'6""",78,"7'0.75""",84.75,6.75,73,987,11.7,0.612,0.388,0.448,0.506,0.356,0.71,0.517,0.546,11.9,4.5,1.6,0.5,116,0.8,0.2
Dalton Knecht,LAL,SF,"6'5.25""",77.25,"6'9""",81,3.75,78,1494,18.1,0.39,0.61,0.461,0.594,0.376,0.762,0.576,0.594,17,5.2,0.6,0.2,118,1,-1.7
Damian Lillard,MIL,PG,"6'1.75""",73.75,"6'7.75""",79.75,6,58,2093,18.5,0.472,0.528,0.448,0.528,0.376,0.921,0.547,0.621,24.9,4.7,1.2,0.2,115,2,-0.6
Darius Garland,CLE,PG,"6'1""",73,"6'5""",77,4,75,2301,16.3,0.549,0.451,0.472,0.53,0.401,0.878,0.562,0.6,24.2,3.3,1.4,0.2,115,2.3,-0.8
Davion Mitchell,MIA,PG,"6'0""",72,"6'4.25""",76.25,4.25,74,2027,14.2,0.557,0.443,0.468,0.525,0.398,0.69,0.557,0.573,10.4,3,1.3,0.3,117,1.6,0.2
Day'Ron Sharpe,BKN,C,"6'9""",81,"7'0""",84,3,50,907,6.6,0.858,0.142,0.521,0.566,0.244,0.757,0.538,0.568,15.8,13.1,1.6,1.7,111,1.4,0.9
De'Aaron Fox,SAS,PG,"6'2""",74,"6'6.5""",78.5,4.5,62,2241,14.4,0.672,0.328,0.463,0.538,0.31,0.827,0.514,0.56,23.4,4.8,1.5,0.4,117,1.7,-1
De'Andre Hunter,CLE,SF,"6'7""",79,"7'2""",86,7,64,1740,16.5,0.491,0.509,0.47,0.537,0.405,0.846,0.573,0.623,22.5,5.3,1,0.3,117,1.4,-0.8
DeMar DeRozan,SAC,SF,"6'5.5""",77.5,"6'9""",81,3.5,77,2768,15.3,0.804,0.196,0.477,0.513,0.328,0.857,0.509,0.569,22.2,3.9,0.8,0.4,119,1.4,-1.2
Dean Wade,CLE,PF,"6'9""",81,"6'10""",82,1,59,1252,21,0.181,0.819,0.413,0.653,0.36,0.533,0.561,0.563,9.2,7.2,1.2,0.6,112,1.7,1.2
Deandre Ayton,POR,C,"6'11""",83,"7'6""",90,7,40,1206,8.4,0.932,0.068,0.566,0.594,0.188,0.667,0.573,0.583,17.2,12.1,0.9,1.2,112,1.6,-0.4
Dejounte Murray,NOP,PG,"6'4""",76,"6'10""",82,6,31,1012,14.8,0.648,0.352,0.393,0.444,0.299,0.823,0.445,0.494,19.3,7.1,2.2,0.4,116,0.9,-0.3
Delon Wright,NYK,PG,"6'4.25""",76.25,"6'7.5""",79.5,3.25,40,635,15.6,0.443,0.557,0.344,0.431,0.274,0.6,0.42,0.44,7.1,3.7,2,0.7,114,0.7,1.4
Deni Avdija,POR,SF,"6'8.75""",80.75,"6'8.5""",80.5,-0.25,72,2161,12.9,0.595,0.405,0.476,0.552,0.365,0.78,0.55,0.605,20.3,8.7,1.2,0.6,113,2.5,0.6
Dennis Schröder,DET,PG,"6'1""",73,"6'7.75""",79.75,6.75,75,2105,16.7,0.551,0.449,0.406,0.458,0.342,0.838,0.483,0.531,16.8,3.4,1.1,0.2,117,1.7,-0.9
Derrick Jones Jr.,LAC,PF,"6'6""",78,"7'0""",84,6,77,1873,11.4,0.628,0.372,0.526,0.627,0.356,0.703,0.593,0.609,15,5.1,1.5,0.6,112,2.6,0.7
Derrick White,BOS,SG,"6'3.25""",75.25,"6'7.5""",79.5,4.25,76,2574,20.7,0.279,0.721,0.442,0.593,0.384,0.839,0.58,0.606,17.5,4.8,1,1.1,112,3.4,0.8
Desmond Bane,MEM,SG,"6'5""",77,"6'4.25""",76.25,-0.75,69,2205,14.7,0.589,0.411,0.484,0.548,0.392,0.894,0.565,0.6,21.7,6.8,1.3,0.5,113,2.6,0.6
Devin Booker,PHX,SG,"6'4.5""",76.5,"6'8.25""",80.25,3.75,75,2795,16.2,0.612,0.388,0.461,0.542,0.332,0.894,0.525,0.589,24.8,3.9,0.9,0.2,123,0.3,-2.4
Devin Vassell,SAS,SG,"6'5""",77,"6'10""",82,5,64,1983,17.2,0.517,0.483,0.443,0.513,0.368,0.792,0.532,0.553,18.9,4.6,1.5,0.6,118,1.3,-0.8
Dillon Brooks,HOU,SF,"6'5""",77,"6'6""",78,1,75,2388,17.3,0.476,0.524,0.429,0.465,0.397,0.818,0.533,0.555,15.9,4.1,0.9,0.2,114,2.5,0
Dillon Jones,OKC,SF,"6'4.5""",76.5,"6'11""",83,6.5,54,551,14.4,0.526,0.474,0.383,0.5,0.254,0.607,0.444,0.464,8.8,7.9,1,0.3,109,0.9,0.3
Domantas Sabonis,SAC,C,"6'10""",82,"6'11""",83,1,70,2429,8.1,0.825,0.175,0.59,0.627,0.417,0.754,0.627,0.655,19.8,14.4,0.7,0.4,114,2.7,1.1
Donovan Clingan,POR,C,"7'1.75""",85.75,"7'6.75""",90.75,5,67,1324,5.8,0.853,0.147,0.539,0.582,0.286,0.596,0.56,0.574,11.9,14.3,0.9,3,109,2.2,1.4
Donovan Mitchell,CLE,SG,"6'1.25""",73.25,"6'10""",82,8.75,71,2232,17,0.52,0.48,0.443,0.512,0.368,0.823,0.531,0.575,27.4,5.2,1.5,0.3,113,2.8,-0.2
Donte DiVincenzo,MIN,SG,"6'3.5""",75.5,"6'6""",78,2.5,62,1606,20.5,0.261,0.739,0.422,0.49,0.397,0.778,0.568,0.582,16.2,5.1,1.6,0.4,111,2.2,1.1
Dorian Finney-Smith,LAL,SF,"6'6.5""",78.5,"6'11.75""",83.75,5.25,63,1818,18.8,0.278,0.722,0.448,0.545,0.411,0.667,0.597,0.604,10.9,4.9,1.1,0.5,117,1.4,0.1
Draymond Green,GSW,PF,"6'5.75""",77.75,"7'1.25""",85.25,7.5,68,1983,14.9,0.517,0.483,0.424,0.517,0.325,0.687,0.503,0.534,11.1,7.5,1.8,1.3,109,3.4,2.8
Drew Eubanks,LAC,C,"6'9""",81,"6'11""",83,2,61,746,4.7,0.969,0.031,0.593,0.596,0.5,0.662,0.601,0.622,13.5,10.9,0.6,1.9,115,0.7,0.6
Duop Reath,POR,C,"6'9""",81,"7'1""",85,4,46,469,17.5,0.361,0.639,0.422,0.6,0.321,0.909,0.524,0.552,14.9,7.1,0.9,1.1,116,0.4,-0.5
Dwight Powell,DAL,C,"6'9.5""",81.5,"7'0.5""",84.5,3,55,551,3.9,0.918,0.082,0.689,0.714,0.4,0.651,0.705,0.713,7.4,7.7,1.2,1.4,115,0.5,1.5
Dyson Daniels,ATL,SG,"6'6""",78,"6'10.5""",82.5,4.5,76,2571,10.4,0.745,0.255,0.493,0.545,0.34,0.593,0.536,0.545,15,6.3,3.2,0.8,111,3.7,2.6
Eric Gordon,PHI,SG,"6'2""",74,"6'9""",81,7,39,768,19.9,0.328,0.672,0.426,0.463,0.409,0.75,0.564,0.591,12.5,2.2,1.2,0.6,122,0.2,-0.8
Evan Mobley,CLE,PF,"6'11""",83,"7'4""",88,5,71,2167,9.4,0.746,0.254,0.557,0.621,0.37,0.725,0.604,0.633,21.9,10.9,1,1.9,108,3.8,1.5
Franz Wagner,ORL,SF,"6'9""",81,"6'11.5""",83.5,2.5,60,2023,12.5,0.697,0.303,0.463,0.535,0.295,0.871,0.507,0.558,25.8,6.1,1.3,0.4,110,3.1,0.5
Fred VanVleet,HOU,PG,"6'0""",72,"6'2""",74,2,60,2111,20.2,0.393,0.607,0.378,0.43,0.345,0.81,0.483,0.515,14.4,3.8,1.6,0.4,112,2.8,1.3
GG Jackson II,MEM,PF,"6'8.25""",80.25,"6'11.5""",83.5,3.25,29,459,14.6,0.523,0.477,0.372,0.404,0.337,0.725,0.452,0.482,16.4,7.2,0.9,0.4,115,0.4,-2
Gary Harris,ORL,SG,"6'2.5""",74.5,"6'6.75""",78.75,4.25,48,711,20.7,0.241,0.759,0.383,0.469,0.356,0.583,0.519,0.524,7.3,3.2,1.3,0.6,112,0.9,1.2
Gary Payton II,GSW,SG,"6'2""",74,"6'8""",80,6,62,927,10.1,0.681,0.319,0.574,0.69,0.326,0.711,0.626,0.635,15.5,7.2,2,0.7,110,1.5,2
Gary Trent Jr.,MIL,SG,"6'4.25""",76.25,"6'8.75""",80.75,4.5,74,1893,20.4,0.341,0.659,0.431,0.46,0.416,0.848,0.568,0.591,15.7,3.2,1.4,0.1,116,1.7,-0.4
Georges Niang,ATL,PF,"6'6.75""",78.75,"6'10""",82,3.25,79,1697,18.1,0.34,0.66,0.461,0.569,0.406,0.793,0.595,0.607,16.6,5.8,0.6,0.3,117,1.4,-1.2
Giannis Antetokounmpo,MIL,PF,"6'11""",83,"7'3""",87,4,67,2289,7,0.952,0.048,0.601,0.62,0.222,0.617,0.607,0.625,32,12.6,0.9,1.2,109,3.7,2.5
Goga Bitadze,ORL,C,"6'10.5""",82.5,"7'2""",86,3.5,70,1430,4.9,0.917,0.083,0.611,0.656,0.107,0.639,0.615,0.631,12.6,11.7,1.2,2.5,105,3,2.8
Gradey Dick,TOR,SG,"6'6.25""",78.25,"6'8.75""",80.75,2.5,54,1587,16.3,0.496,0.504,0.41,0.47,0.35,0.858,0.498,0.543,17.6,4.4,1.1,0.2,117,1.2,-1.3
Grant Williams,CHA,PF,"6'5.75""",77.75,"6'9.75""",81.75,4,16,479,17.9,0.398,0.602,0.439,0.551,0.365,0.838,0.549,0.596,12.5,6.2,1.4,1,116,0.4,0.7
Grayson Allen,PHX,SG,"6'3""",75,"6'7.25""",79.25,4.25,64,1544,20,0.284,0.716,0.448,0.504,0.426,0.816,0.6,0.631,15.9,4.5,1.3,0.4,120,0.6,-1
Guerschon Yabusele,PHI,PF,"6'7.5""",79.5,"7'1""",85,5.5,70,1895,14.4,0.513,0.487,0.501,0.616,0.38,0.725,0.593,0.616,14.6,7.5,1.1,0.5,119,1,-1.1
Harrison Barnes,SAS,PF,"6'7""",79,"6'11.25""",83.25,4.25,82,2230,14.8,0.473,0.527,0.508,0.591,0.433,0.809,0.622,0.656,16.3,5,0.6,0.2,122,0.5,-1.7
Haywood Highsmith,MIA,SF,"6'5""",77,"6'11.5""",83.5,7,74,1818,16.4,0.404,0.596,0.458,0.57,0.382,0.721,0.572,0.583,9.5,5,1.3,0.7,114,2.1,0.9
Herbert Jones,NOP,SF,"6'6""",78,"7'0.25""",84.25,6.25,20,648,13.5,0.581,0.419,0.436,0.53,0.306,0.825,0.5,0.541,11.4,4.3,2.1,0.5,119,0.3,0.2
Immanuel Quickley,TOR,PG,"6'2""",74,"6'8.25""",80.25,6.25,33,918,17.3,0.486,0.514,0.42,0.465,0.378,0.867,0.517,0.57,22.1,4.6,0.9,0.2,117,0.6,-1
Isaac Okoro,CLE,SF,"6'5""",77,"6'8.5""",80.5,3.5,55,1053,14.8,0.434,0.566,0.464,0.586,0.371,0.717,0.569,0.587,11.5,4.4,1.1,0.5,115,1,0.6
Isaiah Collier,UTA,PG,"6'2.5""",74.5,"6'4.75""",76.75,2.25,71,1839,12,0.695,0.305,0.422,0.497,0.249,0.682,0.459,0.494,12,4.6,1.3,0.3,121,0.5,-1.5
Isaiah Hartenstein,OKC,C,"6'11.5""",83.5,"7'2.25""",86.25,2.75,57,1590,6.7,0.96,0.04,0.581,0.605,0,0.675,0.581,0.599,14.4,13.8,1.1,1.4,104,3.6,2.6
Isaiah Joe,OKC,SG,"6'3""",75,"6'7.5""",79.5,4.5,74,1604,22.3,0.207,0.793,0.44,0.549,0.412,0.821,0.604,0.617,17,4.4,1.1,0.2,112,2.2,-0.1
Isaiah Stewart,DET,C,"6'7.25""",79.25,"7'4.75""",88.75,9.5,72,1434,7.2,0.832,0.168,0.559,0.607,0.321,0.759,0.586,0.616,10.9,10,0.7,2.5,110,2.2,2.1
Ja Morant,MEM,PG,"6'2.5""",74.5,"6'6""",78,3.5,50,1519,12.7,0.679,0.321,0.454,0.523,0.309,0.824,0.504,0.563,27.5,4.9,1.4,0.3,115,1.5,-0.7
Ja'Kobe Walter,TOR,PG,"6'4.25""",76.25,"6'10""",82,5.75,52,1103,15,0.527,0.473,0.405,0.454,0.349,0.795,0.487,0.523,14.7,5.2,1.4,0.3,116,0.9,-0.6
Jabari Smith Jr.,HOU,PF,"6'10.5""",82.5,"7'1""",85,2.5,57,1716,16.2,0.511,0.489,0.438,0.519,0.354,0.825,0.525,0.562,14.6,8.4,0.5,0.9,112,2.2,0.1
Jabari Walker,POR,PF,"6'6.75""",78.75,"6'10.75""",82.75,4,60,749,10.1,0.686,0.314,0.515,0.573,0.389,0.69,0.576,0.601,15,10.1,1.6,0.3,112,1,0.5
Jaden Hardy,DAL,SG,"6'3.5""",75.5,"6'9""",81,5.5,57,907,16.2,0.524,0.476,0.435,0.479,0.386,0.698,0.527,0.549,19.7,3.5,1.1,0.2,119,0.5,-1.9
Jaden Ivey,DET,SG,"6'3.5""",75.5,"6'9""",81,5.5,30,898,13.7,0.627,0.373,0.46,0.49,0.409,0.733,0.536,0.569,21.2,5,1.1,0.4,115,0.8,-0.8
Jaden McDaniels,MIN,SF,"6'9""",81,"6'11""",83,2,82,2614,12.8,0.637,0.363,0.477,0.561,0.33,0.813,0.537,0.562,13.8,6.5,1.5,1,110,3.9,1.4
Jae'Sean Tate,HOU,PF,"6'4""",76,"6'8""",80,4,52,588,10.4,0.689,0.311,0.473,0.529,0.348,0.681,0.527,0.557,11.5,7.2,1.6,0.4,111,0.8,1.4
Jaime Jaquez Jr.,MIA,SF,"6'6""",78,"6'9.5""",81.5,3.5,66,1368,9.9,0.742,0.258,0.461,0.513,0.311,0.754,0.501,0.543,15,7.6,1.6,0.4,112,1.8,0.5
Jake LaRavia,SAC,SF,"6'6.75""",78.75,"6'9.5""",81.5,2.75,66,1349,14.6,0.579,0.421,0.475,0.513,0.423,0.678,0.564,0.591,12.2,6.9,1.7,0.6,114,1.5,1.1
Jakob Poeltl,TOR,C,"7'0.25""",84.25,"7'2.75""",86.75,2.5,57,1686,5,0.995,0.005,0.627,0.628,0.333,0.674,0.628,0.641,17.6,11.7,1.4,1.5,110,2.5,1.3
Jalen Brunson,NYK,PG,"6'1""",73,"6'4""",76,3,65,2301,14.2,0.669,0.331,0.488,0.539,0.383,0.821,0.551,0.605,26.4,2.9,0.9,0.1,118,1.4,-1.3
Jalen Green,HOU,SG,"6'4""",76,"6'7.5""",79.5,3.5,82,2697,16.3,0.54,0.46,0.423,0.482,0.354,0.813,0.505,0.544,23,5,0.9,0.4,113,3.2,-0.5
Jalen Johnson,ATL,PF,"6'7.75""",79.75,"7'0.25""",84.25,4.5,36,1284,10.2,0.74,0.26,0.5,0.566,0.312,0.746,0.541,0.569,19.1,10.1,1.6,1,113,1.6,1.4
Jalen Pickett,DEN,PG,"6'2""",74,"6'7.25""",79.25,5.25,49,666,18.8,0.439,0.561,0.428,0.468,0.396,0.75,0.539,0.545,10.8,3.8,1,0.3,119,0.3,-0.7
Jalen Smith,CHI,PF,"6'9.25""",81.25,"7'2.25""",86.25,5,64,962,15.4,0.456,0.544,0.466,0.634,0.324,0.809,0.554,0.586,19.6,13.4,0.6,1.6,112,1.3,-0.6
Jalen Suggs,ORL,PG,"6'3.5""",75.5,"6'5.5""",77.5,2,35,1002,17.7,0.497,0.503,0.41,0.506,0.314,0.882,0.489,0.536,20.4,5.1,1.8,1.2,108,1.8,1.3
Jalen Williams,OKC,SG,"6'4.5""",76.5,"7'2.25""",86.25,9.75,69,2237,13.3,0.709,0.291,0.484,0.533,0.365,0.789,0.537,0.573,24,5.9,1.8,0.7,107,4.1,1.4
Jalen Wilson,BKN,SF,"6'5.5""",77.5,"6'8""",80,2.5,79,2031,16.9,0.416,0.584,0.397,0.481,0.337,0.818,0.495,0.541,13.3,4.8,0.7,0.1,119,1,-1.3
Jamal Murray,DEN,PG,"6'3.5""",75.5,"6'6.5""",78.5,3,67,2418,15.6,0.646,0.354,0.474,0.518,0.393,0.886,0.543,0.584,21.4,3.9,1.4,0.5,118,1.6,-1
Jamal Shead,TOR,PG,"6'0.25""",72.25,"6'3""",75,2.75,75,1467,15.3,0.558,0.442,0.405,0.47,0.323,0.768,0.476,0.499,13.1,2.8,1.4,0.2,117,1.1,-0.9
James Harden,LAC,SG,"6'4""",76,"6'10.75""",82.75,6.75,79,2789,17.3,0.484,0.516,0.41,0.472,0.352,0.874,0.501,0.582,23.3,5.9,1.5,0.7,110,4.3,0.8
Jarace Walker,IND,PF,"6'6.5""",78.5,"7'2.5""",86.5,8,75,1187,16.4,0.486,0.514,0.472,0.543,0.405,0.667,0.576,0.59,14,6.9,1.6,0.8,112,1.5,0.8
Jared McCain,PHI,SG,"6'2""",74,"6'3.5""",75.5,1.5,23,592,16,0.515,0.485,0.46,0.532,0.383,0.875,0.553,0.589,21.4,3.4,0.9,0,123,0.1,-1.6
Jaren Jackson Jr.,MEM,PF,"6'9.75""",81.75,"7'5.25""",89.25,7.5,74,2207,13.1,0.679,0.321,0.488,0.541,0.375,0.781,0.548,0.591,26.8,6.8,1.5,1.8,111,3.2,0.8
Jarred Vanderbilt,LAL,PF,"6'8.5""",80.5,"7'1""",85,4.5,36,581,8.2,0.736,0.264,0.488,0.562,0.281,0.556,0.525,0.537,9.1,11.3,2.2,0.6,110,0.9,1.3
Jarrett Allen,CLE,C,"6'9""",81,"7'5.25""",89.25,8.25,82,2296,3.6,0.992,0.008,0.706,0.712,0,0.718,0.706,0.724,17.3,12.5,1.2,1.1,108,4,1.2
Jaxson Hayes,LAL,C,"6'10.25""",82.25,"7'3.5""",87.5,5.25,56,1093,2.9,0.987,0.013,0.722,0.732,0,0.622,0.722,0.72,12.6,8.9,1,1.7,112,1.4,1.3
Jaylen Brown,BOS,SF,"6'5.25""",77.25,"6'11.75""",83.75,6.5,63,2158,13.4,0.68,0.32,0.463,0.529,0.324,0.764,0.515,0.555,23.3,6.1,1.2,0.3,112,2.9,-0.4
Jaylen Clark,MIN,SG,"6'4""",76,"6'9""",81,5,40,522,13.4,0.575,0.425,0.467,0.493,0.431,0.784,0.558,0.598,11.2,3.7,2.5,0.1,111,0.7,2.7
Jaylen Wells,MEM,SF,"6'6.5""",78.5,"6'7.25""",79.25,0.75,79,2043,17.4,0.42,0.58,0.425,0.525,0.352,0.822,0.527,0.56,14.5,4.7,0.8,0.1,118,1.4,-1
Jaylin Williams,OKC,C,"6'8.75""",80.75,"7'1""",85,4.25,47,784,19.7,0.308,0.692,0.439,0.529,0.399,0.767,0.577,0.594,12.8,12,1,1.3,104,1.7,2.7
Jaylon Tyson,CLE,SG,"6'5.5""",77.5,"6'8""",80,2.5,47,453,12.4,0.611,0.389,0.43,0.484,0.345,0.792,0.497,0.523,13.3,7.6,1,0.2,114,0.5,-0.2
Jayson Tatum,BOS,SF,"6'7.5""",79.5,"6'11""",83,3.5,72,2624,17.1,0.503,0.497,0.452,0.559,0.343,0.814,0.537,0.582,26.5,8.5,1,0.5,110,4.2,0.8
Jerami Grant,POR,PF,"6'6.5""",78.5,"7'2.75""",86.75,8.25,47,1524,16,0.484,0.516,0.373,0.381,0.365,0.849,0.467,0.523,16,3.9,1,1.1,117,1.2,-0.3
Jeremiah Robinson-Earl,NOP,PF,"6'7.75""",79.75,"6'9.75""",81.75,2,66,1239,14,0.527,0.473,0.455,0.557,0.341,0.836,0.536,0.563,12.1,9.2,1.1,0.2,120,0.5,-1.6
Jeremy Sochan,SAS,PF,"6'8.5""",80.5,"6'11.75""",83.75,3.25,54,1364,7.4,0.806,0.194,0.535,0.59,0.308,0.696,0.565,0.589,16.3,9.3,1.2,0.7,117,1.1,-0.4
Jett Howard,ORL,SF,"6'8""",80,"6'9""",81,1,60,701,20.8,0.29,0.71,0.374,0.566,0.296,0.696,0.479,0.491,13.7,3.6,0.7,0.6,114,0.8,-1.2
Jimmy Butler,GSW,SF,"6'6""",78,"6'7.5""",79.5,1.5,55,1746,9,0.826,0.174,0.504,0.546,0.308,0.842,0.531,0.626,19.9,6.1,1.6,0.4,113,2,1
Jock Landale,HOU,C,"6'11""",83,"7'2""",86,3,42,500,9.2,0.829,0.171,0.533,0.556,0.423,0.675,0.569,0.59,14.4,9.9,0.9,0.7,111,0.7,0.4
Joel Embiid,PHI,C,"6'11.75""",83.75,"7'5""",89,5.25,19,574,13.5,0.756,0.244,0.444,0.492,0.299,0.882,0.481,0.58,28.3,9.7,0.9,1.1,116,0.5,-0.3
John Collins,UTA,PF,"6'8.25""",80.25,"6'11.25""",83.25,3,40,1220,11,0.721,0.279,0.527,0.577,0.399,0.848,0.583,0.628,22.4,9.6,1.2,1.2,118,0.8,-0.4
John Konchar,MEM,SF,"6'4.75""",76.75,"6'8""",80,3.25,46,558,18,0.319,0.681,0.451,0.621,0.371,0.875,0.577,0.592,7.2,9.7,1.9,0.9,110,0.9,2.3
Jonas Valančiūnas,SAC,C,"6'11""",83,"7'5""",89,6,81,1524,7.3,0.941,0.059,0.55,0.571,0.216,0.879,0.557,0.602,19.9,14.8,0.9,1.1,114,1.7,-0.1
Jonathan Isaac,ORL,PF,"6'10.5""",82.5,"7'1""",85,2.5,71,1090,14.1,0.534,0.466,0.414,0.549,0.258,0.682,0.474,0.512,12.6,10.4,2,2.6,103,2.5,1.8
Jonathan Kuminga,GSW,SF,"6'7""",79,"6'11.25""",83.25,4.25,47,1144,11.3,0.734,0.266,0.454,0.508,0.305,0.668,0.495,0.535,22.6,6.8,1.2,0.7,112,1.5,-0.1
Jonathan Mogbo,TOR,PF,"6'6.25""",78.25,"7'2""",86,7.75,63,1286,8.6,0.803,0.197,0.438,0.486,0.243,0.732,0.462,0.496,10.9,8.7,1.5,1,113,1.6,1
Jordan Clarkson,UTA,SG,"6'3.25""",75.25,"6'8""",80,4.75,37,962,16.6,0.529,0.471,0.408,0.448,0.362,0.797,0.493,0.54,22.5,4.4,1.2,0.3,122,0.2,-2.1
Jordan Hawkins,NOP,SG,"6'4.25""",76.25,"6'6.75""",78.75,2.5,56,1321,19.3,0.403,0.597,0.372,0.433,0.331,0.816,0.471,0.504,16.5,4.3,0.8,0.6,123,0.1,-3
Jordan Poole,WAS,SG,"6'3.5""",75.5,"6'6.75""",78.75,3.25,68,2001,18.8,0.412,0.588,0.432,0.51,0.378,0.883,0.544,0.591,25,3.7,1.5,0.5,120,0.8,-1.6
Jose Alvarado,NOP,PG,"5'11""",71,"6'1""",73,2,56,1366,17.9,0.407,0.593,0.392,0.439,0.359,0.811,0.498,0.523,15.3,3.6,2,0.4,120,0.5,-0.8
Josh Giddey,CHI,SF,"6'8""",80,"6'7.5""",79.5,-0.5,70,2117,12.3,0.652,0.348,0.465,0.512,0.378,0.781,0.531,0.57,17.4,9.6,1.4,0.8,113,2.5,1.1
Josh Green,CHA,SG,"6'4.5""",76.5,"6'9.75""",81.75,5.25,68,1887,16.8,0.411,0.589,0.428,0.48,0.391,0.681,0.543,0.559,9.7,3.3,1.4,0.3,119,1,0.2
Josh Hart,NYK,SF,"6'3.75""",75.75,"6'8.25""",80.25,4.5,77,2897,11.3,0.673,0.327,0.525,0.618,0.333,0.776,0.579,0.611,13.1,9.2,1.5,0.3,112,3.8,1.8
Josh Okogie,CHA,SF,"6'3""",75,"7'0""",84,9,40,625,13.2,0.566,0.434,0.443,0.517,0.348,0.741,0.519,0.567,16.3,6.5,2.8,1,113,0.7,1.6
Jrue Holiday,BOS,PG,"6'3.25""",75.25,"6'7""",79,3.75,62,1896,16.2,0.466,0.534,0.443,0.547,0.353,0.909,0.538,0.565,13,5,1.3,0.5,113,2.4,1
Julian Champagnie,SAS,SF,"6'7""",79,"6'10""",82,3,82,1932,19.3,0.278,0.722,0.415,0.53,0.371,0.904,0.549,0.577,15.2,5.9,1.1,0.7,118,1.2,-0.9
Julian Phillips,CHI,SF,"6'6.75""",78.75,"6'11.5""",83.5,4.75,79,1123,14.2,0.467,0.533,0.446,0.582,0.327,0.789,0.533,0.571,11.7,5.4,1.2,0.6,117,0.8,-0.4
Julian Strawther,DEN,SF,"6'6""",78,"6'9.25""",81.25,3.25,65,1384,17.2,0.447,0.553,0.432,0.535,0.349,0.822,0.529,0.559,15.3,3.7,1,0.4,119,0.8,-1.4
Julius Randle,MIN,PF,"6'7.75""",79.75,"7'0""",84,4.25,69,2226,12.4,0.666,0.334,0.485,0.555,0.344,0.806,0.542,0.593,20.8,7.9,0.8,0.3,113,2.6,-0.2
Jusuf Nurkić,CHA,C,"6'11.5""",83.5,"7'2""",86,2.5,51,1063,10.9,0.702,0.298,0.477,0.551,0.305,0.664,0.523,0.555,15.3,13.5,1.4,1.2,112,1.5,0.9
KJ Martin,UTA,SF,"6'6""",78,"6'7.25""",79.25,1.25,43,912,9,0.711,0.289,0.552,0.671,0.259,0.787,0.59,0.618,10.8,4.9,0.7,0.9,122,0.2,-0.3
Karl-Anthony Towns,NYK,C,"6'11""",83,"7'3.5""",87.5,4.5,72,2517,10.8,0.722,0.278,0.526,0.567,0.42,0.829,0.584,0.63,25.2,13.2,1,0.7,110,3.8,0.1
Kawhi Leonard,LAC,SF,"6'6""",78,"7'3""",87,9,37,1180,14.4,0.695,0.305,0.498,0.536,0.411,0.81,0.56,0.589,24.3,6.7,1.8,0.5,109,1.9,0.6
Keegan Murray,SAC,PF,"6'8""",80,"6'11""",83,3,76,2610,17.2,0.452,0.548,0.444,0.566,0.343,0.833,0.538,0.553,13,7,0.8,1,117,2.1,-0.8
Kel'el Ware,MIA,C,"6'11.75""",83.75,"7'4.5""",88.5,4.75,64,1422,9.3,0.761,0.239,0.554,0.629,0.315,0.687,0.592,0.603,15.1,12,1,1.8,108,2.5,0.6
Keldon Johnson,SAS,SF,"6'4.75""",76.75,"6'9.25""",81.25,4.5,77,1838,11.3,0.644,0.356,0.482,0.573,0.318,0.773,0.538,0.572,19.2,7.3,1,0.4,119,1,-1.6
Kelly Olynyk,NOP,C,"6'10.75""",82.75,"6'9.75""",81.75,-1,44,891,11.6,0.705,0.295,0.5,0.534,0.418,0.769,0.562,0.609,15.5,8.3,1.3,0.8,116,0.7,0.4
Kelly Oubre Jr.,PHI,SF,"6'5.75""",77.75,"7'2.25""",86.25,8.5,60,2078,11.3,0.673,0.327,0.47,0.555,0.293,0.751,0.518,0.551,15.7,6.4,1.6,0.5,118,1.4,-0.6
Kenrich Williams,OKC,SF,"6'6""",78,"6'7.25""",79.25,1.25,69,1132,15.3,0.517,0.483,0.483,0.574,0.386,0.718,0.576,0.587,13.9,7.7,1.4,0.3,109,1.9,0.9
Kentavious Caldwell-Pope,ORL,SG,"6'4.5""",76.5,"6'8""",80,3.5,77,2279,19.3,0.393,0.607,0.439,0.589,0.342,0.863,0.543,0.574,10.6,2.7,1.6,0.5,112,3.1,1.6
Keon Ellis,SAC,SG,"6'3.5""",75.5,"6'8.5""",80.5,5,80,1948,19.8,0.308,0.692,0.489,0.615,0.433,0.849,0.639,0.664,12.3,3.9,2.2,1.2,114,2.2,2
Keon Johnson,BKN,SG,"6'3.5""",75.5,"6'7.25""",79.25,3.75,79,1925,15.6,0.485,0.515,0.389,0.468,0.314,0.77,0.47,0.499,15.7,5.6,1.5,0.6,115,1.9,-0.1
Kessler Edwards,DAL,SF,"6'7""",79,"6'11.25""",83.25,4.25,40,608,12.5,0.6,0.4,0.496,0.556,0.407,0.923,0.578,0.597,9.9,6.8,1.1,1.2,115,0.6,0.6
Kevin Durant,PHX,PF,"6'9""",81,"7'4.75""",88.75,7.75,62,2265,15.5,0.669,0.331,0.527,0.574,0.43,0.839,0.598,0.642,26.2,5.9,0.8,1.2,119,1.2,-0.7
Kevin Huerter,CHI,SG,"6'6.25""",78.25,"6'7.5""",79.5,1.25,69,1679,18.8,0.353,0.647,0.425,0.587,0.338,0.714,0.535,0.544,14.6,4.4,1.4,0.5,117,1.3,-0.2
Kevon Looney,GSW,C,"6'8""",80,"7'3.5""",87.5,7.5,76,1142,4.6,0.982,0.018,0.514,0.516,0.4,0.566,0.518,0.535,10.8,14.6,1.5,1.2,108,2.1,1.3
Keyonte George,UTA,SG,"6'4""",76,"6'6""",78,2,67,2109,17.6,0.448,0.552,0.391,0.449,0.343,0.818,0.485,0.539,19.2,4.3,0.8,0.2,123,0.1,-2.5
Khris Middleton,WAS,SF,"6'6.75""",78.75,"6'10.75""",82.75,4,37,843,17.1,0.605,0.395,0.475,0.549,0.361,0.857,0.546,0.588,18.8,5.9,1.5,0.3,115,0.8,0.3
Klay Thompson,DAL,SG,"6'5.75""",77.75,"6'9""",81,3.25,72,1965,20.1,0.369,0.631,0.412,0.448,0.391,0.905,0.535,0.552,18.4,4.5,0.9,0.5,119,1.1,-1.6
Kris Dunn,LAC,PG,"6'3""",75,"6'9""",81,6,74,1783,15.7,0.487,0.513,0.439,0.549,0.335,0.682,0.525,0.531,9.6,5.1,2.6,0.5,108,3.2,3.4
Kris Murray,POR,PF,"6'7.75""",79.75,"6'11.75""",83.75,4,69,1040,12.2,0.57,0.43,0.419,0.566,0.225,0.456,0.468,0.472,9.9,6.3,1.2,0.6,116,0.9,0.1
Kristaps Porziņģis,BOS,C,"7'2.5""",86.5,"7'6""",90,3.5,42,1210,16,0.564,0.436,0.483,0.537,0.412,0.809,0.572,0.618,24.3,8.4,0.9,1.9,109,2,1.2
Kyle Anderson,MIA,PF,"6'7.5""",79.5,"7'2.75""",86.75,7.25,61,1002,10.9,0.769,0.231,0.469,0.502,0.357,0.738,0.51,0.538,12.8,7.4,1.4,1.2,111,1.5,2.2
Kyle Filipowski,UTA,PF,"6'10.75""",82.75,"6'10.5""",82.5,-0.25,72,1522,13.2,0.575,0.425,0.502,0.614,0.35,0.65,0.576,0.594,16.3,10.4,1.1,0.5,118,1,-0.3
Kyle Kuzma,MIL,PF,"6'8""",80,"6'7""",79,-1,65,1936,13.5,0.631,0.369,0.436,0.512,0.307,0.634,0.493,0.514,17.9,6.9,0.7,0.4,118,1.3,-2
Kyle Lowry,PHI,PG,"5'11.75""",71.75,"6'2""",74,2.25,35,659,22.5,0.248,0.752,0.35,0.414,0.33,0.818,0.474,0.525,7.5,3.7,1.8,0.6,118,0.4,1.5
Kyrie Irving,DAL,PG,"6'1.75""",73.75,"6'4""",76,2.25,50,1804,14.9,0.62,0.38,0.473,0.517,0.401,0.916,0.549,0.594,24.6,4.8,1.3,0.5,118,1.3,-0.5
Kyshawn George,WAS,SF,"6'7""",79,"6'10.25""",82.25,3.25,68,1802,19.1,0.352,0.648,0.372,0.464,0.322,0.753,0.476,0.503,11.8,5.7,1.4,1,118,1.1,-0.3
LaMelo Ball,CHA,PG,"6'6""",78,"6'8""",80,2,47,1505,17.8,0.474,0.526,0.405,0.478,0.339,0.843,0.494,0.536,28.3,5.5,1.3,0.3,117,1.1,-0.9
Landry Shamet,NYK,SG,"6'4""",76,"6'6.75""",78.75,2.75,50,762,19.3,0.322,0.678,0.461,0.595,0.397,0.667,0.596,0.601,13.5,2.9,1.1,0.1,118,0.5,-0.6
Larry Nance Jr.,ATL,C,"6'7.5""",79.5,"7'1.5""",85.5,6,24,463,15,0.51,0.49,0.516,0.582,0.447,0.692,0.626,0.632,15.8,8,1.6,1,114,0.5,0.7
Lauri Markkanen,UTA,PF,"6'11""",83,"6'11""",83,0,47,1476,17.3,0.43,0.57,0.423,0.525,0.346,0.876,0.521,0.571,21.8,6.8,0.8,0.4,122,0.3,-2.1
LeBron James,LAL,PF,"6'8.5""",80.5,"7'0.25""",84.25,3.75,70,2444,13.4,0.688,0.312,0.513,0.574,0.376,0.782,0.571,0.604,25.2,8,1,0.6,114,2.8,0.7
Lonnie Walker IV,PHI,SG,"6'3.75""",75.75,"6'10.5""",82.5,6.75,20,477,19,0.401,0.599,0.42,0.518,0.354,0.8,0.526,0.548,18.6,4.8,0.8,0.4,121,0.1,-2.4
Lonzo Ball,CHI,PG,"6'5.25""",77.25,"6'9""",81,3.75,35,777,23,0.198,0.802,0.366,0.458,0.344,0.815,0.504,0.524,12.4,5.5,2.2,0.8,113,0.9,1.7
Luguentz Dort,OKC,SG,"6'2.75""",74.75,"6'8.5""",80.5,5.75,71,2073,19.5,0.304,0.696,0.435,0.489,0.412,0.717,0.578,0.586,12.5,5.1,1.4,0.7,110,3.2,0.8
Luka Dončić,LAL,SF,"6'6.5""",78.5,"6'11""",83,4.5,50,1769,17.4,0.531,0.469,0.45,0.522,0.368,0.782,0.536,0.587,28.7,8.3,1.8,0.4,112,2.4,1.2
Luke Kennard,MEM,SG,"6'4.5""",76.5,"6'5.25""",77.25,0.75,65,1472,19.1,0.394,0.606,0.478,0.547,0.433,0.895,0.609,0.631,14.1,4.5,1.2,0.1,116,1.3,0.2
Luke Kornet,BOS,C,"7'1""",85,"7'1""",85,0,73,1361,2.8,0.989,0.011,0.668,0.675,0,0.691,0.668,0.683,11.7,10.3,1,1.9,110,2.2,1.7
Malcolm Brogdon,WAS,PG,"6'3.75""",75.75,"6'10.5""",82.5,6.75,24,564,11.5,0.767,0.233,0.433,0.478,0.286,0.88,0.467,0.544,19.5,5.8,0.8,0.3,121,0.1,-1.5
Malik Beasley,DET,SG,"6'3.5""",75.5,"6'7""",79,3.5,82,2283,20.8,0.285,0.715,0.43,0.466,0.416,0.679,0.579,0.59,21.1,3.4,1.2,0.1,117,1.8,-1.2
Malik Monk,SAC,SG,"6'2.25""",74.25,"6'5""",77,2.75,65,2054,16,0.544,0.456,0.439,0.534,0.325,0.865,0.513,0.549,19.6,4.3,1.1,0.7,117,1.4,-1.1
Marcus Sasser,DET,PG,"6'1.25""",73.25,"6'7""",79,5.75,57,811,17.5,0.486,0.514,0.463,0.549,0.382,0.843,0.561,0.589,16.6,3.1,1.6,0.2,115,0.8,-0.2
Marcus Smart,WAS,PG,"6'2""",74,"6'9.25""",81.25,7.25,34,680,17.4,0.451,0.549,0.393,0.448,0.348,0.761,0.488,0.529,16.1,3.8,2.1,0.5,116,0.6,0.1
Mark Williams,CHA,C,"7'0""",84,"7'6.5""",90.5,6.5,44,1171,3.8,0.991,0.009,0.604,0.609,0,0.804,0.604,0.647,20.6,13.7,1,1.7,111,1.6,0.9
Mason Plumlee,PHX,C,"6'11.25""",83.25,"6'11""",83,-0.25,74,1300,3.9,0.98,0.02,0.619,0.631,0,0.648,0.619,0.645,9.2,12.6,0.9,1.3,115,1.3,1
Matas Buzelis,CHI,PF,"6'8.75""",80.75,"6'10""",82,1.25,80,1511,13.7,0.521,0.479,0.454,0.54,0.361,0.815,0.541,0.571,16.4,6.6,0.7,1.8,115,1.4,-0.5
Max Christie,DAL,SG,"6'4.25""",76.25,"6'8.75""",80.75,4.5,78,2127,16.9,0.468,0.532,0.427,0.496,0.366,0.855,0.525,0.57,12.7,4.4,1.1,0.5,117,1.6,-0.5
Max Strus,CLE,SG,"6'5""",77,"6'7.5""",79.5,2.5,50,1273,20.6,0.214,0.786,0.442,0.65,0.386,0.824,0.594,0.607,13.3,6.1,0.7,0.3,115,1.3,0.2
Maxi Kleber,LAL,C,"6'9.25""",81.25,"6'10.75""",82.75,1.5,34,637,15.9,0.49,0.51,0.385,0.511,0.265,0.762,0.453,0.489,5.8,5.4,0.5,1,119,0.4,0.4
Michael Porter Jr.,DEN,PF,"6'9.75""",81.75,"7'0""",84,2.25,77,2593,15.9,0.533,0.467,0.504,0.599,0.395,0.768,0.596,0.617,19.4,7.5,0.7,0.5,118,1.8,-1.7
Mikal Bridges,NYK,SF,"6'5.75""",77.75,"7'1""",85,7.25,82,3036,14.7,0.609,0.391,0.5,0.594,0.354,0.814,0.57,0.585,17.1,3.1,0.9,0.5,118,2,-0.9
Mike Conley,MIN,PG,"5'11""",71,"6'5.75""",77.75,6.75,71,1756,19.4,0.338,0.662,0.4,0.38,0.41,0.9,0.535,0.573,11.9,3.7,1.6,0.3,113,2.2,1.3
Miles Bridges,CHA,SF,"6'5.25""",77.25,"6'9.5""",81.5,4.25,64,2029,13.8,0.587,0.413,0.431,0.513,0.313,0.87,0.495,0.541,23.1,8.5,0.8,0.8,116,1.8,-0.5
Miles McBride,NYK,PG,"6'1""",73,"6'8.75""",80.75,7.75,64,1593,18.3,0.43,0.57,0.406,0.455,0.369,0.813,0.511,0.531,13.8,3.6,1.5,0.4,116,1.4,0.4
Monte Morris,PHX,PG,"6'1.25""",73.25,"6'4""",76,2.75,45,571,16.1,0.559,0.441,0.426,0.477,0.36,0.857,0.505,0.546,14.7,4.2,1.3,0.2,121,0.2,-0.8
Moritz Wagner,ORL,C,"6'10""",82,"7'0""",84,2,30,564,9.5,0.699,0.301,0.562,0.649,0.36,0.718,0.616,0.649,24.6,9.4,1.5,0.8,108,1,1.4
Moses Moody,GSW,SG,"6'4.5""",76.5,"7'0.75""",84.75,8.25,74,1649,17,0.407,0.593,0.433,0.519,0.374,0.797,0.544,0.578,15.8,4.1,1.3,0.7,114,1.8,0
Mouhamed Gueye,ATL,C,"6'10.25""",82.25,"7'3.25""",87.25,5,33,533,13.3,0.526,0.474,0.421,0.567,0.259,0.762,0.482,0.52,13.3,9.4,1.9,2.2,111,0.8,1
Moussa Diabaté,CHA,C,"6'9.25""",81.25,"7'2.5""",86.5,5.25,71,1241,3.6,0.979,0.021,0.596,0.609,0,0.595,0.596,0.609,11.7,12.7,1.3,1.2,113,1.5,-0.4
Myles Turner,IND,C,"6'9.75""",81.75,"7'4""",88,6.25,72,2174,16.2,0.514,0.486,0.481,0.561,0.396,0.773,0.577,0.612,18.5,7.8,0.9,2.4,112,2.9,0.4
Naji Marshall,DAL,SF,"6'5.75""",77.75,"7'0.75""",84.75,7,69,1919,12,0.694,0.306,0.508,0.611,0.275,0.813,0.551,0.584,17.1,6.2,1.3,0.2,117,1.5,-0.5
Naz Reid,MIN,C,"6'8.75""",80.75,"7'3.25""",87.25,6.5,80,2200,15.4,0.499,0.501,0.462,0.544,0.379,0.776,0.556,0.577,18.6,7.9,0.9,1.2,110,3.3,0.8
Neemias Queta,BOS,C,"6'10.75""",82.75,"7'4.25""",88.25,5.5,62,863,3.6,0.985,0.015,0.65,0.66,0,0.754,0.65,0.674,12.9,9.8,0.8,1.8,110,1.4,1
Nic Claxton,BKN,C,"6'10""",82,"7'2.5""",86.5,4.5,70,1882,5.3,0.963,0.037,0.563,0.576,0.238,0.513,0.568,0.569,13.8,9.9,1.2,1.9,112,2.5,1.5
Nick Richards,PHX,C,"6'10.5""",82.5,"7'2.25""",86.25,3.75,57,1256,4,0.994,0.006,0.591,0.594,0,0.744,0.591,0.634,15.2,13.4,0.4,1.6,115,1.2,-1.3
Nick Smith Jr.,CHA,SG,"6'5""",77,"6'8""",80,3,60,1369,18.5,0.461,0.539,0.391,0.45,0.34,0.935,0.482,0.502,15.5,3.4,0.4,0.2,121,0.3,-2.6
Nickeil Alexander-Walker,MIN,SG,"6'4.25""",76.25,"6'9.5""",81.5,5.25,82,2073,17.5,0.399,0.601,0.438,0.524,0.381,0.78,0.553,0.579,13.4,4.6,0.9,0.6,114,2.3,0.4
Nicolas Batum,LAC,SF,"6'8.25""",80.25,"7'1""",85,4.75,78,1367,22.1,0.147,0.853,0.437,0.457,0.433,0.81,0.622,0.633,8.2,5.7,1.4,0.9,111,2,2
Nikola Jokić,DEN,C,"6'11.5""",83.5,"7'3""",87,3.5,70,2571,11.5,0.757,0.243,0.576,0.627,0.417,0.8,0.627,0.663,29,12.5,1.8,0.6,111,3.8,3.3
Nikola Jović,MIA,PF,"6'9.5""",81.5,"7'0.25""",84.25,2.75,46,1156,16.1,0.443,0.557,0.456,0.563,0.371,0.828,0.56,0.595,15.4,5.6,1.2,0.4,114,1.3,0.6
Nikola Vučević,CHI,C,"6'10.25""",82.25,"7'4.5""",88.5,6.25,73,2278,12.5,0.691,0.309,0.53,0.587,0.402,0.805,0.592,0.611,21.3,11.6,1,0.8,113,2.6,0.1
Noah Clowney,BKN,PF,"6'10""",82,"7'2""",86,4,46,1042,19.2,0.298,0.702,0.358,0.414,0.333,0.838,0.474,0.516,14.5,6.3,0.8,0.7,117,0.8,-1
Norman Powell,LAC,SG,"6'3""",75,"6'10.75""",82.75,7.75,60,1958,15.3,0.547,0.453,0.484,0.538,0.418,0.804,0.578,0.615,24,3.5,1.3,0.2,113,2.3,-0.2
OG Anunoby,NYK,SF,"6'6.25""",78.25,"7'2.25""",86.25,8,74,2706,13.5,0.552,0.448,0.476,0.561,0.372,0.81,0.559,0.591,17.7,4.8,1.5,0.9,114,2.8,0.1
Obi Toppin,IND,PF,"6'8.75""",80.75,"7'2""",86,5.25,79,1545,14.9,0.497,0.503,0.529,0.695,0.365,0.781,0.621,0.642,19.4,7.4,1.1,0.7,114,1.6,-0.1
Ochai Agbaji,TOR,SG,"6'4.5""",76.5,"6'10.25""",82.25,5.75,64,1739,13.2,0.526,0.474,0.498,0.587,0.399,0.708,0.593,0.601,13.8,5,1.2,0.6,116,1.5,0.2
Olivier-Maxence Prosper,DAL,PF,"6'6.75""",78.75,"7'1""",85,6.25,52,584,10.4,0.707,0.293,0.402,0.472,0.235,0.645,0.437,0.484,12.4,7.8,1.6,0.4,116,0.5,-0.5
Onyeka Okongwu,ATL,C,"6'8.25""",80.25,"7'2""",86,5.75,74,2064,7.9,0.784,0.216,0.567,0.634,0.324,0.759,0.602,0.634,17.2,11.5,1.2,1.2,114,2.3,0.2
Orlando Robinson,TOR,C,"6'10""",82,"7'4""",88,6,44,770,10,0.801,0.199,0.444,0.474,0.327,0.771,0.477,0.519,14.2,10.3,0.8,0.7,115,0.8,-0.4
Oso Ighodaro,PHX,C,"6'9.5""",81.5,"6'11""",83,1.5,61,1045,6.4,0.989,0.011,0.604,0.611,0,0.58,0.604,0.61,8.8,7.6,1,1,119,0.6,0.3
P.J. Washington,DAL,PF,"6'6.5""",78.5,"7'2.5""",86.5,8,57,1835,12.3,0.641,0.359,0.453,0.493,0.381,0.722,0.521,0.556,16.4,8.7,1.2,1.2,114,2.1,0.2
Paolo Banchero,ORL,PF,"6'9""",81,"7'0.5""",84.5,3.5,46,1582,13.8,0.701,0.299,0.452,0.509,0.32,0.727,0.5,0.551,27.1,7.9,0.8,0.6,110,2.4,0.2
Pascal Siakam,IND,PF,"6'8.25""",80.25,"7'3.25""",87.25,7,78,2548,12.4,0.726,0.274,0.519,0.568,0.389,0.734,0.572,0.599,22.3,7.6,1,0.6,115,2.5,-0.5
Pat Connaughton,MIL,SG,"6'4""",76,"6'8""",80,4,41,603,13.7,0.542,0.458,0.469,0.594,0.321,0.774,0.542,0.567,12.9,6.5,0.5,0.7,115,0.6,-0.8
Patrick Williams,CHI,SF,"6'7""",79,"6'11""",83,4,63,1576,16.6,0.473,0.527,0.397,0.447,0.353,0.723,0.49,0.512,12.9,5.4,1.1,0.7,117,1.3,-0.7
Paul George,PHI,SF,"6'7.75""",79.75,"6'11.25""",83.25,3.5,41,1334,18,0.53,0.47,0.43,0.493,0.358,0.814,0.514,0.543,17.9,5.9,2,0.5,116,1.2,0.1
Payton Pritchard,BOS,PG,"6'1""",73,"6'4""",76,3,80,2271,21.3,0.277,0.723,0.472,0.642,0.407,0.845,0.62,0.633,18.1,4.9,1.1,0.2,114,2.5,0.2
Peyton Watson,DEN,SF,"6'6.75""",78.75,"7'0.5""",84.5,5.75,68,1656,10.7,0.682,0.318,0.477,0.534,0.353,0.693,0.533,0.564,12,5.1,1,2,116,1.5,0.3
Precious Achiuwa,NYK,PF,"6'7.5""",79.5,"7'0.75""",84.75,5.25,57,1170,6.2,0.89,0.11,0.502,0.529,0.278,0.594,0.517,0.53,11.7,9.8,1.4,1.3,111,1.7,0.2
Quentin Grimes,PHI,SG,"6'4""",76,"6'7.75""",79.75,3.75,75,2013,16.2,0.488,0.512,0.467,0.552,0.385,0.757,0.565,0.595,19.5,5.8,1.3,0.4,118,1.4,-0.9
RJ Barrett,TOR,SF,"6'5""",77,"6'10""",82,5,58,1869,10.9,0.688,0.312,0.468,0.522,0.35,0.63,0.523,0.547,23.6,7,0.9,0.3,116,1.7,-0.7
Reed Sheppard,HOU,PG,"6'1.75""",73.75,"6'3.25""",75.25,1.5,52,654,19.5,0.406,0.594,0.351,0.371,0.338,0.813,0.452,0.465,12.6,4.3,1.9,0.9,110,1,1.3
Richaun Holmes,WAS,C,"6'8.25""",80.25,"7'1.5""",85.5,5.25,31,534,3.6,0.978,0.022,0.647,0.662,0,0.833,0.647,0.695,15.5,11.9,0.6,1.6,117,0.4,0
Rob Dillingham,MIN,PG,"6'1""",73,"6'3""",75,2,49,516,13.9,0.649,0.351,0.441,0.496,0.338,0.533,0.5,0.503,15.3,3.5,1.4,0.1,114,0.6,-0.9
Ron Holland,DET,SG,"6'6.5""",78.5,"6'10.75""",82.75,4.25,81,1266,12.1,0.637,0.363,0.474,0.608,0.238,0.754,0.517,0.556,14.8,6.2,1.4,0.5,113,1.5,0.3
Royce O'Neale,PHX,SF,"6'4""",76,"6'9""",81,5,75,1837,21.2,0.226,0.774,0.423,0.481,0.406,0.731,0.58,0.585,13.3,6.8,1.3,0.7,118,1.2,-0.1
Rui Hachimura,LAL,PF,"6'7.75""",79.75,"7'2""",86,6.25,59,1869,13.7,0.571,0.429,0.509,0.581,0.413,0.77,0.597,0.619,14.9,5.7,0.9,0.5,117,1.5,-0.6
Russell Westbrook,DEN,PG,"6'2.25""",74.25,"6'7.75""",79.75,5.5,75,2092,12.3,0.65,0.35,0.449,0.517,0.323,0.661,0.505,0.532,17.1,6.4,1.8,0.6,115,2.1,-0.2
Ryan Dunn,PHX,PF,"6'6.25""",78.25,"7'1.5""",85.5,7.25,74,1410,16,0.447,0.553,0.43,0.577,0.311,0.487,0.516,0.517,13,6.8,1.1,1,119,0.7,-1.2
Ryan Rollins,MIL,PG,"6'2""",74,"6'9.75""",81.75,7.75,56,820,14.6,0.557,0.443,0.487,0.55,0.408,0.8,0.577,0.6,15.3,4.7,1.8,0.7,112,1,0.9
Sam Hauser,BOS,SF,"6'6.75""",78.75,"6'9.25""",81.25,2.5,71,1541,22.9,0.158,0.842,0.451,0.64,0.416,1,0.627,0.632,14.1,5.2,1,0.3,113,1.8,-0.1
Sam Merrill,CLE,SG,"6'3.5""",75.5,"6'5""",77,1.5,71,1401,22.7,0.132,0.868,0.406,0.625,0.372,0.966,0.567,0.583,13.1,4,1.4,0.4,114,1.5,0.7
Sandro Mamukelashvili,SAS,PF,"6'9""",81,"7'1.25""",85.25,4.25,61,681,16.1,0.427,0.573,0.502,0.675,0.373,0.741,0.609,0.628,20.4,9.9,1.2,0.9,116,0.6,-1
Santi Aldama,MEM,PF,"6'10.75""",82.75,"6'11""",83,0.25,65,1660,15.6,0.497,0.503,0.483,0.599,0.368,0.691,0.576,0.588,17.6,9,1.1,0.6,113,2,0.7
Scoot Henderson,POR,PG,"6'2""",74,"6'9""",81,7,66,1759,14.9,0.566,0.434,0.419,0.469,0.354,0.767,0.496,0.54,17.1,4.1,1.4,0.3,117,1.4,-0.8
Scottie Barnes,TOR,SF,"6'7""",79,"7'2.75""",86.75,7.75,65,2134,12.6,0.737,0.263,0.446,0.508,0.271,0.755,0.482,0.523,21.1,8.5,1.6,1.1,112,2.9,0.9
Seth Curry,CHA,SG,"6'1""",73,"6'4""",76,3,68,1062,18.8,0.469,0.531,0.478,0.503,0.456,0.846,0.599,0.616,15.1,3.8,0.9,0.2,120,0.5,-0.9
Shaedon Sharpe,POR,SG,"6'4.25""",76.25,"6'11.5""",83.5,7.25,72,2252,15.7,0.572,0.428,0.452,0.557,0.311,0.785,0.519,0.551,21.3,5.2,1,0.3,117,1.7,-1.3
Shai Gilgeous-Alexander,OKC,PG,"6'4.5""",76.5,"6'11.5""",83.5,7,76,2598,12.9,0.737,0.263,0.519,0.571,0.375,0.898,0.569,0.637,34.4,5.3,1.8,1.1,107,4.8,2.6
Shake Milton,LAL,SG,"6'4.5""",76.5,"7'0.75""",84.75,8.25,57,837,14.3,0.583,0.417,0.453,0.52,0.358,0.797,0.528,0.563,13.5,4.5,1.1,0.2,118,0.5,-0.5
Spencer Dinwiddie,DAL,PG,"6'4.5""",76.5,"6'8.25""",80.25,3.75,79,2136,15.9,0.522,0.478,0.416,0.492,0.334,0.802,0.496,0.553,14.7,3.5,1.2,0.3,119,1.2,-0.7
Stephen Curry,GSW,PG,"6'2""",74,"6'3.5""",75.5,1.5,70,2252,20,0.377,0.623,0.448,0.534,0.397,0.933,0.572,0.618,27.5,5,1.3,0.5,113,2.7,0
Stephon Castle,SAS,SG,"6'5.5""",77.5,"6'9""",81,3.5,81,2162,12.6,0.663,0.337,0.428,0.501,0.285,0.724,0.476,0.522,19.8,4.9,1.2,0.4,119,1,-1.7
Steven Adams,HOU,C,"6'10.75""",82.75,"7'4.5""",88.5,5.75,58,794,4.1,0.988,0.012,0.545,0.552,0,0.462,0.545,0.541,10.2,14.8,1,1.3,109,1.3,0.3
Svi Mykhailiuk,UTA,SG,"6'6.5""",78.5,"6'5""",77,-1.5,38,760,19.7,0.328,0.672,0.391,0.485,0.345,0.8,0.507,0.526,15.8,4.3,0.9,0.3,123,0.1,-2.1
T.J. McConnell,IND,PG,"6'0.5""",72.5,"6'2""",74,1.5,79,1415,9.1,0.921,0.079,0.519,0.537,0.306,0.74,0.531,0.547,18.3,4.9,2.1,0.5,113,1.7,0.6
Talen Horton-Tucker,CHI,SG,"6'2.5""",74.5,"7'1.25""",85.25,10.75,58,724,12.6,0.581,0.419,0.457,0.544,0.336,0.735,0.527,0.567,18.8,5,1,0.5,117,0.5,-1.1
Tari Eason,HOU,PF,"6'6.75""",78.75,"7'2""",86,7.25,57,1420,11.3,0.671,0.329,0.487,0.557,0.342,0.76,0.543,0.567,17.4,9.2,2.5,1.3,106,2.9,2.6
Taurean Prince,MIL,SF,"6'6.5""",78.5,"6'11.5""",83.5,5,80,2166,18,0.348,0.652,0.457,0.492,0.439,0.813,0.6,0.613,10.9,4.8,1.3,0.2,115,2.2,0.3
Terance Mann,ATL,SF,"6'4.75""",76.75,"6'7.75""",79.75,3,67,1414,13.5,0.605,0.395,0.496,0.58,0.368,0.691,0.569,0.584,13.2,5.1,1.2,0.4,116,1.3,0
Terry Rozier,MIA,PG,"6'0.5""",72.5,"6'8.25""",80.25,7.75,64,1658,15.7,0.515,0.485,0.391,0.48,0.295,0.852,0.462,0.497,14.7,5.2,0.8,0.3,116,1.5,-1
Thomas Bryant,IND,C,"6'9.5""",81.5,"7'6""",90,8.5,66,963,14.9,0.539,0.461,0.508,0.665,0.324,0.859,0.583,0.614,16,9.4,1,1.5,113,1.2,0
Tidjane Salaün,CHA,PF,"6'9""",81,"7'0.75""",84.75,3.75,60,1244,17.6,0.406,0.594,0.33,0.4,0.283,0.713,0.414,0.457,10.2,8.1,0.8,0.4,117,0.9,-0.8
Tim Hardaway Jr.,DET,SG,"6'4.5""",76.5,"6'7""",79,2.5,77,2153,20.2,0.328,0.672,0.406,0.484,0.368,0.855,0.529,0.567,14.1,3.1,0.6,0.1,118,1.4,-0.9
Tobias Harris,DET,PF,"6'6.5""",78.5,"6'11""",83,4.5,73,2305,13.1,0.672,0.328,0.477,0.542,0.345,0.861,0.534,0.571,15.6,6.7,1.2,0.9,113,2.9,0.6
Toumani Camara,POR,PF,"6'7""",79,"7'0.5""",84.5,5.5,78,2548,14,0.497,0.503,0.458,0.542,0.375,0.722,0.552,0.572,12.5,6.4,1.6,0.7,115,2.6,0.8
Trae Young,ATL,PG,"6'0.5""",72.5,"6'3""",75,2.5,76,2739,17.3,0.533,0.467,0.411,0.474,0.34,0.875,0.491,0.567,24.2,3.1,1.2,0.2,119,1.3,-2.7
Trayce Jackson-Davis,GSW,C,"6'8.25""",80.25,"7'1""",85,4.75,62,967,3.4,0.99,0.01,0.576,0.582,0,0.578,0.576,0.587,15.2,11.6,0.9,1.4,111,1.4,0.9
Tre Jones,CHI,PG,"6'1""",73,"6'4""",76,3,46,905,8.9,0.798,0.202,0.538,0.574,0.396,0.821,0.578,0.617,13.1,4.6,1.5,0.4,118,0.6,1
Trendon Watford,BKN,PF,"6'7.5""",79.5,"7'2.25""",86.25,6.75,44,913,10.2,0.749,0.251,0.469,0.515,0.33,0.762,0.51,0.557,17.7,6.3,1.1,0.5,116,0.8,-0.8
Trey Lyles,SAC,PF,"6'9""",81,"7'1.5""",85.5,4.5,69,1349,17.6,0.364,0.636,0.42,0.559,0.34,0.7,0.528,0.551,12,8.4,1.1,0.6,116,1.2,-0.3
Trey Murphy III,NOP,SF,"6'7.5""",79.5,"7'0""",84,4.5,53,1854,16.6,0.478,0.522,0.454,0.556,0.361,0.887,0.548,0.598,21.8,5.2,1.1,0.8,121,0.5,-1.4
Tristan Da Silva,ORL,PF,"6'8.25""",80.25,"6'10.25""",82.25,2,74,1629,15.1,0.505,0.495,0.412,0.488,0.335,0.873,0.495,0.522,11.8,5.4,0.7,0.4,113,1.9,-0.3
Ty Jerome,CLE,PG,"6'4.25""",76.25,"6'4""",76,-0.25,70,1392,15.6,0.591,0.409,0.516,0.57,0.439,0.872,0.606,0.643,22.7,4.5,2,0.1,113,1.8,0.8
Tyler Herro,MIA,SG,"6'4.5""",76.5,"6'3.25""",75.25,-1.25,77,2725,16.7,0.514,0.486,0.472,0.565,0.375,0.878,0.563,0.605,24.3,5.3,0.9,0.2,115,2.7,-0.7
Tyrese Haliburton,IND,PG,"6'4.75""",76.75,"6'7.75""",79.75,3,73,2451,19.3,0.441,0.559,0.473,0.581,0.388,0.851,0.582,0.616,20,3.8,1.5,0.7,115,2.3,0.2
Tyrese Maxey,PHI,PG,"6'2""",74,"6'7""",79,5,52,1960,15.1,0.562,0.438,0.437,0.515,0.337,0.879,0.511,0.562,25.1,3.2,1.7,0.4,119,1,-1.1
Tyus Jones,PHX,PG,"6'0.5""",72.5,"6'5""",77,4.5,81,2174,18.3,0.413,0.587,0.448,0.496,0.414,0.895,0.57,0.585,13.7,3.2,1.1,0.1,122,0.3,-1.3
Vasilije Micić,PHX,PG,"6'4""",76,"6'7""",79,3,41,785,17,0.542,0.458,0.348,0.338,0.36,0.829,0.43,0.462,12.3,4.1,0.7,0,121,0.2,-2.4
Victor Wembanyama,SAS,C,"7'4""",88,"8'0""",96,8,46,1527,17,0.53,0.47,0.476,0.586,0.352,0.836,0.559,0.594,26.3,11.9,1.2,4.1,108,2.8,2.9
Vince Williams Jr.,MEM,SG,"6'4""",76,"6'11""",83,7,27,499,16.9,0.431,0.569,0.401,0.569,0.274,0.792,0.479,0.504,12.9,7.1,0.9,0.5,115,0.5,-0.3
Walker Kessler,UTA,C,"7'0.25""",84.25,"7'4.25""",88.25,4,58,1740,4.3,0.919,0.081,0.663,0.706,0.176,0.52,0.671,0.66,13.3,14.6,0.7,2.9,115,1.8,0.7
Wendell Carter Jr.,ORL,C,"6'8.75""",80.75,"7'4.5""",88.5,7.75,68,1758,12.1,0.678,0.322,0.46,0.568,0.234,0.737,0.498,0.544,12.7,10.1,1.1,0.8,109,3,0.9
Wendell Moore Jr.,CHA,SG,"6'4.25""",76.25,"7'0.75""",84.75,8.5,36,499,11.1,0.675,0.325,0.468,0.529,0.341,0.818,0.524,0.553,10.8,6.9,1.4,0.4,115,0.5,-0.1
Yves Missi,NOP,C,"6'10.75""",82.75,"7'2""",86,3.25,73,1956,2.8,0.998,0.002,0.547,0.548,0,0.623,0.547,0.572,12.2,11.1,0.7,1.8,119,1.1,-1.4
Zaccharie Risacher,ATL,SF,"6'8.25""",80.25,"6'10.5""",82.5,2.25,75,1843,13.5,0.558,0.442,0.458,0.54,0.355,0.711,0.537,0.558,18.4,5.2,1,0.7,118,1.1,-1.8
Zach Collins,CHI,C,"6'10.25""",82.25,"7'1""",85,2.75,64,977,11.6,0.649,0.351,0.507,0.617,0.302,0.885,0.56,0.605,15,10.6,1.1,1.1,115,1,0.8
Zach Edey,MEM,C,"7'3.75""",87.75,"7'10.75""",94.75,7,66,1416,6.1,0.88,0.12,0.58,0.612,0.346,0.709,0.6,0.624,15.5,13.9,0.9,2.2,110,2.2,0.1
Zach LaVine,SAC,SG,"6'4.5""",76.5,"6'8.25""",80.25,3.75,74,2602,15.9,0.562,0.438,0.511,0.562,0.446,0.825,0.609,0.639,23.9,4.4,0.8,0.2,119,1.4,-1.6
Zeke Nnaji,DEN,PF,"6'9.25""",81.25,"7'2""",86,4.75,57,608,11.4,0.631,0.369,0.496,0.596,0.327,0.614,0.557,0.574,10.9,5.3,1.5,2.3,114,0.6,0.7
Ziaire Williams,BKN,SF,"6'8.25""",80.25,"6'10.25""",82.25,2,63,1541,16.2,0.419,0.581,0.412,0.509,0.341,0.821,0.511,0.55,14.8,6.7,1.4,0.7,114,1.6,-0.1
Zion Williamson,NOP,PF,"6'5.75""",77.75,"6'10.5""",82.5,4.75,30,857,4.8,0.974,0.026,0.567,0.576,0.231,0.656,0.57,0.6,31,9.1,1.6,1.1,118,0.6,1
