Name,Position,Age,Birthdate.,Height,Weight,Height..ft.in.,Weight.st.lb,Contract,Length,Team
Denis BUCKLEY,Prop,34,09/08/1990,1.77,110,5 ft 10 in,17 st 4.51 lb; 242.51 lb,PRO,2025 +1,connacht
Finlay BEALHAM,Prop,33,09/10/1991,1.8900000000000001,123,6 ft 2 in,19 st 5.17 lb; 271.17 lb,PRO,2026,connacht
Jack AUNGIER,Prop,26,20/11/1998,1.8800000000000001,120,6 ft 2 in,18 st 12.55 lb; 264.55 lb,PRO,2026,connacht
Jordan DUGGAN,Prop,27,07/01/1998,1.85,114,6 ft 1 in,17 st 13.33 lb; 251.33 lb,PRO,2026,connacht
Peter DOOLEY,Prop,30,04/08/1994,1.83,116,6 ft,18 st; 255.74 lb,PRO,2025 +1,connacht
Sam ILLO,Prop,24,16/02/2001,1.85,121,6 ft 1 in,19 st 0.76 lb; 266.76 lb,PRO,2027,connacht
Temi LASISI,Prop,24,09/05/2001,1.83,125,6 ft,19 st; 275.58 lb,PRO,,connacht
Dave HEFFERNAN,Hooker,34,31/01/1991,1.87,111,6 ft 2 in,17 st 6.71 lb; 244.71 lb,PRO,2027,connacht
Dylan TIERNEY-MARTIN,Hooker,26,20/06/1999,1.82,101,6 ft,15 st; 222.67 lb,PRO,2026,connacht
Eoin DE BUITLÉAR,Hooker,23,09/11/2001,1.75,104,5 ft 9 in,16 st 5.28 lb; 229.28 lb,PRO,,connacht
Darragh MURRAY,Lock,23,04/07/2001,2.01,115,6 ft 7 in,18 st 1.53 lb; 253.53 lb,PRO,2026,connacht
David O'CONNOR,Lock,30,19/05/1995,1.93,110,6 ft 4 in,17 st 4.51 lb; 242.51 lb,PRO,,connacht
Joe JOYCE,Lock,31,07/02/1994,1.96,119,6 ft 5 in,18 st 10.35 lb; 262.35 lb,PRO,,connacht
Josh MURPHY,Lock,30,17/02/1995,1.98,110,6 ft 6 in,17 st 4.51 lb; 242.51 lb,PRO,2027,connacht
Niall MURRAY,Lock,25,13/10/1999,2.01,111,6 ft 7 in,17 st 6.71 lb; 244.71 lb,PRO,2027,connacht
Oisín DOWLING,Lock,28,23/06/1997,1.96,112,6 ft 5 in,17 st 8.92 lb; 246.92 lb,PRO,2026,connacht
Cian PRENDERGAST,Back row,25,23/02/2000,1.96,115,6 ft 5 in,18 st 1.53 lb; 253.53 lb,PRO,2028,connacht
Conor OLIVER,Back row,29,21/09/1995,1.83,102,6 ft,16 st; 224.87 lb,PRO,2025,connacht
Oisín MCCORMACK,Back row,24,21/02/2001,1.83,102,6 ft,16 st; 224.87 lb,PRO,2025,connacht
Paul BOYLE,Back row,28,14/01/1997,1.8900000000000001,112,6 ft 2 in,17 st 8.92 lb; 246.92 lb,PRO,2027,connacht
Seán F. O'BRIEN,Back row,24,31/07/2000,1.93,105,6 ft 4 in,16 st 7.49 lb; 231.49 lb,PRO,2026,connacht
Sean JANSEN,Back row,26,10/05/1999,1.91,118,6 ft 3 in,18 st 8.15 lb; 260.15 lb,PRO,2027,connacht
Shamus HURLEY-LANGTON,Back row,25,22/04/2000,1.85,108,6 ft 1 in,17 st 0.10 lb; 238.10 lb,PRO,2026,connacht
Ben MURPHY,Scrum-half,24,23/04/2001,1.73,80,5 ft 8 in,12 st 8.37 lb; 176.37 lb,PRO,2026,connacht
Caolin BLADE,Scrum-half,31,29/04/1994,1.7,81,5 ft 7 in,12 st 10.57 lb; 178.57 lb,PRO,2026,connacht
Colm REILLY,Scrum-half,25,09/08/1999,1.78,78,5 ft 10 in,12 st 3.96 lb; 171.96 lb,PRO,2025,connacht
Matt DEVINE,Scrum-half,23,19/02/2002,1.8,84,5 ft 11 in,13 st 3.19 lb; 185.19 lb,PRO,,connacht
Cathal FORDE,Fly-half,24,11/04/2001,1.8800000000000001,95,6 ft 2 in,14 st 13.44 lb; 209.44 lb,PRO,2026,connacht
Jack CARTY,Fly-half,32,31/08/1992,1.83,92,6 ft,14 st; 202.83 lb,PRO,2026,connacht
JJ HANRAHAN,Fly-half,32,27/07/1992,1.83,93,6 ft,14 st; 205.03 lb,PRO,2025,connacht
Josh IOANE,Fly-half,29,11/07/1995,1.8,92,5 ft 11 in,14 st 6.83 lb; 202.83 lb,PRO,2027,connacht
Bundee AKI,Centre,35,07/04/1990,1.78,101,5 ft 10 in,15 st 12.67 lb; 222.67 lb,PRO,2026,connacht
David HAWKSHAW,Centre,25,03/07/1999,1.78,89,5 ft 10 in,14 st 0.21 lb; 196.21 lb,PRO,,connacht
Hugh GAVIN,Centre,21,10/01/2004,1.92,103,6 ft 4 in,16 st 3.08 lb; 227.08 lb,PRO,,connacht
Piers O'CONOR,Centre,29,28/08/1995,1.8800000000000001,102,6 ft 2 in,16 st 0.87 lb; 224.87 lb,PRO,2025,connacht
Byron RALSTON,Winger,25,03/05/2000,1.84,94,6 ft,14 st; 207.23 lb,PRO,2026,connacht
Santiago CORDERO,Winger,31,06/12/1993,1.77,83,5 ft 10 in,13 st 0.98 lb; 182.98 lb,PRO,2025,connacht
Shane JENNINGS,Winger,24,14/01/2001,1.91,96,6 ft 3 in,15 st 1.64 lb; 211.64 lb,PRO,2026 +1,connacht
Shayne BOLTON,Winger,25,29/06/2000,1.8800000000000001,100,6 ft 2 in,15 st 10.46 lb; 220.46 lb,PRO,2026,connacht
Chay MULLINS,Fullback,23,23/01/2002,1.91,95,6 ft 3 in,14 st 13.44 lb; 209.44 lb,PRO,,connacht
Mack HANSEN,Fullback,27,27/03/1998,1.8800000000000001,89,6 ft 2 in,14 st 0.21 lb; 196.21 lb,PRO,2027,connacht
Alulutho TSHAKWENI,Prop,26,26/09/1998,1.83,110,6 ft,17 st; 242.51 lb,PRO,2026,bulls
Dylan SMITH,Prop,31,26/02/1994,1.8,116,5 ft 11 in,18 st 3.74 lb; 255.74 lb,PRO,2025,bulls
François KLOPPER,Prop,25,07/09/1999,1.8800000000000001,130,6 ft 2 in,20 st 6.60 lb; 286.60 lb,PRO,,bulls
Gerhard STEENEKAMP,Prop,28,09/04/1997,1.94,128,6 ft 4 in,20 st 2.19 lb; 282.19 lb,PRO,2028,bulls
Juann ELSE,Prop,22,22/05/2003,1.8,101,5 ft 11 in,15 st 12.67 lb; 222.67 lb,PRO,,bulls
Mornay SMITH,Prop,27,30/01/1998,1.81,119,5 ft 11 in,18 st 10.35 lb; 262.35 lb,PRO,2026,bulls
Seb LOMBARD,Prop,22,07/10/2002,1.9,126,6 ft 3 in,19 st 11.78 lb; 277.78 lb,PRO,,bulls
Simphiwe MATANZIMA,Prop,27,18/08/1997,1.83,121,6 ft,19 st; 266.76 lb,PRO,2025,bulls
Tielman NIEUWOUDT,Prop,23,22/04/2002,1.8,128,5 ft 11 in,20 st 2.19 lb; 282.19 lb,PRO,2025,bulls
Wilco LOUW,Prop,30,20/07/1994,1.85,144,6 ft 1 in,22 st 9.47 lb; 317.47 lb,PRO,2026,bulls
Akker VAN DER MERWE,Hooker,34,17/06/1991,1.78,108,5 ft 10 in,17 st 0.10 lb; 238.10 lb,PRO,2026,bulls
Jan-Hendrik WESSELS,Hooker,24,08/05/2001,1.8800000000000001,121,6 ft 2 in,19 st 0.76 lb; 266.76 lb,PRO,2026,bulls
Joe VAN ZYL,Hooker,26,21/01/1999,1.85,114,6 ft 1 in,17 st 13.33 lb; 251.33 lb,PRO,,bulls
Johan GROBBELAAR,Hooker,27,30/12/1997,1.83,105,6 ft,16 st; 231.49 lb,PRO,2027,bulls
Cobus WIESE,Lock,28,02/06/1997,1.99,125,6 ft 6 in,19 st 9.58 lb; 275.58 lb,PRO,2026,bulls
Deon SLABBERT,Lock,25,04/05/2000,2,117,6 ft 7 in,18 st 5.94 lb; 257.94 lb,PRO,,bulls
Jaco GROBBELAAR,Lock,20,01/01/2005,1.98,109,6 ft 6 in,17 st 2.30 lb; 240.30 lb,ACADEMY,,bulls
JF VAN HEERDEN,Lock,21,06/05/2004,2.01,122,6 ft 7 in,19 st 2.96 lb; 268.96 lb,PRO,2027,bulls
Reinhardt LUDWIG,Lock,22,27/08/2002,1.98,110,6 ft 6 in,17 st 4.51 lb; 242.51 lb,PRO,,bulls
Ruan NORTJÉ,Lock,26,25/07/1998,2,113,6 ft 7 in,17 st 11.12 lb; 249.12 lb,PRO,2027,bulls
Ruan VERMAAK,Lock,27,01/05/1998,1.99,120,6 ft 6 in,18 st 12.55 lb; 264.55 lb,PRO,2027,bulls
Sintu MANJEZI,Lock,30,07/04/1995,1.98,118,6 ft 6 in,18 st 8.15 lb; 260.15 lb,PRO,2028,bulls
Cameron HANEKOM,Back row,23,10/05/2002,1.93,104,6 ft 4 in,16 st 5.28 lb; 229.28 lb,PRO,,bulls
Corné BEETS,Back row,21,01/10/2003,1.8800000000000001,105,6 ft 2 in,16 st 7.49 lb; 231.49 lb,PRO,2026,bulls
Cyle BRINK,Back row,31,16/01/1994,1.91,115,6 ft 3 in,18 st 1.53 lb; 253.53 lb,PRO,,bulls
Elrigh LOUW,Back row,25,20/09/1999,1.95,112,6 ft 5 in,17 st 8.92 lb; 246.92 lb,PRO,2027,bulls
Ghudian VAN REENEN,Back row,21,17/09/2003,1.9,104,6 ft 3 in,16 st 5.28 lb; 229.28 lb,PRO,,bulls
Jannes KIRSTEN,Back row,31,01/12/1993,1.97,117,6 ft 6 in,18 st 5.94 lb; 257.94 lb,PRO,2026,bulls
Marcell COETZEE,Back row,34,08/05/1991,1.91,118,6 ft 3 in,18 st 8.15 lb; 260.15 lb,PRO,2027,bulls
Marco VAN STADEN,Back row,29,25/08/1995,1.84,112,6 ft,17 st; 246.92 lb,PRO,2027,bulls
Mihlali MOSI,Back row,29,12/05/1996,1.9,106,6 ft 3 in,16 st 9.69 lb; 233.69 lb,PRO,2025,bulls
Mpilo GUMEDE,Back row,24,08/07/2000,1.93,110,6 ft 4 in,17 st 4.51 lb; 242.51 lb,PRO,2028,bulls
Nama XABA,Back row,27,26/07/1997,1.85,103,6 ft 1 in,16 st 3.08 lb; 227.08 lb,PRO,2026,bulls
Nizaam CARR,Back row,34,04/04/1991,1.78,106,5 ft 10 in,16 st 9.69 lb; 233.69 lb,PRO,2027,bulls
Bernard VAN DER LINDE,Scrum-half,24,30/11/2000,1.75,86,5 ft 9 in,13 st 7.60 lb; 189.60 lb,PRO,2025,bulls
Embrose PAPIER,Scrum-half,28,25/04/1997,1.71,80,5 ft 7 in,12 st 8.37 lb; 176.37 lb,PRO,2027,bulls
Keagan JOHANNES,Scrum-half,25,27/11/1999,1.78,77,5 ft 10 in,12 st 1.76 lb; 169.76 lb,PRO,2026,bulls
Zak BURGER,Scrum-half,26,20/08/1998,1.74,83,5 ft 9 in,13 st 0.98 lb; 182.98 lb,PRO,2026,bulls
Boeta CHAMBERLAIN,Fly-half,26,22/02/1999,1.84,83,6 ft,13 st; 182.98 lb,PRO,2025,bulls
Jaco VAN DER WALT,Fly-half,31,01/02/1994,1.82,92,6 ft,14 st; 202.83 lb,PRO,2025,bulls
Johan GOOSEN,Fly-half,32,27/07/1992,1.84,89,6 ft,14 st; 196.21 lb,PRO,2026,bulls
Chris SMIT,Centre,29,01/08/1995,1.82,93,6 ft,14 st; 205.03 lb,PRO,2025,bulls
Cornel SMIT,Centre,27,10/09/1997,1.83,96,6 ft,15 st; 211.64 lb,PRO,,bulls
Harold VORSTER,Centre,31,11/10/1993,1.8800000000000001,101,6 ft 2 in,15 st 12.67 lb; 222.67 lb,PRO,,bulls
Katlego LETEBELE,Centre,21,18/11/2003,1.87,92,6 ft 2 in,14 st 6.83 lb; 202.83 lb,PRO,,bulls
Stedman GANS,Centre,28,19/03/1997,1.8,99,5 ft 11 in,15 st 8.26 lb; 218.26 lb,PRO,,bulls
Aphiwe DYANTYI,Winger,30,26/08/1994,1.82,90,6 ft,14 st; 198.42 lb,PRO,2026,bulls
Canan MOODIE,Winger,22,05/11/2002,1.91,94,6 ft 3 in,14 st 11.23 lb; 207.23 lb,PRO,2027,bulls
Sebastian DE KLERK,Winger,25,05/04/2000,1.8,91,5 ft 11 in,14 st 4.62 lb; 200.62 lb,PRO,2026,bulls
Sergeal PETERSEN,Winger,30,01/08/1994,1.73,86,5 ft 8 in,13 st 7.60 lb; 189.60 lb,PRO,,bulls
Stravino JACOBS,Winger,25,21/02/2000,1.8,103,5 ft 11 in,16 st 3.08 lb; 227.08 lb,PRO,,bulls
David KRIEL,Fullback,26,15/02/1999,1.95,102,6 ft 5 in,16 st 0.87 lb; 224.87 lb,PRO,2027,bulls
Devon WILLIAMS,Fullback,33,16/04/1992,1.75,79,5 ft 9 in,12 st 6.17 lb; 174.16 lb,PRO,,bulls
Sibongile NOVUKA,Fullback,27,01/02/1998,1.92,97,6 ft 4 in,15 st 3.85 lb; 213.85 lb,PRO,,bulls
Willie LE ROUX,Fullback,35,18/08/1989,1.84,92,6 ft,14 st; 202.83 lb,PRO,2027,bulls
Corey DOMACHOWSKI,Prop,28,19/09/1996,1.83,124,6 ft,19 st; 273.37 lb,PRO,,cardiff
Danny SOUTHWORTH,Prop,26,04/05/1999,1.83,120,6 ft,18 st; 264.55 lb,PRO,,cardiff
Ed BYRNE,Prop,31,09/09/1993,1.8,115,5 ft 11 in,18 st 1.53 lb; 253.53 lb,PRO,,cardiff
Keiron ASSIRATTI,Prop,28,30/06/1997,1.78,119,5 ft 10 in,18 st 10.35 lb; 262.35 lb,PRO,,cardiff
Rhys LITTERICK,Prop,26,02/03/1999,1.79,120,5 ft 10 in,18 st 12.55 lb; 264.55 lb,PRO,2025,cardiff
Will DAVIES-KING,Prop,26,28/07/1998,1.93,128,6 ft 4 in,20 st 2.19 lb; 282.19 lb,PRO,,cardiff
Dafydd HUGHES,Hooker,29,08/01/1996,1.79,105,5 ft 10 in,16 st 7.49 lb; 231.49 lb,PRO,,cardiff
Efan DANIEL,Hooker,22,14/12/2002,1.85,105,6 ft 1 in,16 st 7.49 lb; 231.49 lb,PRO,2025,cardiff
Evan LLOYD,Hooker,23,28/12/2001,1.85,115,6 ft 1 in,18 st 1.53 lb; 253.53 lb,PRO,,cardiff
Liam BELCHER,Hooker,29,28/04/1996,1.77,107,5 ft 10 in,16 st 11.89 lb; 235.89 lb,PRO,,cardiff
Josh MCNALLY,Lock,34,21/08/1990,2.01,125,6 ft 7 in,19 st 9.58 lb; 275.58 lb,PRO,2026,cardiff
Rory THORNTON,Lock,30,16/03/1995,2.01,119,6 ft 7 in,18 st 10.35 lb; 262.35 lb,PRO,,cardiff
Seb DAVIES,Lock,29,17/05/1996,2.03,119,6 ft 8 in,18 st 10.35 lb; 262.35 lb,PRO,2025,cardiff
Alex MANN,Back row,23,06/01/2002,1.91,98,6 ft 3 in,15 st 6.05 lb; 216.05 lb,PRO,,cardiff
Alun LAWRENCE,Back row,26,15/09/1998,1.91,112,6 ft 3 in,17 st 8.92 lb; 246.92 lb,PRO,,cardiff
Ben DONNELL,Back row,24,02/08/2000,1.98,115,6 ft 6 in,18 st 1.53 lb; 253.53 lb,PRO,,cardiff
Dan THOMAS,Back row,31,11/10/1993,1.83,101,6 ft,15 st; 222.67 lb,PRO,,cardiff
Gwilym BRADLEY,Back row,24,10/09/2000,1.8800000000000001,99,6 ft 2 in,15 st 8.26 lb; 218.26 lb,PRO,2025,cardiff
James BOTHAM,Back row,27,22/02/1998,1.91,108,6 ft 3 in,17 st 0.10 lb; 238.10 lb,PRO,,cardiff
Mackenzie MARTIN,Back row,21,26/10/2003,1.96,116,6 ft 5 in,18 st 3.74 lb; 255.74 lb,PRO,,cardiff
Teddy WILLIAMS,Back row,24,18/10/2000,1.98,118,6 ft 6 in,18 st 8.15 lb; 260.15 lb,PRO,,cardiff
Toby FALETAU,Back row,34,12/11/1990,1.8800000000000001,113,6 ft 2 in,17 st 11.12 lb; 249.12 lb,PRO,,cardiff
Tom YOUNG,Back row,33,18/05/1992,1.81,104,5 ft 11 in,16 st 5.28 lb; 229.28 lb,PRO,2025,cardiff
Aled DAVIES,Scrum-half,32,19/07/1992,1.78,88,5 ft 10 in,13 st 12.01 lb; 194.01 lb,PRO,,cardiff
Callum BRALEY,Scrum-half,31,20/03/1994,1.78,84,5 ft 10 in,13 st 3.19 lb; 185.19 lb,PRO,,cardiff
Ellis BEVAN,Scrum-half,25,10/03/2000,1.8,92,5 ft 11 in,14 st 6.83 lb; 202.83 lb,PRO,,cardiff
Ethan LLOYD,Scrum-half,23,29/09/2001,1.78,82,5 ft 10 in,12 st 12.78 lb; 180.78 lb,PRO,,cardiff
Johan MULDER,Scrum-half,25,06/08/1999,1.76,85,5 ft 9 in,13 st 5.39 lb; 187.39 lb,PRO,,cardiff
Ben THOMAS,Fly-half,26,25/11/1998,1.83,93,6 ft,14 st; 205.03 lb,PRO,,cardiff
Callum SHEEDY,Fly-half,29,28/10/1995,1.77,88,5 ft 10 in,13 st 12.01 lb; 194.01 lb,PRO,,cardiff
Rory JENNINGS,Fly-half,29,24/12/1995,1.8,91,5 ft 11 in,14 st 4.62 lb; 200.62 lb,PRO,2026,cardiff
Tinus DE BEER,Fly-half,29,24/01/1996,1.76,90,5 ft 9 in,14 st 2.42 lb; 198.42 lb,PRO,2025,cardiff
Harri MILLARD,Centre,28,17/08/1996,1.83,94,6 ft,14 st; 207.23 lb,PRO,,cardiff
Louie HENNESSEY,Centre,21,29/03/2004,1.91,105,6 ft 3 in,16 st 7.49 lb; 231.49 lb,PRO,,cardiff
Rey LEE-LO,Centre,39,20/02/1986,1.81,98,5 ft 11 in,15 st 6.05 lb; 216.05 lb,PRO,2025,cardiff
Gabe HAMER-WEBB,Winger,24,07/11/2000,1.83,95,6 ft,14 st; 209.44 lb,PRO,2025,cardiff
Iwan STEPHENS,Winger,23,24/03/2002,1.7,83,5 ft 7 in,13 st 0.98 lb; 182.98 lb,PRO,,cardiff
Josh ADAMS,Winger,30,21/04/1995,1.86,96,6 ft 1 in,15 st 1.64 lb; 211.64 lb,PRO,,cardiff
Mason GRADY,Winger,23,29/03/2002,1.96,111,6 ft 5 in,17 st 6.71 lb; 244.71 lb,PRO,,cardiff
Regan GRACE,Winger,28,12/12/1996,1.78,82,5 ft 10 in,12 st 12.78 lb; 180.78 lb,PRO,2025,cardiff
Theo CABANGO,Winger,23,29/11/2001,1.74,83,5 ft 9 in,13 st 0.98 lb; 182.98 lb,PRO,,cardiff
Cam WINNETT,Fullback,22,07/01/2003,1.8,85,5 ft 11 in,13 st 5.39 lb; 187.39 lb,PRO,,cardiff
Jacob BEETHAM,Fullback,24,18/04/2001,1.85,87,6 ft 1 in,13 st 9.80 lb; 191.80 lb,PRO,,cardiff
Chris COLEMAN,Prop,26,31/08/1998,1.8900000000000001,130,6 ft 2 in,20 st 6.60 lb; 286.60 lb,PRO,,dragons
Dmitri ARHIP,Prop,36,12/11/1988,1.83,120,6 ft,18 st; 264.55 lb,PRO,2025,dragons
Jamie HUGHES,Prop,28,30/09/1996,1.8800000000000001,121,6 ft 2 in,19 st 0.76 lb; 266.76 lb,PRO,,dragons
Josh REYNOLDS,Prop,26,01/12/1998,1.8,116,5 ft 11 in,18 st 3.74 lb; 255.74 lb,PRO,2025,dragons
Luke YENDLE,Prop,25,27/06/2000,1.85,120,6 ft 1 in,18 st 12.55 lb; 264.55 lb,PRO,,dragons
Nathan EVANS,Prop,23,03/01/2002,1.78,120,5 ft 10 in,18 st 12.55 lb; 264.55 lb,PRO,2025,dragons
Paula LATU,Prop,29,14/02/1996,1.87,123,6 ft 2 in,19 st 5.17 lb; 271.17 lb,PRO,2025,dragons
Rhodri JONES,Prop,33,23/12/1991,1.91,120,6 ft 3 in,18 st 12.55 lb; 264.55 lb,PRO,,dragons
Rodrigo MARTINEZ,Prop,26,07/07/1998,1.8800000000000001,120,6 ft 2 in,18 st 12.55 lb; 264.55 lb,PRO,,dragons
Brodie COGHLAN,Hooker,24,21/12/2000,1.83,112,6 ft,17 st; 246.92 lb,PRO,,dragons
Elliot DEE,Hooker,31,07/03/1994,1.86,106,6 ft 1 in,16 st 9.69 lb; 233.69 lb,PRO,,dragons
James BENJAMIN,Hooker,31,21/02/1994,1.83,100,6 ft,15 st; 220.46 lb,PRO,,dragons
Lewis MORGAN,Hooker,21,01/08/2003,1.78,108,5 ft 10 in,17 st 0.10 lb; 238.10 lb,PRO,,dragons
Oli BURROWS,Hooker,23,16/05/2002,1.8800000000000001,110,6 ft 2 in,17 st 4.51 lb; 242.51 lb,PRO,,dragons
Barny LANGTON,Lock,24,26/01/2001,1.95,117,6 ft 5 in,18 st 5.94 lb; 257.94 lb,PRO,,dragons
Ben CARTER,Lock,24,23/01/2001,1.98,122,6 ft 6 in,19 st 2.96 lb; 268.96 lb,PRO,,dragons
George NOTT,Lock,29,21/06/1996,1.98,114,6 ft 6 in,17 st 13.33 lb; 251.33 lb,PRO,2025,dragons
Joe DAVIES,Lock,29,13/11/1995,1.97,130,6 ft 6 in,20 st 6.60 lb; 286.60 lb,PRO,2025,dragons
Matthew SCREECH,Lock,32,24/10/1992,1.96,116,6 ft 5 in,18 st 3.74 lb; 255.74 lb,PRO,,dragons
Steven CUMMINS,Lock,33,29/03/1992,2.02,120,6 ft 8 in,18 st 12.55 lb; 264.55 lb,PRO,,dragons
Aaron WAINWRIGHT,Back row,27,25/09/1997,1.8800000000000001,110,6 ft 2 in,17 st 4.51 lb; 242.51 lb,PRO,,dragons
Dan LYDIATE,Back row,37,18/12/1987,1.93,115,6 ft 4 in,18 st 1.53 lb; 253.53 lb,PRO,2025,dragons
George YOUNG,Back row,23,10/10/2001,1.92,108,6 ft 4 in,17 st 0.10 lb; 238.10 lb,PRO,2025,dragons
Harri KEDDIE,Back row,28,10/07/1996,1.8800000000000001,110,6 ft 2 in,17 st 4.51 lb; 242.51 lb,PRO,,dragons
Shane LEWIS-HUGHES,Back row,27,20/09/1997,1.96,115,6 ft 5 in,18 st 1.53 lb; 253.53 lb,PRO,,dragons
Solomone FUNAKI,Back row,31,25/04/1994,1.87,115,6 ft 2 in,18 st 1.53 lb; 253.53 lb,PRO,,dragons
Taine BASHAM,Back row,25,02/11/1999,1.82,100,6 ft,15 st; 220.46 lb,PRO,2025,dragons
Dane BLACKER,Scrum-half,26,06/07/1998,1.78,78,5 ft 10 in,12 st 3.96 lb; 171.96 lb,PRO,2025,dragons
Rhodri WILLIAMS,Scrum-half,32,05/05/1993,1.79,81,5 ft 10 in,12 st 10.57 lb; 178.57 lb,PRO,,dragons
Angus O'BRIEN,Fly-half,30,17/09/1994,1.8,89,5 ft 11 in,14 st 0.21 lb; 196.21 lb,PRO,,dragons
Cai EVANS,Fly-half,26,23/06/1999,1.85,84,6 ft 1 in,13 st 3.19 lb; 185.19 lb,PRO,,dragons
Josh THOMAS,Fly-half,24,30/06/2000,1.78,83,5 ft 10 in,13 st 0.98 lb; 182.98 lb,PRO,2025,dragons
Lloyd EVANS,Fly-half,29,14/12/1995,1.83,90,6 ft,14 st; 198.42 lb,PRO,2025,dragons
Will REED,Fly-half,23,03/11/2001,1.76,80,5 ft 9 in,12 st 8.37 lb; 176.37 lb,PRO,2025,dragons
Aneurin OWEN,Centre,24,19/10/2000,1.8,89,5 ft 11 in,14 st 0.21 lb; 196.21 lb,PRO,,dragons
Harry WILSON,Centre,24,17/08/2000,1.9,97,6 ft 3 in,15 st 3.85 lb; 213.85 lb,PRO,2025,dragons
Scott WILLIAMS,Centre,34,10/10/1990,1.87,100,6 ft 2 in,15 st 10.46 lb; 220.46 lb,PRO,2025,dragons
Ashton HEWITT,Winger,30,20/11/1994,1.8,90,5 ft 11 in,14 st 2.42 lb; 198.42 lb,PRO,2025,dragons
Ewan ROSSER,Winger,24,16/12/2000,1.78,85,5 ft 10 in,13 st 5.39 lb; 187.39 lb,PRO,,dragons
Jared ROSSER,Winger,27,31/12/1997,1.83,99,6 ft,15 st; 218.26 lb,PRO,,dragons
Rio DYER,Winger,25,21/12/1999,1.85,84,6 ft 1 in,13 st 3.19 lb; 185.19 lb,PRO,,dragons
Jordan WILLIAMS,Fullback,31,20/09/1993,1.73,81,5 ft 8 in,12 st 10.57 lb; 178.57 lb,PRO,2025,dragons
Angus WILLIAMS,Prop,31,11/11/1993,1.8,117,5 ft 11 in,18 st 5.94 lb; 257.94 lb,PRO,2026,edinburgh
Boan VENTER,Prop,28,12/04/1997,1.87,124,6 ft 2 in,19 st 7.37 lb; 273.37 lb,PRO,2026,edinburgh
D'Arcy RAE,Prop,30,21/12/1994,1.86,125,6 ft 1 in,19 st 9.58 lb; 275.58 lb,PRO,2027,edinburgh
Javan SEBASTIAN,Prop,30,27/09/1994,1.77,125,5 ft 10 in,19 st 9.58 lb; 275.58 lb,PRO,2025,edinburgh
Paul HILL,Prop,30,02/03/1995,1.8900000000000001,123,6 ft 2 in,19 st 5.17 lb; 271.17 lb,PRO,2026,edinburgh
Pierre SCHOEMAN,Prop,31,07/05/1994,1.84,118,6 ft,18 st; 260.15 lb,PRO,2028,edinburgh
Robin HISLOP,Prop,33,26/02/1992,1.8,116,5 ft 11 in,18 st 3.74 lb; 255.74 lb,PRO,2025,edinburgh
Dave CHERRY,Hooker,34,03/01/1991,1.83,107,6 ft,16 st; 235.89 lb,PRO,2025,edinburgh
Ewan ASHMAN,Hooker,25,03/04/2000,1.8800000000000001,113,6 ft 2 in,17 st 11.12 lb; 249.12 lb,PRO,2027,edinburgh
Patrick HARRISON,Hooker,23,20/06/2002,1.81,111,5 ft 11 in,17 st 6.71 lb; 244.71 lb,PRO,2027,edinburgh
Glen YOUNG,Lock,30,04/11/1994,2.01,118,6 ft 7 in,18 st 8.15 lb; 260.15 lb,PRO,,edinburgh
Grant GILCHRIST,Lock,34,09/08/1990,1.98,120,6 ft 6 in,18 st 12.55 lb; 264.55 lb,PRO,2026,edinburgh
Marshall SYKES,Lock,25,29/12/1999,2,121,6 ft 7 in,19 st 0.76 lb; 266.76 lb,PRO,2026,edinburgh
Rob CARMICHAEL,Lock,22,04/04/2003,2.1,125,6 ft 11 in,19 st 9.58 lb; 275.58 lb,PRO,2027,edinburgh
Ben MUNCASTER,Back row,23,14/10/2001,1.9,110,6 ft 3 in,17 st 4.51 lb; 242.51 lb,PRO,2027,edinburgh
Connor BOYLE,Back row,25,19/02/2000,1.83,91,6 ft,14 st; 200.62 lb,PRO,2025,edinburgh
Hamish WATSON,Back row,33,15/10/1991,1.85,106,6 ft 1 in,16 st 9.69 lb; 233.69 lb,PRO,2026,edinburgh
Jamie RITCHIE,Back row,28,16/08/1996,1.9,110,6 ft 3 in,17 st 4.51 lb; 242.51 lb,PRO,2025,edinburgh
Liam MCCONNELL,Back row,21,24/06/2004,1.94,106,6 ft 4 in,16 st 9.69 lb; 233.69 lb,PRO,,edinburgh
Luke CROSBIE,Back row,28,22/04/1997,1.96,112,6 ft 5 in,17 st 8.92 lb; 246.92 lb,PRO,2027,edinburgh
Magnus BRADBURY,Back row,29,23/08/1995,1.91,116,6 ft 3 in,18 st 3.74 lb; 255.74 lb,PRO,,edinburgh
Sam SKINNER,Back row,30,31/01/1995,1.96,115,6 ft 5 in,18 st 1.53 lb; 253.53 lb,PRO,2026,edinburgh
Tom DODD,Back row,27,28/10/1997,1.91,109,6 ft 3 in,17 st 2.30 lb; 240.30 lb,PRO,2027,edinburgh
Ali PRICE,Scrum-half,32,12/05/1993,1.77,88,5 ft 10 in,13 st 12.01 lb; 194.01 lb,PRO,2025,edinburgh
Ben VELLACOTT,Scrum-half,30,28/03/1995,1.6700000000000002,78,5 ft 6 in,12 st 3.96 lb; 171.96 lb,PRO,2027,edinburgh
Charlie SHIEL,Scrum-half,27,03/12/1997,1.78,83,5 ft 10 in,13 st 0.98 lb; 182.98 lb,PRO,2026,edinburgh
Ben HEALY,Fly-half,26,29/06/1999,1.91,100,6 ft 3 in,15 st 10.46 lb; 220.46 lb,PRO,2026,edinburgh
Cammy SCOTT,Fly-half,23,08/09/2001,1.81,83,5 ft 11 in,13 st 0.98 lb; 182.98 lb,PRO,2027,edinburgh
James LANG,Fly-half,30,04/04/1995,1.83,95,6 ft,14 st; 209.44 lb,PRO,2026,edinburgh
Ross THOMPSON,Fly-half,26,10/04/1999,1.83,86,6 ft,13 st; 189.60 lb,PRO,2027,edinburgh
Mark BENNETT,Centre,32,03/02/1993,1.83,91,6 ft,14 st; 200.62 lb,PRO,2025,edinburgh
Matt CURRIE,Centre,24,22/02/2001,1.91,95,6 ft 3 in,14 st 13.44 lb; 209.44 lb,PRO,2027,edinburgh
Matt SCOTT,Centre,34,30/09/1990,1.87,101,6 ft 2 in,15 st 12.67 lb; 222.67 lb,PRO,2025,edinburgh
Mosese TUIPULOTU,Centre,24,05/05/2001,1.82,102,6 ft,16 st; 224.87 lb,PRO,2026,edinburgh
Wes GOOSEN,Centre,29,20/10/1995,1.8,92,5 ft 11 in,14 st 6.83 lb; 202.83 lb,PRO,2027,edinburgh
Darcy GRAHAM,Winger,28,21/06/1997,1.77,85,5 ft 10 in,13 st 5.39 lb; 187.39 lb,PRO,2027,edinburgh
Duhan VAN DER MERWE,Winger,30,04/06/1995,1.93,106,6 ft 4 in,16 st 9.69 lb; 233.69 lb,PRO,2027,edinburgh
Ross MCCANN,Winger,27,30/10/1997,1.81,91,5 ft 11 in,14 st 4.62 lb; 200.62 lb,PRO,2026,edinburgh
Ross MCKNIGHT,Winger,23,03/04/2002,1.95,108,6 ft 5 in,17 st 0.10 lb; 238.10 lb,PRO,2025,edinburgh
Emiliano BOFFELLI,Fullback,30,16/01/1995,1.92,96,6 ft 4 in,15 st 1.64 lb; 211.64 lb,PRO,2025,edinburgh
Harry PATERSON,Fullback,24,28/06/2001,1.91,93,6 ft 3 in,14 st 9.03 lb; 205.03 lb,PRO,2027,edinburgh
Nathan SWEENEY,Fullback,24,17/04/2001,1.81,89,5 ft 11 in,14 st 0.21 lb; 196.21 lb,PRO,2025,edinburgh
Fin RICHARDSON,Prop,26,16/09/1998,1.83,120,6 ft,18 st; 264.55 lb,PRO,,glasgow
Jamie BHATTI,Prop,31,08/09/1993,1.85,125,6 ft 1 in,19 st 9.58 lb; 275.58 lb,PRO,2026,glasgow
Murphy WALKER,Prop,25,25/10/1999,1.85,110,6 ft 1 in,17 st 4.51 lb; 242.51 lb,PRO,2026,glasgow
Nathan MCBETH,Prop,27,08/06/1998,1.8900000000000001,120,6 ft 2 in,18 st 12.55 lb; 264.55 lb,PRO,2027,glasgow
Patrick SCHICKERLING,Prop,26,16/10/1998,1.82,120,6 ft,18 st; 264.55 lb,PRO,,glasgow
Rory SUTHERLAND,Prop,32,24/08/1992,1.83,116,6 ft,18 st; 255.74 lb,PRO,2026,glasgow
Sam TALAKAI,Prop,33,04/09/1991,1.83,122,6 ft,19 st; 268.96 lb,PRO,,glasgow
Zander FAGERSON,Prop,29,19/01/1996,1.8800000000000001,126,6 ft 2 in,19 st 11.78 lb; 277.78 lb,PRO,,glasgow
Angus FRASER,Hooker,25,09/12/1999,1.81,110,5 ft 11 in,17 st 4.51 lb; 242.51 lb,PRO,,glasgow
Grant STEWART,Hooker,30,28/02/1995,1.82,113,6 ft,17 st; 249.12 lb,PRO,2026,glasgow
Gregor HIDDLESTON,Hooker,23,26/03/2002,1.87,120,6 ft 2 in,18 st 12.55 lb; 264.55 lb,PRO,,glasgow
Johnny MATTHEWS,Hooker,31,05/07/1993,1.83,110,6 ft,17 st; 242.51 lb,PRO,2026,glasgow
Alex SAMUEL,Lock,22,27/12/2002,2.07,124,6 ft 9 in,19 st 7.37 lb; 273.37 lb,PRO,2027,glasgow
Euan FERRIE,Lock,23,23/07/2001,1.94,110,6 ft 4 in,17 st 4.51 lb; 242.51 lb,PRO,2027,glasgow
Gregor BROWN,Lock,23,01/07/2001,1.96,109,6 ft 5 in,17 st 2.30 lb; 240.30 lb,PRO,2027,glasgow
JP DU PREEZ,Lock,30,09/11/1994,2.08,130,6 ft 10 in,20 st 6.60 lb; 286.60 lb,PRO,2025,glasgow
Max WILLIAMSON,Lock,23,08/05/2002,2.01,120,6 ft 7 in,18 st 12.55 lb; 264.55 lb,PRO,2027,glasgow
Richie GRAY,Lock,35,24/08/1989,2.05,126,6 ft 9 in,19 st 11.78 lb; 277.78 lb,PRO,,glasgow
Scott CUMMINGS,Lock,28,03/12/1996,1.99,117,6 ft 6 in,18 st 5.94 lb; 257.94 lb,PRO,2026,glasgow
Ally MILLER,Back row,29,10/05/1996,1.93,112,6 ft 4 in,17 st 8.92 lb; 246.92 lb,PRO,2026,glasgow
Henco VENTER,Back row,33,27/03/1992,1.87,108,6 ft 2 in,17 st 0.10 lb; 238.10 lb,PRO,2025,glasgow
Jack DEMPSEY,Back row,31,12/04/1994,1.91,112,6 ft 3 in,17 st 8.92 lb; 246.92 lb,PRO,2025,glasgow
Jack MANN,Back row,25,17/11/1999,1.94,115,6 ft 4 in,18 st 1.53 lb; 253.53 lb,PRO,2025,glasgow
Matt FAGERSON,Back row,26,16/07/1998,1.86,110,6 ft 1 in,17 st 4.51 lb; 242.51 lb,PRO,2028,glasgow
Rory DARGE,Back row,25,23/02/2000,1.86,102,6 ft 1 in,16 st 0.87 lb; 224.87 lb,PRO,2028,glasgow
Sione VAILANU,Back row,30,27/01/1995,1.8900000000000001,119,6 ft 2 in,18 st 10.35 lb; 262.35 lb,PRO,,glasgow
Ben AFSHAR,Scrum-half,22,02/04/2003,1.84,81,6 ft,12 st; 178.57 lb,PRO,,glasgow
George HORNE,Scrum-half,30,12/05/1995,1.74,81,5 ft 9 in,12 st 10.57 lb; 178.57 lb,PRO,2027,glasgow
Jamie DOBIE,Scrum-half,24,07/06/2001,1.75,81,5 ft 9 in,12 st 10.57 lb; 178.57 lb,PRO,,glasgow
Sean KENNEDY,Scrum-half,34,24/04/1991,1.73,80,5 ft 8 in,12 st 8.37 lb; 176.37 lb,PRO,2025,glasgow
Adam HASTINGS,Fly-half,28,05/10/1996,1.8900000000000001,93,6 ft 2 in,14 st 9.03 lb; 205.03 lb,PRO,2026,glasgow
Duncan WEIR,Fly-half,34,10/05/1991,1.76,91,5 ft 9 in,14 st 4.62 lb; 200.62 lb,PRO,2026,glasgow
Tom JORDAN,Fly-half,26,18/09/1998,1.8900000000000001,96,6 ft 2 in,15 st 1.64 lb; 211.64 lb,PRO,2025,glasgow
Huw JONES,Centre,31,17/12/1993,1.86,102,6 ft 1 in,16 st 0.87 lb; 224.87 lb,PRO,2026,glasgow
Kyle STEYN,Centre,31,29/01/1994,1.8800000000000001,102,6 ft 2 in,16 st 0.87 lb; 224.87 lb,PRO,2028,glasgow
Sione TUIPULOTU,Centre,28,12/02/1997,1.78,104,5 ft 10 in,16 st 5.28 lb; 229.28 lb,PRO,2028,glasgow
Stafford MCDOWALL,Centre,27,24/02/1998,1.93,103,6 ft 4 in,16 st 3.08 lb; 227.08 lb,PRO,2025,glasgow
Facundo CORDERO,Winger,26,31/07/1998,1.77,86,5 ft 10 in,13 st 7.60 lb; 189.60 lb,PRO,2025,glasgow
Sebastián CANCELLIERE,Winger,31,17/09/1993,1.85,90,6 ft 1 in,14 st 2.42 lb; 198.42 lb,PRO,2025,glasgow
Josh MCKAY,Fullback,27,10/10/1997,1.83,95,6 ft,14 st; 209.44 lb,PRO,2028,glasgow
Kyle ROWE,Fullback,27,08/02/1998,1.83,88,6 ft,13 st; 194.01 lb,PRO,2027,glasgow
Ollie SMITH,Fullback,24,07/08/2000,1.8800000000000001,90,6 ft 2 in,14 st 2.42 lb; 198.42 lb,PRO,,glasgow
Enzo AVACA,Prop,25,12/06/2000,1.8800000000000001,118,6 ft 2 in,18 st 8.15 lb; 260.15 lb,PRO,,benetton
Giosué ZILOCCHI,Prop,28,15/01/1997,1.8900000000000001,115,6 ft 2 in,18 st 1.53 lb; 253.53 lb,PRO,2027,benetton
Ivan NEMER,Prop,27,22/04/1998,1.8,117,5 ft 11 in,18 st 5.94 lb; 257.94 lb,PRO,2026,benetton
Mirco SPAGNOLO,Prop,24,02/01/2001,1.86,110,6 ft 1 in,17 st 4.51 lb; 242.51 lb,PRO,2027,benetton
Nahuel TETAZ CHAPARRO,Prop,35,06/11/1989,1.86,121,6 ft 1 in,19 st 0.76 lb; 266.76 lb,PRO,,benetton
Simone FERRARI,Prop,31,28/03/1994,1.86,120,6 ft 1 in,18 st 12.55 lb; 264.55 lb,PRO,2029,benetton
Thomas GALLO,Prop,26,30/04/1999,1.77,107,5 ft 10 in,16 st 11.89 lb; 235.89 lb,PRO,2027,benetton
Tiziano PASQUALI,Prop,30,14/07/1994,1.85,118,6 ft 1 in,18 st 8.15 lb; 260.15 lb,PRO,2026,benetton
Agustín CREEVY,Hooker,40,15/03/1985,1.8,108,5 ft 11 in,17 st 0.10 lb; 238.10 lb,PRO,2025,benetton
Bautista BERNASCONI,Hooker,23,14/09/2001,1.75,114,5 ft 9 in,17 st 13.33 lb; 251.33 lb,PRO,2027,benetton
Marco MANFREDI,Hooker,27,18/09/1997,1.83,110,6 ft,17 st; 242.51 lb,PRO,2026,benetton
Siua MAILE,Hooker,28,18/02/1997,1.81,113,5 ft 11 in,17 st 11.12 lb; 249.12 lb,PRO,2026,benetton
Edoardo IACHIZZI,Lock,27,26/05/1998,1.96,112,6 ft 5 in,17 st 8.92 lb; 246.92 lb,PRO,2025,benetton
Eli SNYMAN,Lock,29,25/01/1996,2.01,119,6 ft 7 in,18 st 10.35 lb; 262.35 lb,PRO,2026,benetton
Federico RUZZA,Lock,30,04/08/1994,1.98,110,6 ft 6 in,17 st 4.51 lb; 242.51 lb,PRO,2028,benetton
Gideon KOEGELENBERG,Lock,30,25/11/1994,2.02,124,6 ft 8 in,19 st 7.37 lb; 273.37 lb,PRO,2025,benetton
Jadin KINGI,Lock,22,19/08/2002,1.98,108,6 ft 6 in,17 st 0.10 lb; 238.10 lb,PRO,2027 +1,benetton
Niccolò CANNONE,Lock,27,17/05/1998,1.97,121,6 ft 6 in,19 st 0.76 lb; 266.76 lb,PRO,2026,benetton
Riccardo FAVRETTO,Lock,23,18/10/2001,2,108,6 ft 7 in,17 st 0.10 lb; 238.10 lb,PRO,2026,benetton
Scott SCRAFTON,Lock,32,18/04/1993,2,120,6 ft 7 in,18 st 12.55 lb; 264.55 lb,PRO,2026 +1,benetton
Alessandro IZEKOR,Back row,25,05/03/2000,1.96,110,6 ft 5 in,17 st 4.51 lb; 242.51 lb,PRO,2028,benetton
Giulio MARINI,Back row,23,23/01/2002,1.95,102,6 ft 5 in,16 st 0.87 lb; 224.87 lb,PRO,,benetton
Lorenzo CANNONE,Back row,24,28/01/2001,1.9,106,6 ft 3 in,16 st 9.69 lb; 233.69 lb,PRO,2026,benetton
Manuel ZULIANI,Back row,25,26/04/2000,1.8800000000000001,111,6 ft 2 in,17 st 6.71 lb; 244.71 lb,PRO,2027,benetton
Michele LAMARO,Back row,27,03/06/1998,1.8800000000000001,103,6 ft 2 in,16 st 3.08 lb; 227.08 lb,PRO,2028,benetton
Seb NEGRI,Back row,31,30/06/1994,1.94,111,6 ft 4 in,17 st 6.71 lb; 244.71 lb,PRO,2028,benetton
Toa HALAFIHI,Back row,31,27/11/1993,1.85,110,6 ft 1 in,17 st 4.51 lb; 242.51 lb,PRO,2025,benetton
Alessandro GARBISI,Scrum-half,23,11/04/2002,1.74,88,5 ft 9 in,13 st 12.01 lb; 194.01 lb,PRO,2027,benetton
Andy UREN,Scrum-half,29,20/02/1996,1.78,93,5 ft 10 in,14 st 9.03 lb; 205.03 lb,PRO,2028,benetton
Lautaro BAZÁN VÉLEZ,Scrum-half,29,24/02/1996,1.73,82,5 ft 8 in,12 st 12.78 lb; 180.78 lb,PRO,2025,benetton
Nicolò CASILIO,Scrum-half,26,12/10/1998,1.8,85,5 ft 11 in,13 st 5.39 lb; 187.39 lb,PRO,2025,benetton
Giuliano AVACA,Fly-half,22,25/02/2003,1.8,89,5 ft 11 in,14 st 0.21 lb; 196.21 lb,PRO,,benetton
Jacob UMAGA,Fly-half,26,08/07/1998,1.82,91,6 ft,14 st; 200.62 lb,PRO,2026,benetton
Leonardo MARIN,Fly-half,23,23/02/2002,1.8800000000000001,88,6 ft 2 in,13 st 12.01 lb; 194.01 lb,PRO,2026,benetton
Tomás ALBORNOZ,Fly-half,27,17/09/1997,1.77,82,5 ft 10 in,12 st 12.78 lb; 180.78 lb,PRO,2026,benetton
Federico ZANANDREA,Centre,20,30/01/2005,1.9,103,6 ft 3 in,16 st 3.08 lb; 227.08 lb,PRO,,benetton
Ignacio BREX,Centre,33,26/05/1992,1.8900000000000001,99,6 ft 2 in,15 st 8.26 lb; 218.26 lb,PRO,2025,benetton
Malakai FEKITOA,Centre,33,10/05/1992,1.87,100,6 ft 2 in,15 st 10.46 lb; 220.46 lb,PRO,2026,benetton
Marco ZANON,Centre,27,03/10/1997,1.8800000000000001,97,6 ft 2 in,15 st 3.85 lb; 213.85 lb,PRO,2026,benetton
Tommaso MENONCELLO,Centre,22,20/08/2002,1.87,101,6 ft 2 in,15 st 12.67 lb; 222.67 lb,PRO,2026,benetton
Ignacio MENDY,Winger,25,29/06/2000,1.87,90,6 ft 2 in,14 st 2.42 lb; 198.42 lb,PRO,2025,benetton
Louis LYNAGH,Winger,24,03/12/2000,1.8,96,5 ft 11 in,15 st 1.64 lb; 211.64 lb,PRO,2026 +1,benetton
Onisi RATAVE,Winger,33,06/06/1992,1.79,100,5 ft 10 in,15 st 10.46 lb; 220.46 lb,PRO,2026,benetton
Paolo ODOGWU,Winger,28,18/02/1997,1.75,100,5 ft 9 in,15 st 10.46 lb; 220.46 lb,PRO,2027,benetton
Matt GALLAGHER,Fullback,28,26/10/1996,1.85,96,6 ft 1 in,15 st 1.64 lb; 211.64 lb,PRO,2027,benetton
Rhyno SMITH,Fullback,32,11/02/1993,1.73,83,5 ft 8 in,13 st 0.98 lb; 182.98 lb,PRO,2026,benetton
Andrew PORTER,Prop,29,16/01/1996,1.85,125,6 ft 1 in,19 st 9.58 lb; 275.58 lb,PRO,2027,leinster
Cian HEALY,Prop,37,07/10/1987,1.85,117,6 ft 1 in,18 st 5.94 lb; 257.94 lb,PRO,2025,leinster
Ivan SOROKA,Prop,30,01/10/1994,1.8,110,5 ft 11 in,17 st 4.51 lb; 242.51 lb,PRO,,leinster
Jack BOYLE,Prop,23,10/03/2002,1.85,113,6 ft 1 in,17 st 11.12 lb; 249.12 lb,PRO,,leinster
Paddy MCCARTHY,Prop,22,28/05/2003,1.82,110,6 ft,17 st; 242.51 lb,PRO,,leinster
Rabah SLIMANI,Prop,35,18/10/1989,1.78,124,5 ft 10 in,19 st 7.37 lb; 273.37 lb,PRO,2026,leinster
Tadhg FURLONG,Prop,32,14/11/1992,1.83,119,6 ft,18 st; 262.35 lb,PRO,2027,leinster
Tom CLARKSON,Prop,25,22/02/2000,1.85,118,6 ft 1 in,18 st 8.15 lb; 260.15 lb,PRO,,leinster
Dan SHEEHAN,Hooker,26,17/09/1998,1.91,110,6 ft 3 in,17 st 4.51 lb; 242.51 lb,PRO,2026,leinster
John MCKEE,Hooker,25,15/02/2000,1.83,109,6 ft,17 st; 240.30 lb,PRO,,leinster
Ronan KELLEHER,Hooker,27,24/01/1998,1.85,108,6 ft 1 in,17 st 0.10 lb; 238.10 lb,PRO,2025,leinster
Brian DEENY,Lock,25,03/02/2000,2,119,6 ft 7 in,18 st 10.35 lb; 262.35 lb,PRO,,leinster
James RYAN,Lock,28,24/07/1996,2.01,115,6 ft 7 in,18 st 1.53 lb; 253.53 lb,PRO,2028,leinster
Joe MCCARTHY,Lock,24,26/03/2001,1.98,119,6 ft 6 in,18 st 10.35 lb; 262.35 lb,PRO,2028,leinster
RG SNYMAN,Lock,30,29/01/1995,2.07,131,6 ft 9 in,20 st 8.81 lb; 288.81 lb,PRO,2026,leinster
Ryan BAIRD,Lock,25,26/07/1999,1.98,113,6 ft 6 in,17 st 11.12 lb; 249.12 lb,PRO,,leinster
Alex SOROKA,Back row,24,19/02/2001,1.96,107,6 ft 5 in,16 st 11.89 lb; 235.89 lb,PRO,,leinster
Caelan DORIS,Back row,27,02/04/1998,1.93,106,6 ft 4 in,16 st 9.69 lb; 233.69 lb,PRO,2027,leinster
Jack CONAN,Back row,32,29/07/1992,1.93,111,6 ft 4 in,17 st 6.71 lb; 244.71 lb,PRO,2027,leinster
James CULHANE,Back row,22,22/10/2002,1.93,113,6 ft 4 in,17 st 11.12 lb; 249.12 lb,PRO,,leinster
Josh VAN DER FLIER,Back row,32,25/04/1993,1.83,105,6 ft,16 st; 231.49 lb,PRO,2026,leinster
Max DEEGAN,Back row,28,01/10/1996,1.93,110,6 ft 4 in,17 st 4.51 lb; 242.51 lb,PRO,,leinster
Scott PENNY,Back row,25,22/09/1999,1.85,104,6 ft 1 in,16 st 5.28 lb; 229.28 lb,PRO,,leinster
Will CONNORS,Back row,29,04/04/1996,1.96,105,6 ft 5 in,16 st 7.49 lb; 231.49 lb,PRO,,leinster
Cormac FOLEY,Scrum-half,25,24/10/1999,1.8,90,5 ft 11 in,14 st 2.42 lb; 198.42 lb,PRO,,leinster
Jamison GIBSON-PARK,Scrum-half,33,23/02/1992,1.75,83,5 ft 9 in,13 st 0.98 lb; 182.98 lb,PRO,,leinster
Luke MCGRATH,Scrum-half,32,03/02/1993,1.75,84,5 ft 9 in,13 st 3.19 lb; 185.19 lb,PRO,,leinster
Ciarán FRAWLEY,Fly-half,27,04/12/1997,1.91,98,6 ft 3 in,15 st 6.05 lb; 216.05 lb,PRO,,leinster
Ross BYRNE,Fly-half,30,08/04/1995,1.93,95,6 ft 4 in,14 st 13.44 lb; 209.44 lb,PRO,2025,leinster
Sam PRENDERGAST,Fly-half,22,12/02/2003,1.94,91,6 ft 4 in,14 st 4.62 lb; 200.62 lb,PRO,,leinster
Garry RINGROSE,Centre,30,26/01/1995,1.86,92,6 ft 1 in,14 st 6.83 lb; 202.83 lb,PRO,2028,leinster
Jamie OSBORNE,Centre,23,16/11/2001,1.93,98,6 ft 4 in,15 st 6.05 lb; 216.05 lb,PRO,,leinster
Jordie BARRETT,Centre,28,17/02/1997,1.96,102,6 ft 5 in,16 st 0.87 lb; 224.87 lb,PRO,2025,leinster
Robbie HENSHAW,Centre,32,12/06/1993,1.91,100,6 ft 3 in,15 st 10.46 lb; 220.46 lb,PRO,2028,leinster
Tommy O'BRIEN,Centre,27,28/05/1998,1.83,95,6 ft,14 st; 209.44 lb,PRO,,leinster
James LOWE,Winger,32,08/07/1992,1.8800000000000001,105,6 ft 2 in,16 st 7.49 lb; 231.49 lb,PRO,,leinster
Jordan LARMOUR,Winger,28,10/06/1997,1.78,91,5 ft 10 in,14 st 4.62 lb; 200.62 lb,PRO,,leinster
Liam TURNER,Winger,25,14/07/1999,1.75,91,5 ft 9 in,14 st 4.62 lb; 200.62 lb,PRO,2025,leinster
Rob RUSSELL,Winger,26,13/01/1999,1.83,91,6 ft,14 st; 200.62 lb,PRO,2025,leinster
Hugo KEENAN,Fullback,29,18/06/1996,1.85,92,6 ft 1 in,14 st 6.83 lb; 202.83 lb,PRO,2026,leinster
Jimmy O'BRIEN,Fullback,28,27/11/1996,1.83,90,6 ft,14 st; 198.42 lb,PRO,,leinster
Asenathi NTLABAKANYE,Prop,26,15/04/1999,1.82,153,6 ft,24 st; 337.31 lb,PRO,2027,lions
Conraad VAN VUUREN,Prop,29,34798,1.83,115,6 ft,18 st; 253.53 lb,PRO,,lions
Heiko POHLMANN,Prop,23,16/01/2002,1.85,128,6 ft 1 in,20 st 2.19 lb; 282.19 lb,PRO,,lions
Juan SCHOEMAN,Prop,33,18/09/1991,1.86,120,6 ft 1 in,18 st 12.55 lb; 264.55 lb,PRO,,lions
Morgan NAUDÉ,Prop,26,36107,1.81,108,5 ft 11 in,17 st 0.10 lb; 238.10 lb,PRO,2025,lions
RF SCHOEMAN,Prop,21,14/08/2003,1.8800000000000001,122,6 ft 2 in,19 st 2.96 lb; 268.96 lb,PRO,,lions
Sivu MABECE,Prop,22,27/07/2002,1.86,120,6 ft 1 in,18 st 12.55 lb; 264.55 lb,PRO,,lions
Stian DE BRUYN,Prop,NA,-,1.8800000000000001,118,6 ft 2 in,18 st 8.15 lb; 260.15 lb,PRO,,lions
Franco MARAIS,Hooker,32,23/09/1992,1.85,108,6 ft 1 in,17 st 0.10 lb; 238.10 lb,PRO,,lions
Jaco VISAGIE,Hooker,32,33823,1.8800000000000001,107,6 ft 2 in,16 st 11.89 lb; 235.89 lb,PRO,,lions
Jacques-Lois DU TOIT,Hooker,24,23/04/2001,1.75,96,5 ft 9 in,15 st 1.64 lb; 211.64 lb,PRO,,lions
Marno GROBBELAAR,Hooker,21,37903,1.83,105,6 ft,16 st; 231.49 lb,PRO,,lions
Morné BRANDON,Hooker,24,25/11/2000,1.84,106,6 ft,16 st; 233.69 lb,PRO,2025,lions
PJ BOTHA,Hooker,27,20/01/1998,1.81,105,5 ft 11 in,16 st 7.49 lb; 231.49 lb,PRO,,lions
SJ KOTZE,Hooker,22,37653,1.86,110,6 ft 1 in,17 st 4.51 lb; 242.51 lb,PRO,,lions
Darrien LANDSBERG,Lock,26,26/07/1998,1.96,111,6 ft 5 in,17 st 6.71 lb; 244.71 lb,PRO,,lions
Etienne OOSTHUIZEN,Lock,32,22/12/1992,1.98,128,6 ft 6 in,20 st 2.19 lb; 282.19 lb,PRO,,lions
Johnré STOPFORTH,Lock,NA,-,2,105,6 ft 7 in,16 st 7.49 lb; 231.49 lb,PRO,,lions
Luca RIBBENS,Lock,21,37719,1.93,112,6 ft 4 in,17 st 8.92 lb; 246.92 lb,PRO,,lions
Raynard ROETS,Lock,24,37138,1.97,108,6 ft 6 in,17 st 0.10 lb; 238.10 lb,PRO,2025,lions
Reinhard NOTHNAGEL,Lock,27,25/09/1997,2.02,117,6 ft 8 in,18 st 5.94 lb; 257.94 lb,PRO,2025,lions
Ruan VENTER,Lock,22,29/11/2002,1.98,120,6 ft 6 in,18 st 12.55 lb; 264.55 lb,PRO,2025,lions
Ruben SCHOEMAN,Lock,29,14/03/1996,1.99,124,6 ft 6 in,19 st 7.37 lb; 273.37 lb,PRO,2025,lions
Siba QOMA,Lock,28,17/02/1997,1.9,108,6 ft 3 in,17 st 0.10 lb; 238.10 lb,PRO,,lions
Tiaan WESSELS,Lock,22,37865,1.95,120,6 ft 5 in,18 st 12.55 lb; 264.55 lb,PRO,,lions
Francke HORN,Back row,26,24/05/1999,1.9,106,6 ft 3 in,16 st 9.69 lb; 233.69 lb,PRO,2028,lions
Izan ESTERHUIZEN,Back row,24,37108,1.91,112,6 ft 3 in,17 st 8.92 lb; 246.92 lb,PRO,,lions
Jarod CAIRNS,Back row,24,18/05/2001,1.8800000000000001,100,6 ft 2 in,15 st 10.46 lb; 220.46 lb,PRO,,lions
JC PRETORIUS,Back row,27,29/01/1998,1.86,92,6 ft 1 in,14 st 6.83 lb; 202.83 lb,PRO,,lions
Renzo DU PLESSIS,Back row,22,37597,1.8800000000000001,108,6 ft 2 in,17 st 0.10 lb; 238.10 lb,PRO,2025,lions
Ruan DELPORT,Back row,22,37322,2,109,6 ft 7 in,17 st 2.30 lb; 240.30 lb,PRO,2025,lions
Ruhan STRAEULI,Back row,26,35896,1.93,112,6 ft 4 in,17 st 8.92 lb; 246.92 lb,PRO,2025,lions
WJ STEENKAMP,Back row,24,28/09/2000,1.9,107,6 ft 3 in,16 st 11.89 lb; 235.89 lb,PRO,,lions
Layton HORN,Scrum-half,22,21/05/2003,1.83,82,6 ft,12 st; 180.78 lb,PRO,,lions
Morné VAN DEN BERG,Scrum-half,27,24/10/1997,1.75,82,5 ft 9 in,12 st 12.78 lb; 180.78 lb,PRO,2025,lions
Nico STEYN,Scrum-half,23,37594,1.77,78,5 ft 10 in,12 st 3.96 lb; 171.96 lb,PRO,,lions
Gianni LOMBARD,Fly-half,27,22/01/1998,1.78,82,5 ft 10 in,12 st 12.78 lb; 180.78 lb,PRO,,lions
Kade WOLHUTER,Fly-half,24,28/06/2001,1.82,93,6 ft,14 st; 205.03 lb,PRO,2026,lions
Lubabalo DOBELA,Fly-half,27,35831,1.75,80,5 ft 9 in,12 st 8.37 lb; 176.37 lb,PRO,,lions
Sam FRANCIS,Fly-half,22,14/03/2003,1.9,100,6 ft 3 in,15 st 10.46 lb; 220.46 lb,PRO,,lions
Zander DU PLESSIS,Fly-half,25,36742,1.9,90,6 ft 3 in,14 st 2.42 lb; 198.42 lb,PRO,,lions
Erich CRONJÉ,Centre,28,35431,1.84,95,6 ft,14 st; 209.44 lb,PRO,,lions
Henco VAN WYK,Centre,24,37077,1.8,92,5 ft 11 in,14 st 6.83 lb; 202.83 lb,PRO,2027,lions
Manuel RASS,Centre,27,19/04/1998,1.74,88,5 ft 9 in,13 st 12.01 lb; 194.01 lb,PRO,2025,lions
Marius LOUW,Centre,29,24/10/1995,1.82,97,6 ft,15 st; 213.85 lb,PRO,2025,lions
Rynhardt JONKER,Centre,25,18/04/2000,1.8,90,5 ft 11 in,14 st 2.42 lb; 198.42 lb,PRO,,lions
Boldwin HANSEN,Winger,24,26/03/2001,1.92,98,6 ft 4 in,15 st 6.05 lb; 216.05 lb,PRO,,lions
Edwill VAN DER MERWE,Winger,29,35403,1.81,90,5 ft 11 in,14 st 2.42 lb; 198.42 lb,PRO,2025,lions
Keagan SMITH,Winger,22,15/05/2003,1.75,81,5 ft 9 in,12 st 10.57 lb; 178.57 lb,PRO,,lions
Rabz MAXWANE,Winger,29,14/08/1995,1.81,90,5 ft 11 in,14 st 2.42 lb; 198.42 lb,PRO,2025,lions
Quan HORN,Fullback,24,27/06/2001,1.81,84,5 ft 11 in,13 st 3.19 lb; 185.19 lb,PRO,2025,lions
Richard KRIEL,Fullback,24,36714,1.94,95,6 ft 4 in,14 st 13.44 lb; 209.44 lb,PRO,,lions
Tapiwa MAFURA,Fullback,29,35373,1.75,80,5 ft 9 in,12 st 8.37 lb; 176.37 lb,PRO,,lions
Dian BLEULER,Prop,25,05/08/1999,1.83,120,6 ft,18 st; 264.55 lb,PRO,,sharks
Dian HEUNIS,Prop,22,20/05/2003,1.85,126,6 ft 1 in,19 st 11.78 lb; 277.78 lb,PRO,,sharks
Hanro JACOBS,Prop,25,14/03/2000,1.85,129,6 ft 1 in,20 st 4.40 lb; 284.40 lb,PRO,2027,sharks
Khwezi MONA,Prop,32,08/10/1992,1.83,120,6 ft,18 st; 264.55 lb,PRO,,sharks
Mawande MDANDA,Prop,22,09/03/2003,1.8900000000000001,132,6 ft 2 in,20 st 11.01 lb; 291.01 lb,PRO,,sharks
Ntuthuko MCHUNU,Prop,26,05/04/1999,1.8800000000000001,120,6 ft 2 in,18 st 12.55 lb; 264.55 lb,PRO,2025,sharks
Ox NCHÉ,Prop,29,23/07/1995,1.76,123,5 ft 9 in,19 st 5.17 lb; 271.17 lb,PRO,2028,sharks
Phatu GANYANE,Prop,22,17/01/2003,1.85,123,6 ft 1 in,19 st 5.17 lb; 271.17 lb,PRO,2027,sharks
Ruan DREYER,Prop,34,16/09/1990,1.86,115,6 ft 1 in,18 st 1.53 lb; 253.53 lb,PRO,2027,sharks
Trevor NYAKANE,Prop,36,04/05/1989,1.78,122,5 ft 10 in,19 st 2.96 lb; 268.96 lb,PRO,,sharks
Vincent KOCH,Prop,35,13/03/1990,1.85,118,6 ft 1 in,18 st 8.15 lb; 260.15 lb,PRO,,sharks
Bongi MBONAMBI,Hooker,34,07/01/1991,1.75,118,5 ft 9 in,18 st 8.15 lb; 260.15 lb,PRO,2026,sharks
Bryce CALVERT,Hooker,NA,-,1.8,107,5 ft 11 in,16 st 11.89 lb; 235.89 lb,PRO,,sharks
Ethan BESTER,Hooker,20,31/10/2004,1.87,112,6 ft 2 in,17 st 8.92 lb; 246.92 lb,PRO,2028,sharks
Fez MBATHA,Hooker,25,02/08/1999,1.8,112,5 ft 11 in,17 st 8.92 lb; 246.92 lb,PRO,2026,sharks
Coetzee LE ROUX,Lock,22,22/01/2003,1.93,112,6 ft 4 in,17 st 8.92 lb; 246.92 lb,PRO,2026,sharks
Corné RAHL,Lock,23,27/05/2002,2.03,122,6 ft 8 in,19 st 2.96 lb; 268.96 lb,PRO,2025,sharks
Deon SLABBERT,Lock,25,04/05/2000,2,117,6 ft 7 in,18 st 5.94 lb; 257.94 lb,PRO,,sharks
Eben ETZEBETH,Lock,33,29/10/1991,2.03,126,6 ft 8 in,19 st 11.78 lb; 277.78 lb,PRO,2027,sharks
Emile VAN HEERDEN,Lock,24,08/08/2000,2,110,6 ft 7 in,17 st 4.51 lb; 242.51 lb,PRO,2027,sharks
Gerbrandt GROBLER,Lock,33,06/02/1992,2,120,6 ft 7 in,18 st 12.55 lb; 264.55 lb,PRO,2025,sharks
Jason JENKINS,Lock,29,02/12/1995,2.03,127,6 ft 8 in,19 st 13.99 lb; 279.99 lb,PRO,,sharks
Reniel HUGO,Lock,34,19/07/1990,1.97,112,6 ft 6 in,17 st 8.92 lb; 246.92 lb,PRO,2025,sharks
Thomas DYER,Lock,20,16/11/2004,1.96,115,6 ft 5 in,18 st 1.53 lb; 253.53 lb,PRO,,sharks
Batho HLEKANI,Back row,20,05/04/2005,1.93,115,6 ft 4 in,18 st 1.53 lb; 253.53 lb,ACADEMY,,sharks
Dylan RICHARDSON,Back row,26,15/01/1999,1.85,110,6 ft 1 in,17 st 4.51 lb; 242.51 lb,PRO,2025,sharks
James VENTER,Back row,28,21/08/1996,1.82,97,6 ft,15 st; 213.85 lb,PRO,2025,sharks
Jannes POTGIETER,Back row,22,05/05/2003,1.93,112,6 ft 4 in,17 st 8.92 lb; 246.92 lb,PRO,2027,sharks
Manu TSHITUKA,Back row,25,16/06/2000,1.93,110,6 ft 4 in,17 st 4.51 lb; 242.51 lb,PRO,,sharks
Mèno BARNARD,Back row,NA,-,1.93,104,6 ft 4 in,16 st 5.28 lb; 229.28 lb,PRO,,sharks
Nick HATTON,Back row,22,17/01/2003,1.91,103,6 ft 3 in,16 st 3.08 lb; 227.08 lb,PRO,2027,sharks
Phepsi BUTHELEZI,Back row,26,30/05/1999,1.8800000000000001,108,6 ft 2 in,17 st 0.10 lb; 238.10 lb,PRO,2026,sharks
Siya KOLISI,Back row,34,16/06/1991,1.8900000000000001,104,6 ft 2 in,16 st 5.28 lb; 229.28 lb,PRO,2027,sharks
Tino MAVESERE,Back row,26,17/10/1998,1.8900000000000001,105,6 ft 2 in,16 st 7.49 lb; 231.49 lb,PRO,2028,sharks
Vincent TSHITUKA,Back row,26,10/09/1998,1.94,110,6 ft 4 in,17 st 4.51 lb; 242.51 lb,PRO,2027,sharks
Bradley DAVIDS,Scrum-half,22,30/07/2002,1.76,79,5 ft 9 in,12 st 6.17 lb; 174.16 lb,PRO,2027,sharks
Grant WILLIAMS,Scrum-half,28,22/07/1996,1.74,80,5 ft 9 in,12 st 8.37 lb; 176.37 lb,PRO,2027,sharks
Jaden HENDRIKSE,Scrum-half,25,23/03/2000,1.84,92,6 ft,14 st; 202.83 lb,PRO,2025,sharks
Tiaan FOURIE,Scrum-half,23,22/04/2002,1.73,78,5 ft 8 in,12 st 3.96 lb; 171.96 lb,PRO,,sharks
Tian MEYER,Scrum-half,36,20/09/1988,1.77,84,5 ft 10 in,13 st 3.19 lb; 185.19 lb,PRO,,sharks
Jean SMITH,Fly-half,22,01/04/2003,1.81,89,5 ft 11 in,14 st 0.21 lb; 196.21 lb,PRO,,sharks
Jordan HENDRIKSE,Fly-half,24,28/06/2001,1.8800000000000001,93,6 ft 2 in,14 st 9.03 lb; 205.03 lb,PRO,,sharks
Lionel CRONJÉ,Fly-half,36,25/05/1989,1.84,92,6 ft,14 st; 202.83 lb,PRO,,sharks
Siya MASUKU,Fly-half,28,01/08/1996,1.8900000000000001,95,6 ft 2 in,14 st 13.44 lb; 209.44 lb,PRO,2028,sharks
André ESTERHUIZEN,Centre,31,30/03/1994,1.93,115,6 ft 4 in,18 st 1.53 lb; 253.53 lb,PRO,,sharks
Diego APPOLLIS,Centre,24,27/08/2000,1.78,94,5 ft 10 in,14 st 11.23 lb; 207.23 lb,PRO,,sharks
Ethan HOOKER,Centre,22,20/01/2003,1.93,100,6 ft 4 in,15 st 10.46 lb; 220.46 lb,PRO,2027,sharks
Francois VENTER,Centre,34,19/04/1991,1.85,95,6 ft 1 in,14 st 13.44 lb; 209.44 lb,PRO,,sharks
Jurenzo JULIUS,Centre,21,11/05/2004,1.78,96,5 ft 10 in,15 st 1.64 lb; 211.64 lb,PRO,,sharks
Litelihle BESTER,Centre,21,01/04/2004,1.87,92,6 ft 2 in,14 st 6.83 lb; 202.83 lb,PRO,,sharks
Lukhanyo AM,Centre,31,28/11/1993,1.8800000000000001,101,6 ft 2 in,15 st 12.67 lb; 222.67 lb,PRO,,sharks
Eduan KEYTER,Winger,29,13/06/1996,1.84,101,6 ft,15 st; 222.67 lb,PRO,2025,sharks
Gurshwin WEHR,Winger,26,08/09/1998,1.85,85,6 ft 1 in,13 st 5.39 lb; 187.39 lb,PRO,,sharks
Makazole MAPIMPI,Winger,34,26/07/1990,1.84,92,6 ft,14 st; 202.83 lb,PRO,2027,sharks
Marnus POTGIETER,Winger,26,20/06/1999,1.8800000000000001,106,6 ft 2 in,16 st 9.69 lb; 233.69 lb,PRO,2025,sharks
Yaw PENXE,Winger,28,03/04/1997,1.83,93,6 ft,14 st; 205.03 lb,PRO,,sharks
Aphelele FASSI,Fullback,27,23/01/1998,1.9,94,6 ft 3 in,14 st 11.23 lb; 207.23 lb,PRO,,sharks
Hakeem KUNENE,Fullback,22,03/02/2003,1.83,90,6 ft,14 st; 198.42 lb,PRO,2026,sharks
Henry IMMELMAN,Fullback,30,26/05/1995,1.9,103,6 ft 3 in,16 st 3.08 lb; 227.08 lb,PRO,2025,sharks
Jaco WILLIAMS,Fullback,19,25/08/2005,1.75,73,5 ft 9 in,11 st 6.94 lb; 160.94 lb,PRO,,sharks
Alec HEPBURN,Prop,32,30/03/1993,1.86,114,6 ft 1 in,17 st 13.33 lb; 251.33 lb,PRO,,scarlets
Archer HOLZ,Prop,25,01/03/2000,1.8900000000000001,128,6 ft 2 in,20 st 2.19 lb; 282.19 lb,PRO,,scarlets
Gabe HAWLEY,Prop,NA,-,1.9,130,6 ft 3 in,20 st 6.60 lb; 286.60 lb,ACADEMY,,scarlets
Harri O'CONNOR,Prop,24,25/10/2000,1.82,118,6 ft,18 st; 260.15 lb,PRO,,scarlets
Henry THOMAS,Prop,33,30/10/1991,1.8800000000000001,120,6 ft 2 in,18 st 12.55 lb; 264.55 lb,PRO,,scarlets
Kemsley MATHIAS,Prop,25,29/07/1999,1.85,121,6 ft 1 in,19 st 0.76 lb; 266.76 lb,PRO,2027,scarlets
Sam WAINWRIGHT,Prop,27,07/05/1998,1.82,119,6 ft,18 st; 262.35 lb,PRO,2025,scarlets
Marnus VAN DER MERWE,Hooker,28,17/02/1997,1.86,115,6 ft 1 in,18 st 1.53 lb; 253.53 lb,PRO,,scarlets
Ryan ELIAS,Hooker,30,07/01/1995,1.8800000000000001,115,6 ft 2 in,18 st 1.53 lb; 253.53 lb,PRO,2025,scarlets
Shaun EVANS,Hooker,28,14/09/1996,1.83,103,6 ft,16 st; 227.08 lb,PRO,2025,scarlets
Alex CRAIG,Lock,28,26/04/1997,1.98,119,6 ft 6 in,18 st 10.35 lb; 262.35 lb,PRO,2025,scarlets
Jac PRICE,Lock,24,04/08/2000,1.98,115,6 ft 6 in,18 st 1.53 lb; 253.53 lb,PRO,,scarlets
Max DOUGLAS,Lock,25,01/01/2000,2.01,112,6 ft 7 in,17 st 8.92 lb; 246.92 lb,PRO,,scarlets
Morgan JONES,Lock,26,23/05/1999,2,112,6 ft 7 in,17 st 8.92 lb; 246.92 lb,PRO,2025,scarlets
Sam LOUSI,Lock,33,20/07/1991,1.98,121,6 ft 6 in,19 st 0.76 lb; 266.76 lb,PRO,,scarlets
Taine PLUMTREE,Lock,25,09/03/2000,1.95,108,6 ft 5 in,17 st 0.10 lb; 238.10 lb,PRO,,scarlets
Vaea FIFITA,Lock,33,17/06/1992,1.96,116,6 ft 5 in,18 st 3.74 lb; 255.74 lb,PRO,,scarlets
Ben WILLIAMS,Back row,23,23/04/2002,1.8800000000000001,108,6 ft 2 in,17 st 0.10 lb; 238.10 lb,PRO,,scarlets
Dan DAVIS,Back row,26,17/09/1998,1.82,101,6 ft,15 st; 222.67 lb,PRO,,scarlets
Jarrod TAYLOR,Back row,24,15/02/2001,1.8800000000000001,100,6 ft 2 in,15 st 10.46 lb; 220.46 lb,PRO,,scarlets
Josh MACLEOD,Back row,28,27/10/1996,1.8900000000000001,110,6 ft 2 in,17 st 4.51 lb; 242.51 lb,PRO,,scarlets
Archie HUGHES,Scrum-half,22,14/02/2003,1.73,77,5 ft 8 in,12 st 1.76 lb; 169.76 lb,PRO,,scarlets
Efan JONES,Scrum-half,27,11/12/1997,1.77,85,5 ft 10 in,13 st 5.39 lb; 187.39 lb,PRO,2025,scarlets
Gareth DAVIES,Scrum-half,34,18/08/1990,1.78,88,5 ft 10 in,13 st 12.01 lb; 194.01 lb,PRO,,scarlets
Ioan LLOYD,Fly-half,24,05/04/2001,1.79,86,5 ft 10 in,13 st 7.60 lb; 189.60 lb,PRO,2025,scarlets
Sam COSTELOW,Fly-half,24,10/01/2001,1.75,84,5 ft 9 in,13 st 3.19 lb; 185.19 lb,PRO,,scarlets
Eddie JAMES,Centre,22,10/08/2002,1.93,104,6 ft 4 in,16 st 5.28 lb; 229.28 lb,PRO,,scarlets
Ioan NICHOLAS,Centre,27,03/04/1998,1.82,92,6 ft,14 st; 202.83 lb,PRO,,scarlets
Joe ROBERTS,Centre,25,10/05/2000,1.82,96,6 ft,15 st; 211.64 lb,PRO,,scarlets
Johnny WILLIAMS,Centre,28,18/10/1996,1.91,105,6 ft 3 in,16 st 7.49 lb; 231.49 lb,PRO,2027,scarlets
Ellis MEE,Winger,21,06/10/2003,1.93,92,6 ft 4 in,14 st 6.83 lb; 202.83 lb,PRO,,scarlets
Steff EVANS,Winger,30,01/09/1994,1.82,95,6 ft,14 st; 209.44 lb,PRO,2025,scarlets
Tom ROGERS,Winger,26,17/12/1998,1.85,87,6 ft 1 in,13 st 9.80 lb; 191.80 lb,PRO,,scarlets
Blair MURRAY,Fullback,23,09/10/2001,1.73,83,5 ft 8 in,13 st 0.98 lb; 182.98 lb,PRO,,scarlets
Tomi LEWIS,Fullback,26,17/01/1999,1.85,87,6 ft 1 in,13 st 9.80 lb; 191.80 lb,PRO,2027,scarlets
Ali VERMAAK,Prop,39,28/04/1986,1.78,111,5 ft 10 in,17 st 6.71 lb; 244.71 lb,PRO,,stormers
Brok HARRIS,Prop,40,22/02/1985,1.86,121,6 ft 1 in,19 st 0.76 lb; 266.76 lb,PRO,2025,stormers
Corné WEILBACH,Prop,23,18/02/2002,1.85,124,6 ft 1 in,19 st 7.37 lb; 273.37 lb,PRO,,stormers
Frans MALHERBE,Prop,34,14/03/1991,1.9,141,6 ft 3 in,22 st 2.85 lb; 310.85 lb,PRO,2026,stormers
Leon LYONS,Prop,26,02/12/1998,1.87,123,6 ft 2 in,19 st 5.17 lb; 271.17 lb,PRO,,stormers
Neethling FOUCHÉ,Prop,32,10/01/1993,1.8900000000000001,120,6 ft 2 in,18 st 12.55 lb; 264.55 lb,PRO,2028,stormers
Sazi SANDI,Prop,26,11/07/1998,1.81,124,5 ft 11 in,19 st 7.37 lb; 273.37 lb,PRO,2027,stormers
Sti SITHOLE,Prop,32,31/03/1993,1.8,115,5 ft 11 in,18 st 1.53 lb; 253.53 lb,PRO,,stormers
Vernon MATONGO,Prop,23,28/02/2002,1.81,120,5 ft 11 in,18 st 12.55 lb; 264.55 lb,PRO,,stormers
André-Hugo VENTER,Hooker,23,10/09/2001,1.87,107,6 ft 2 in,16 st 11.89 lb; 235.89 lb,PRO,,stormers
JJ KOTZÉ,Hooker,24,06/11/2000,1.87,109,6 ft 2 in,17 st 2.30 lb; 240.30 lb,PRO,,stormers
Joseph DWEBA,Hooker,29,25/10/1995,1.8,111,5 ft 11 in,17 st 6.71 lb; 244.71 lb,PRO,2025,stormers
Lukhanyo VOKOZELA,Hooker,23,05/02/2002,1.75,108,5 ft 9 in,17 st 0.10 lb; 238.10 lb,PRO,,stormers
Siyabonga NTUBENI,Hooker,34,18/02/1991,1.74,109,5 ft 9 in,17 st 2.30 lb; 240.30 lb,PRO,2026,stormers
Ben-Jason DIXON,Lock,27,29/04/1998,1.98,110,6 ft 6 in,17 st 4.51 lb; 242.51 lb,PRO,2027,stormers
Connor EVANS,Lock,23,24/01/2002,1.98,113,6 ft 6 in,17 st 11.12 lb; 249.12 lb,PRO,,stormers
Gary PORTER,Lock,28,22/07/1996,2.01,115,6 ft 7 in,18 st 1.53 lb; 253.53 lb,PRO,,stormers
JD SCHICKERLING,Lock,30,09/05/1995,2.03,121,6 ft 8 in,19 st 0.76 lb; 266.76 lb,PRO,2027,stormers
Ruben VAN HEERDEN,Lock,27,27/10/1997,2,121,6 ft 7 in,19 st 0.76 lb; 266.76 lb,PRO,2027,stormers
Salmaan MOERAT,Lock,27,06/03/1998,2,122,6 ft 7 in,19 st 2.96 lb; 268.96 lb,PRO,2027,stormers
CJ VELLEMAN,Back row,30,24/02/1995,1.78,103,5 ft 10 in,16 st 3.08 lb; 227.08 lb,PRO,,stormers
Dave EWERS,Back row,34,03/11/1990,1.93,126,6 ft 4 in,19 st 11.78 lb; 277.78 lb,PRO,2025,stormers
Deon FOURIE,Back row,38,25/09/1986,1.76,98,5 ft 9 in,15 st 6.05 lb; 216.05 lb,PRO,2026,stormers
Evan ROOS,Back row,25,21/01/2000,1.92,108,6 ft 4 in,17 st 0.10 lb; 238.10 lb,PRO,2027,stormers
Keke MORABE,Back row,24,21/04/2001,1.8800000000000001,115,6 ft 2 in,18 st 1.53 lb; 253.53 lb,PRO,2028,stormers
Louw NEL,Back row,22,09/08/2002,1.9,107,6 ft 3 in,16 st 11.89 lb; 235.89 lb,PRO,,stormers
Marcel THEUNISSEN,Back row,26,09/06/1999,1.92,104,6 ft 4 in,16 st 5.28 lb; 229.28 lb,PRO,,stormers
Paul DE VILLIERS,Back row,22,13/01/2003,1.81,100,5 ft 11 in,15 st 10.46 lb; 220.46 lb,PRO,,stormers
Dewaldt DUVENAGE,Scrum-half,37,22/05/1988,1.75,82,5 ft 9 in,12 st 12.78 lb; 180.78 lb,PRO,,stormers
Herschel JANTJIES,Scrum-half,29,22/04/1996,1.6700000000000002,77,5 ft 6 in,12 st 1.76 lb; 169.76 lb,PRO,2025,stormers
Imad KHAN,Scrum-half,21,02/12/2003,1.79,80,5 ft 10 in,12 st 8.37 lb; 176.37 lb,PRO,,stormers
Paul DE WET,Scrum-half,29,16/03/1996,1.76,83,5 ft 9 in,13 st 0.98 lb; 182.98 lb,PRO,2025,stormers
Stefan UNGERER,Scrum-half,31,23/11/1993,1.83,93,6 ft,14 st; 205.03 lb,PRO,,stormers
Damian WILLEMSE,Fly-half,27,07/05/1998,1.84,96,6 ft,15 st; 211.64 lb,PRO,2027,stormers
Jean-Luc DU PLESSIS,Fly-half,31,07/05/1994,1.8,92,5 ft 11 in,14 st 6.83 lb; 202.83 lb,PRO,,stormers
Jurie MATTHEE,Fly-half,24,04/11/2000,1.91,89,6 ft 3 in,14 st 0.21 lb; 196.21 lb,PRO,2026,stormers
Manie LIBBOK,Fly-half,27,15/07/1997,1.84,80,6 ft,12 st; 176.37 lb,PRO,2025,stormers
Sacha MNGOMEZULU,Fly-half,23,22/02/2002,1.85,90,6 ft 1 in,14 st 2.42 lb; 198.42 lb,PRO,2027,stormers
Dan DU PLESSIS,Centre,31,15/02/1994,1.93,103,6 ft 4 in,16 st 3.08 lb; 227.08 lb,PRO,2026,stormers
Jonathan ROCHE,Centre,22,01/02/2003,1.8800000000000001,99,6 ft 2 in,15 st 8.26 lb; 218.26 lb,PRO,,stormers
Luke BURGER,Centre,22,12/08/2002,1.8800000000000001,90,6 ft 2 in,14 st 2.42 lb; 198.42 lb,PRO,,stormers
Ruhan NEL,Centre,34,17/05/1991,1.91,101,6 ft 3 in,15 st 12.67 lb; 222.67 lb,PRO,2026,stormers
Suleiman HARTZENBERG,Centre,22,20/05/2003,1.87,95,6 ft 2 in,14 st 13.44 lb; 209.44 lb,PRO,2027,stormers
Wandisile SIMELANE,Centre,27,21/03/1998,1.8,95,5 ft 11 in,14 st 13.44 lb; 209.44 lb,PRO,2026,stormers
Angelo DAVIDS,Winger,26,01/06/1999,1.78,94,5 ft 10 in,14 st 11.23 lb; 207.23 lb,PRO,2025,stormers
Ben LOADER,Winger,26,08/11/1998,1.8800000000000001,95,6 ft 2 in,14 st 13.44 lb; 209.44 lb,PRO,2025,stormers
Courtnall SKOSAN,Winger,33,24/07/1991,1.83,96,6 ft,15 st; 211.64 lb,PRO,,stormers
Leolin ZAS,Winger,29,20/10/1995,1.84,95,6 ft,14 st; 209.44 lb,PRO,2026,stormers
Seabelo SENATLA,Winger,32,10/02/1993,1.79,89,5 ft 10 in,14 st 0.21 lb; 196.21 lb,PRO,,stormers
Warrick GELANT,Fullback,30,20/05/1995,1.78,96,5 ft 10 in,15 st 1.64 lb; 211.64 lb,PRO,2026,stormers
Ben WARREN,Prop,25,02/04/2000,1.85,122,6 ft 1 in,19 st 2.96 lb; 268.96 lb,PRO,,ospreys
Cameron JONES,Prop,23,04/10/2001,1.93,113,6 ft 4 in,17 st 11.12 lb; 249.12 lb,PRO,,ospreys
Gareth THOMAS,Prop,31,02/08/1993,1.8800000000000001,120,6 ft 2 in,18 st 12.55 lb; 264.55 lb,PRO,,ospreys
Garyn PHILLIPS,Prop,24,14/05/2001,1.83,113,6 ft,17 st; 249.12 lb,PRO,,ospreys
Math IORWERTH-SCOTT,Prop,NA,-,NA,NA,-,-,ACADEMY,,ospreys
Rhys HENRY,Prop,26,08/09/1998,1.73,114,5 ft 8 in,17 st 13.33 lb; 251.33 lb,PRO,,ospreys
Steff THOMAS,Prop,28,22/04/1997,1.83,122,6 ft,19 st; 268.96 lb,PRO,,ospreys
Tom BOTHA,Prop,34,31/08/1990,1.79,117,5 ft 10 in,18 st 5.94 lb; 257.94 lb,PRO,,ospreys
Dewi LAKE,Hooker,26,16/05/1999,1.85,114,6 ft 1 in,17 st 13.33 lb; 251.33 lb,PRO,,ospreys
Ethan LEWIS,Hooker,31,28/03/1994,1.82,109,6 ft,17 st; 240.30 lb,PRO,,ospreys
George MCGUIGAN,Hooker,32,30/03/1993,1.83,113,6 ft,17 st; 249.12 lb,PRO,2025,ospreys
Lewis LLOYD,Hooker,21,20/07/2003,1.8,92,5 ft 11 in,14 st 6.83 lb; 202.83 lb,PRO,,ospreys
Sam PARRY,Hooker,33,17/12/1991,1.86,114,6 ft 1 in,17 st 13.33 lb; 251.33 lb,PRO,,ospreys
Adam BEARD,Lock,29,07/01/1996,2.03,121,6 ft 8 in,19 st 0.76 lb; 266.76 lb,PRO,2025,ospreys
Huw SUTTON,Lock,25,17/11/1999,1.99,122,6 ft 6 in,19 st 2.96 lb; 268.96 lb,PRO,,ospreys
James FENDER,Lock,23,03/08/2001,2.04,125,6 ft 8 in,19 st 9.58 lb; 275.58 lb,PRO,,ospreys
James RATTI,Lock,27,14/10/1997,1.96,120,6 ft 5 in,18 st 12.55 lb; 264.55 lb,PRO,,ospreys
Lewis JONES,Lock,22,19/07/2002,2,105,6 ft 7 in,16 st 7.49 lb; 231.49 lb,PRO,,ospreys
Rhys DAVIES,Lock,26,09/11/1998,1.97,116,6 ft 6 in,18 st 3.74 lb; 255.74 lb,PRO,,ospreys
Rhys THOMAS,Lock,24,17/02/2001,1.94,112,6 ft 4 in,17 st 8.92 lb; 246.92 lb,PRO,,ospreys
Will GREATBANKS,Lock,22,18/01/2003,1.98,109,6 ft 6 in,17 st 2.30 lb; 240.30 lb,PRO,,ospreys
Will GRIFFITHS,Lock,26,25/12/1998,1.93,106,6 ft 4 in,16 st 9.69 lb; 233.69 lb,PRO,,ospreys
Will SPENCER,Lock,33,30/05/1992,2.01,125,6 ft 7 in,19 st 9.58 lb; 275.58 lb,PRO,2025,ospreys
Harri DEAVES-SMALL,Back row,24,13/06/2001,1.82,96,6 ft,15 st; 211.64 lb,PRO,,ospreys
Jac MORGAN,Back row,25,21/01/2000,1.82,104,6 ft,16 st; 229.28 lb,PRO,,ospreys
Justin TIPURIC,Back row,35,06/08/1989,1.8800000000000001,107,6 ft 2 in,16 st 11.89 lb; 235.89 lb,PRO,2025,ospreys
Morgan MORRIS,Back row,26,28/08/1998,1.83,110,6 ft,17 st; 242.51 lb,PRO,,ospreys
Tristan DAVIES,Back row,23,30/09/2001,1.93,104,6 ft 4 in,16 st 5.28 lb; 229.28 lb,PRO,2025,ospreys
Kieran HARDY,Scrum-half,29,30/11/1995,1.84,90,6 ft,14 st; 198.42 lb,PRO,,ospreys
Luke DAVIES,Scrum-half,23,26/02/2002,1.75,80,5 ft 9 in,12 st 8.37 lb; 176.37 lb,PRO,,ospreys
Reuben MORGAN-WILLIAMS,Scrum-half,27,03/02/1998,1.8,85,5 ft 11 in,13 st 5.39 lb; 187.39 lb,PRO,2025,ospreys
Dan EDWARDS,Fly-half,22,07/05/2003,1.78,83,5 ft 10 in,13 st 0.98 lb; 182.98 lb,PRO,,ospreys
Jack WALSH,Fly-half,25,11/01/2000,1.84,88,6 ft,13 st; 194.01 lb,PRO,2026,ospreys
Luke SCULLY,Fly-half,25,28/02/2000,1.8,80,5 ft 11 in,12 st 8.37 lb; 176.37 lb,PRO,,ospreys
Owen WILLIAMS,Fly-half,33,27/02/1992,1.85,98,6 ft 1 in,15 st 6.05 lb; 216.05 lb,PRO,2025,ospreys
Evardi BOSHOFF,Centre,26,06/10/1998,1.83,92,6 ft,14 st; 202.83 lb,PRO,,ospreys
Keiran WILLIAMS,Centre,27,04/12/1997,1.78,90,5 ft 10 in,14 st 2.42 lb; 198.42 lb,PRO,,ospreys
Owen WATKIN,Centre,28,12/10/1996,1.8800000000000001,112,6 ft 2 in,17 st 8.92 lb; 246.92 lb,PRO,,ospreys
Phil COKANASIGA,Centre,23,31/07/2001,1.83,98,6 ft,15 st; 216.05 lb,PRO,,ospreys
Tom FLORENCE,Centre,22,19/03/2003,1.8800000000000001,96,6 ft 2 in,15 st 1.64 lb; 211.64 lb,PRO,,ospreys
Harri HOUSTON,Winger,21,27/11/2003,1.78,82,5 ft 10 in,12 st 12.78 lb; 180.78 lb,PRO,,ospreys
Keelan GILES,Winger,27,29/01/1998,1.73,80,5 ft 8 in,12 st 8.37 lb; 176.37 lb,PRO,,ospreys
Luke MORGAN,Winger,33,16/05/1992,1.75,81,5 ft 9 in,12 st 10.57 lb; 178.57 lb,PRO,,ospreys
Ryan CONBEER,Winger,26,05/02/1999,1.77,91,5 ft 10 in,14 st 4.62 lb; 200.62 lb,PRO,,ospreys
Daniel KASENDE,Fullback,30,09/05/1995,1.87,92,6 ft 2 in,14 st 6.83 lb; 202.83 lb,PRO,,ospreys
Iestyn HOPKINS,Fullback,23,04/04/2002,1.73,88,5 ft 8 in,13 st 12.01 lb; 194.01 lb,PRO,,ospreys
Max NAGY,Fullback,26,13/06/1999,1.93,95,6 ft 4 in,14 st 13.44 lb; 209.44 lb,PRO,,ospreys
Conor BARTLEY,Prop,NA,-,NA,NA,-,-,PRO,2025,munster
Dave KILCOYNE,Prop,36,14/12/1988,1.85,112,6 ft 1 in,17 st 8.92 lb; 246.92 lb,PRO,2025,munster
Jeremy LOUGHMAN,Prop,29,22/07/1995,1.83,120,6 ft,18 st; 264.55 lb,PRO,2026,munster
John RYAN,Prop,36,02/08/1988,1.85,121,6 ft 1 in,19 st 0.76 lb; 266.76 lb,PRO,2026,munster
Josh WYCHERLEY,Prop,25,22/07/1999,1.83,108,6 ft,17 st; 238.10 lb,PRO,2027,munster
Mark DONNELLY,Prop,24,14/03/2001,1.8,110,5 ft 11 in,17 st 4.51 lb; 242.51 lb,PRO,2026,munster
Michael MILNE,Prop,25,05/02/2000,1.83,115,6 ft,18 st; 253.53 lb,PRO,2027,munster
Oli JAGER,Prop,29,05/07/1995,1.92,127,6 ft 4 in,19 st 13.99 lb; 279.99 lb,PRO,2027,munster
Roman SALANOA,Prop,27,28/10/1997,1.83,123,6 ft,19 st; 271.17 lb,PRO,2025,munster
Stephen ARCHER,Prop,37,29/01/1988,1.8800000000000001,121,6 ft 2 in,19 st 0.76 lb; 266.76 lb,PRO,2025,munster
Diarmuid BARRON,Hooker,26,06/08/1998,1.84,100,6 ft,15 st; 220.46 lb,PRO,2026,munster
Lee BARRON,Hooker,24,15/02/2001,1.91,109,6 ft 3 in,17 st 2.30 lb; 240.30 lb,PRO,2027,munster
Niall SCANNELL,Hooker,33,08/04/1992,1.85,111,6 ft 1 in,17 st 6.71 lb; 244.71 lb,PRO,2026,munster
Edwin EDOGBO,Lock,22,21/12/2002,1.96,122,6 ft 5 in,19 st 2.96 lb; 268.96 lb,PRO,2026,munster
Fineen WYCHERLEY,Lock,27,11/12/1997,1.96,112,6 ft 5 in,17 st 8.92 lb; 246.92 lb,PRO,2027,munster
Jean KLEYN,Lock,31,26/08/1993,2.03,123,6 ft 8 in,19 st 5.17 lb; 271.17 lb,PRO,2026,munster
Tadhg BEIRNE,Lock,33,08/01/1992,1.98,114,6 ft 6 in,17 st 13.33 lb; 251.33 lb,PRO,2027,munster
Tom AHERN,Lock,25,22/02/2000,2.06,117,6 ft 9 in,18 st 5.94 lb; 257.94 lb,PRO,2027,munster
Alex KENDELLEN,Back row,24,03/03/2001,1.8800000000000001,105,6 ft 2 in,16 st 7.49 lb; 231.49 lb,PRO,2027,munster
Brian GLEESON,Back row,21,05/02/2004,1.93,116,6 ft 4 in,18 st 3.74 lb; 255.74 lb,PRO,2026,munster
Cian HURLEY,Back row,25,25/04/2000,1.96,106,6 ft 5 in,16 st 9.69 lb; 233.69 lb,PRO,2025,munster
Gavin COOMBES,Back row,27,11/12/1997,1.98,110,6 ft 6 in,17 st 4.51 lb; 242.51 lb,PRO,2027,munster
Jack DALY,Back row,26,12/08/1998,1.83,107,6 ft,16 st; 235.89 lb,PRO,2025,munster
Jack O'DONOGHUE,Back row,31,08/02/1994,1.91,110,6 ft 3 in,17 st 4.51 lb; 242.51 lb,PRO,2026,munster
John HODNETT,Back row,26,10/01/1999,1.85,105,6 ft 1 in,16 st 7.49 lb; 231.49 lb,PRO,2026,munster
Peter O'MAHONY,Back row,35,17/09/1989,1.91,108,6 ft 3 in,17 st 0.10 lb; 238.10 lb,PRO,2025,munster
Conor MURRAY,Scrum-half,36,20/04/1989,1.8800000000000001,94,6 ft 2 in,14 st 11.23 lb; 207.23 lb,PRO,2025,munster
Craig CASEY,Scrum-half,26,19/04/1999,1.6500000000000001,76,5 ft 5 in,11 st 13.55 lb; 167.55 lb,PRO,2026,munster
Ethan COUGHLAN,Scrum-half,23,13/04/2002,1.75,81,5 ft 9 in,12 st 10.57 lb; 178.57 lb,PRO,2026,munster
Paddy PATTERSON,Scrum-half,26,30/11/1998,1.75,75,5 ft 9 in,11 st 11.35 lb; 165.35 lb,PRO,2026,munster
Billy BURNS,Fly-half,31,13/06/1994,1.83,87,6 ft,13 st; 191.80 lb,PRO,2025,munster
Jack CROWLEY,Fly-half,25,13/01/2000,1.85,90,6 ft 1 in,14 st 2.42 lb; 198.42 lb,PRO,2027,munster
Tony BUTLER,Fly-half,23,23/04/2002,1.78,85,5 ft 10 in,13 st 5.39 lb; 187.39 lb,PRO,2026,munster
Alex NANKIVELL,Centre,28,25/10/1996,1.8800000000000001,98,6 ft 2 in,15 st 6.05 lb; 216.05 lb,PRO,2027,munster
Rory SCANNELL,Centre,31,22/12/1993,1.79,96,5 ft 10 in,15 st 1.64 lb; 211.64 lb,PRO,2025,munster
Seán O'BRIEN,Centre,27,12/05/1998,1.87,101,6 ft 2 in,15 st 12.67 lb; 222.67 lb,PRO,2027,munster
Shane DALY,Centre,28,19/12/1996,1.91,92,6 ft 3 in,14 st 6.83 lb; 202.83 lb,PRO,2027,munster
Tom FARRELL,Centre,31,01/10/1993,1.9,107,6 ft 3 in,16 st 11.89 lb; 235.89 lb,PRO,2026,munster
Andrew SMITH,Winger,24,21/07/2000,1.83,90,6 ft,14 st; 198.42 lb,PRO,2026,munster
Calvin NASH,Winger,27,08/08/1997,1.8,90,5 ft 11 in,14 st 2.42 lb; 198.42 lb,PRO,2026,munster
Diarmuid KILGALLEN,Winger,25,08/03/2000,1.93,96,6 ft 4 in,15 st 1.64 lb; 211.64 lb,PRO,2026,munster
Liam COOMBES,Winger,28,01/05/1997,1.91,90,6 ft 3 in,14 st 2.42 lb; 198.42 lb,PRO,2025,munster
Mike HALEY,Fullback,31,28/06/1994,1.91,94,6 ft 3 in,14 st 11.23 lb; 207.23 lb,PRO,2027,munster
Patrick CAMPBELL,Fullback,22,22/07/2002,1.78,88,5 ft 10 in,13 st 12.01 lb; 194.01 lb,PRO,2025,munster
Thaakir ABRAHAMS,Fullback,26,10/01/1999,1.75,77,5 ft 9 in,12 st 1.76 lb; 169.76 lb,PRO,2026,munster
Andy WARWICK,Prop,34,12/03/1991,1.78,116,5 ft 10 in,18 st 3.74 lb; 255.74 lb,PRO,2025,ulster
Bryan O'CONNOR,Prop,26,23/10/1998,1.91,107,6 ft 3 in,16 st 11.89 lb; 235.89 lb,PRO,,ulster
Callum REID,Prop,26,16/01/1999,1.83,120,6 ft,18 st; 264.55 lb,PRO,2027,ulster
Corrie BARRETT,Prop,27,13/06/1998,1.76,112,5 ft 9 in,17 st 8.92 lb; 246.92 lb,PRO,2025,ulster
Eric O'SULLIVAN,Prop,29,30/11/1995,1.86,118,6 ft 1 in,18 st 8.15 lb; 260.15 lb,PRO,2027,ulster
Tom O'TOOLE,Prop,26,23/09/1998,1.85,123,6 ft 1 in,19 st 5.17 lb; 271.17 lb,PRO,2027,ulster
John ANDREW,Hooker,32,26/05/1993,1.8,103,5 ft 11 in,16 st 3.08 lb; 227.08 lb,PRO,2026,ulster
Rob HERRING,Hooker,35,27/04/1990,1.85,106,6 ft 1 in,16 st 9.69 lb; 233.69 lb,PRO,2026,ulster
Tom STEWART,Hooker,24,11/01/2001,1.83,103,6 ft,16 st; 227.08 lb,PRO,2026,ulster
Alan O'CONNOR,Lock,32,10/09/1992,1.97,113,6 ft 6 in,17 st 11.12 lb; 249.12 lb,PRO,2025,ulster
Cormac IZUCHUKWU,Lock,25,28/01/2000,2.01,117,6 ft 7 in,18 st 5.94 lb; 257.94 lb,PRO,2026,ulster
Harry SHERIDAN,Lock,23,21/09/2001,1.96,121,6 ft 5 in,19 st 0.76 lb; 266.76 lb,PRO,2027,ulster
Iain HENDERSON,Lock,33,21/02/1992,1.98,116,6 ft 6 in,18 st 3.74 lb; 255.74 lb,PRO,2027,ulster
Kieran TREADWELL,Lock,29,06/11/1995,1.99,117,6 ft 6 in,18 st 5.94 lb; 257.94 lb,PRO,2025,ulster
Matthew DALTON,Lock,26,16/11/1998,1.98,117,6 ft 6 in,18 st 5.94 lb; 257.94 lb,PRO,2026,ulster
Dave MCCANN,Back row,25,13/06/2000,1.93,110,6 ft 4 in,17 st 4.51 lb; 242.51 lb,PRO,2026,ulster
Marcus REA,Back row,27,08/09/1997,1.8900000000000001,109,6 ft 2 in,17 st 2.30 lb; 240.30 lb,PRO,,ulster
Matty REA,Back row,31,21/09/1993,1.93,113,6 ft 4 in,17 st 11.12 lb; 249.12 lb,PRO,2025,ulster
Nick TIMONEY,Back row,29,01/08/1995,1.8800000000000001,114,6 ft 2 in,17 st 13.33 lb; 251.33 lb,PRO,2027,ulster
Reuben CROTHERS,Back row,23,28/01/2002,1.8800000000000001,99,6 ft 2 in,15 st 8.26 lb; 218.26 lb,PRO,2025,ulster
Sean REFFELL,Back row,27,11/04/1998,1.8,100,5 ft 11 in,15 st 10.46 lb; 220.46 lb,PRO,2026,ulster
Conor MCKEE,Scrum-half,24,20/03/2001,1.83,87,6 ft,13 st; 191.80 lb,PRO,2026,ulster
Dave SHANAHAN,Scrum-half,32,20/06/1993,1.76,80,5 ft 9 in,12 st 8.37 lb; 176.37 lb,PRO,2026,ulster
John COONEY,Scrum-half,35,01/05/1990,1.78,87,5 ft 10 in,13 st 9.80 lb; 191.80 lb,PRO,2025,ulster
Michael MCDONALD,Scrum-half,26,24/06/1999,1.78,85,5 ft 10 in,13 st 5.39 lb; 187.39 lb,PRO,2025,ulster
Nathan DOAK,Scrum-half,23,17/12/2001,1.85,87,6 ft 1 in,13 st 9.80 lb; 191.80 lb,PRO,2026,ulster
Aidan MORGAN,Fly-half,24,07/06/2001,1.72,82,5 ft 8 in,12 st 12.78 lb; 180.78 lb,PRO,2025,ulster
Jake FLANNERY,Fly-half,26,07/06/1999,1.83,91,6 ft,14 st; 200.62 lb,PRO,2026,ulster
Ben CARSON,Centre,23,24/02/2002,1.83,101,6 ft,15 st; 222.67 lb,PRO,2028,ulster
James HUME,Centre,26,07/09/1998,1.8800000000000001,98,6 ft 2 in,15 st 6.05 lb; 216.05 lb,PRO,2027,ulster
Jude POSTLETHWAITE,Centre,23,03/04/2002,1.93,106,6 ft 4 in,16 st 9.69 lb; 233.69 lb,PRO,2026,ulster
Stewart MOORE,Centre,25,08/08/1999,1.84,92,6 ft,14 st; 202.83 lb,PRO,2027,ulster
Stuart MCCLOSKEY,Centre,32,06/08/1992,1.93,112,6 ft 4 in,17 st 8.92 lb; 246.92 lb,PRO,2027,ulster
Ben MOXHAM,Winger,24,09/06/2001,1.91,102,6 ft 3 in,16 st 0.87 lb; 224.87 lb,PRO,,ulster
Jacob STOCKDALE,Winger,29,03/04/1996,1.91,103,6 ft 3 in,16 st 3.08 lb; 227.08 lb,PRO,2027,ulster
Robert BALOUCOUNE,Winger,27,19/08/1997,1.94,99,6 ft 4 in,15 st 8.26 lb; 218.26 lb,PRO,,ulster
Werner KOK,Winger,32,17/01/1993,1.8,96,5 ft 11 in,15 st 1.64 lb; 211.64 lb,PRO,2026,ulster
Zac WARD,Winger,26,11/12/1998,1.91,101,6 ft 3 in,15 st 12.67 lb; 222.67 lb,PRO,2028,ulster
Ethan MCILROY,Fullback,24,10/08/2000,1.8800000000000001,90,6 ft 2 in,14 st 2.42 lb; 198.42 lb,PRO,,ulster
Mike LOWRY,Fullback,26,20/08/1998,1.71,80,5 ft 7 in,12 st 8.37 lb; 176.37 lb,PRO,2028,ulster
Danilo FISCHETTI,Prop,27,26/01/1998,1.81,112,5 ft 11 in,17 st 8.92 lb; 246.92 lb,PRO,2025,zebre
Ion NECULAI,Prop,24,25/01/2001,1.8900000000000001,135,6 ft 2 in,21 st 3.62 lb; 297.62 lb,PRO,2026,zebre
Juan PITINARI,Prop,30,18/01/1995,1.87,118,6 ft 2 in,18 st 8.15 lb; 260.15 lb,PRO,2026,zebre
Luca FRANCESCHETTO,Prop,26,07/06/1999,1.93,127,6 ft 4 in,19 st 13.99 lb; 279.99 lb,PRO,2027,zebre
Luca RIZZOLI,Prop,23,03/05/2002,1.78,109,5 ft 10 in,17 st 2.30 lb; 240.30 lb,PRO,2026,zebre
Matteo NOCERA,Prop,26,16/01/1999,1.94,130,6 ft 4 in,20 st 6.60 lb; 286.60 lb,PRO,2027,zebre
Muhamed HASA,Prop,23,10/09/2001,1.83,125,6 ft,19 st; 275.58 lb,PRO,2027,zebre
Paolo BUONFIGLIO,Prop,30,28/01/1995,1.83,114,6 ft,17 st; 251.33 lb,PRO,2026,zebre
Giampietro RIBALDI,Hooker,28,12/03/1997,1.86,110,6 ft 1 in,17 st 4.51 lb; 242.51 lb,PRO,2026,zebre
Giovanni QUATTRINI,Hooker,21,29/09/2003,1.79,111,5 ft 10 in,17 st 6.71 lb; 244.71 lb,PRO,2026,zebre
Luca BIGI,Hooker,34,19/04/1991,1.82,108,6 ft,17 st; 238.10 lb,PRO,2025,zebre
Tommaso DI BARTOLOMEO,Hooker,24,04/01/2001,1.8,107,5 ft 11 in,16 st 11.89 lb; 235.89 lb,PRO,2028,zebre
Andrea ZAMBONIN,Lock,24,03/09/2000,2.02,112,6 ft 8 in,17 st 8.92 lb; 246.92 lb,PRO,2025,zebre
Francesco RUFFOLO,Lock,22,31/10/2002,1.98,118,6 ft 6 in,18 st 8.15 lb; 260.15 lb,PRO,,zebre
Leonard KRUMOV,Lock,29,01/05/1996,1.98,120,6 ft 6 in,18 st 12.55 lb; 264.55 lb,PRO,2026,zebre
Matteo CANALI,Lock,26,11/09/1998,1.98,123,6 ft 6 in,19 st 5.17 lb; 271.17 lb,PRO,2028,zebre
Bautista STAVILE,Back row,28,22/02/1997,1.83,100,6 ft,15 st; 220.46 lb,PRO,,zebre
Davide RUGGERI,Back row,26,07/05/1999,1.8900000000000001,109,6 ft 2 in,17 st 2.30 lb; 240.30 lb,PRO,2027,zebre
Giacomo FERRARI,Back row,23,22/01/2002,1.9,107,6 ft 3 in,16 st 11.89 lb; 235.89 lb,PRO,2028,zebre
Giovanni LICATA,Back row,28,18/02/1997,1.93,111,6 ft 4 in,17 st 6.71 lb; 244.71 lb,PRO,2026,zebre
Guido VOLPI,Back row,29,22/08/1995,1.93,112,6 ft 4 in,17 st 8.92 lb; 246.92 lb,PRO,2026,zebre
Iacopo BIANCHI,Back row,27,05/05/1998,1.8800000000000001,108,6 ft 2 in,17 st 0.10 lb; 238.10 lb,PRO,2026,zebre
Luca ANDREANI,Back row,24,19/04/2001,1.9,103,6 ft 3 in,16 st 3.08 lb; 227.08 lb,PRO,2025,zebre
Rusiate NASOVE,Back row,29,27/10/1995,1.95,102,6 ft 5 in,16 st 0.87 lb; 224.87 lb,PRO,2025,zebre
Samuele LOCATELLI,Back row,23,30/07/2001,1.87,105,6 ft 2 in,16 st 7.49 lb; 231.49 lb,PRO,,zebre
Alessandro FUSCO,Scrum-half,25,28/10/1999,1.85,91,6 ft 1 in,14 st 4.62 lb; 200.62 lb,PRO,,zebre
Gonzalo GARCIA,Scrum-half,26,05/03/1999,1.73,78,5 ft 8 in,12 st 3.96 lb; 171.96 lb,PRO,2026,zebre
Patricio BARONIO,Scrum-half,29,06/05/1996,1.78,82,5 ft 10 in,12 st 12.78 lb; 180.78 lb,,,zebre
Thomas DOMINGUEZ,Scrum-half,25,18/12/1999,1.75,79,5 ft 9 in,12 st 6.17 lb; 174.16 lb,PRO,2026,zebre
Geronimo PRISCIANTELLI,Fly-half,25,23/08/1999,1.83,87,6 ft,13 st; 191.80 lb,PRO,2026,zebre
Giacomo DA RE,Fly-half,26,29/03/1999,1.8,84,5 ft 11 in,13 st 3.19 lb; 185.19 lb,PRO,2026,zebre
Giovanni MONTEMAURI,Fly-half,24,24/10/2000,1.8900000000000001,92,6 ft 2 in,14 st 6.83 lb; 202.83 lb,PRO,,zebre
Damiano MAZZA,Centre,26,16/02/1999,1.83,99,6 ft,15 st; 218.26 lb,PRO,2026,zebre
Enrico LUCCHIN,Centre,30,04/04/1995,1.8800000000000001,103,6 ft 2 in,16 st 3.08 lb; 227.08 lb,PRO,2026,zebre
Fetuli PAEA,Centre,30,16/08/1994,1.9,102,6 ft 3 in,16 st 0.87 lb; 224.87 lb,PRO,2025,zebre
Filippo DRAGO,Centre,23,24/12/2001,1.86,96,6 ft 1 in,15 st 1.64 lb; 211.64 lb,PRO,2025,zebre
Luca MORISI,Centre,34,22/02/1991,1.83,102,6 ft,16 st; 224.87 lb,PRO,2026,zebre
Scott GREGORY,Centre,26,07/01/1999,1.85,101,6 ft 1 in,15 st 12.67 lb; 222.67 lb,PRO,2025,zebre
Simone GESI,Winger,24,23/05/2001,1.83,80,6 ft,12 st; 176.37 lb,PRO,2026,zebre
Jacopo TRULLA,Fullback,24,05/07/2000,1.83,88,6 ft,13 st; 194.01 lb,PRO,2026,zebre
Lorenzo PANI,Fullback,22,04/07/2002,1.93,96,6 ft 4 in,15 st 1.64 lb; 211.64 lb,PRO,2027,zebre
