Place,Athlete,Year,Team,Time,Meet,Meet Date,Event
1,"Bertrand, Leah",SR-4,Ohio State,00:10.94,2025 97th Clyde Littlefield Texas Relays,"Mar 26, 2025",100
2,"Walker, Shenese",JR-3,Florida State,00:10.99,ACC Outdoor Track & Field Championships,"May 15, 2025",100
3,"Ford, JaMeesia",SO-2,South Carolina,00:11.02,East Coast Relays,"May 2, 2025",100
4,"Godbless, Tima",SO-2,LSU,00:11.06,SEC Outdoor Track & Field Championships,"May 15, 2025",100
5,"Kitt, Aniyah",FR-1,Clemson,00:11.1,ACC Outdoor Track & Field Championships,"May 15, 2025",100
6,"Stoilova, Aleksandra",JR-3,Clemson,00:11.11,2025 97th Clyde Littlefield Texas Relays,"Mar 26, 2025",100
7,"Charlton, Anthaya",JR-3,Florida,00:11.12,Tom Jones Invitational,"Apr 18, 2025",100
8,"Holmes, Sharmelle",FR-1,Kentucky,00:11.13,2025 Jim Click Shootout & Multis,"Apr 4, 2025",100
8,"Ufodiama, Kelly",FR-1,East Carolina,00:11.13,Florida Relays,"Apr 4, 2025",100
10,"Jackson, Kaila",JR-3,Georgia,00:11.16,Tom Jones Invitational,"Apr 18, 2025",100
10,"Yeast, Kiyah",SR-4,Louisville,00:11.16,Jim Freeman / Clark Wood Open 2025,"Apr 25, 2025",100
12,"Collins , Kailei",SR-4,Howard,00:11.19,2025 MEAC Outdoor Track & Field Championships,"May 15, 2025",100
13,"Washington, Shanyah",JR-3,Troy,00:11.2,Troy Doc Anderson Invitational & Multi 2025,"Apr 4, 2025",100
14,"James, Cynteria",SO-2,South Carolina,00:11.21,East Coast Relays,"May 2, 2025",100
14,"Wilson, I'Asia",SR-4,UCF,00:11.21,Big 12 Outdoor Track & Field Championships,"May 15, 2025",100
14,"Smith, Joyasia",JR-3,Charlotte,00:11.21,Charlotte 49er Classic,"Mar 20, 2025",100
17,"Blocker, Nya",SO-2,Florida A&M,00:11.24,SWAC Outdoor Track and Field Championship,"May 11, 2025",100
18,"Johnson, Kaniya",JR-3,Tennessee,00:11.25,Tom Jones Invitational,"Apr 18, 2025",100
19,"Sey, Marcia",JR-3,Howard,00:11.26,2025 MEAC Outdoor Track & Field Championships,"May 15, 2025",100
20,"Lloyd, Joella",SR-4,Florida State,00:11.27,ACC Outdoor Track & Field Championships,"May 15, 2025",100
21,"Watson, Naj",JR-3,Georgia Southern,00:11.3,Sun Belt Outdoor Track & Field Championships,"May 8, 2025",100
22,"Ashford, Amairi",SO-2,Louisiana,00:11.31,Sun Belt Outdoor Track & Field Championships,"May 8, 2025",100
23,"Clinkscale, Chante",SR-4,Auburn,00:11.32,LSU Invitational,"May 3, 2025",100
23,"Fields, Milan",SR-4,Tennessee,00:11.32,SEC Outdoor Track & Field Championships,"May 15, 2025",100
25,"Webster, Reese",JR-3,Liberty,00:11.33,2025 CUSA Outdoor Track & Field Championship,"May 16, 2025",100
25,"Parker, Devine",SR-4,Georgia Southern,00:11.33,Sun Belt Outdoor Track & Field Championships,"May 8, 2025",100
25,"Johnson, Kendall",SO-2,App State,00:11.33,Sun Belt Outdoor Track & Field Championships,"May 8, 2025",100
28,"Redmond, Reign",FR-1,Georgia,00:11.35,UCF Black & Gold Challenge,"Mar 21, 2025",100
28,"Akpan, Sarah",JR-3,Virginia,00:11.35,Virginia Challenge,"Apr 18, 2025",100
28,"Geiser, Abby",SR-4,Duke,00:11.35,2025 Jim Click Shootout & Multis,"Apr 4, 2025",100
28,"Blair, Savannah",SO-2,Northeastern,00:11.35,South Florida Invitational,"Apr 11, 2025",100
28,"Robinson, Brooklyn",JR-3,Norfolk State,00:11.35,2025 MEAC Outdoor Track & Field Championships,"May 15, 2025",100
28,"Bigam, Aniyah",SO-2,LSU,00:11.35,LSU Invitational,"May 3, 2025",100
34,"Perrow, Victoria",SR-4,Kentucky,00:11.37,Tom Jones Invitational,"Apr 18, 2025",100
34,"Perez-Tucker, Zionna",JR-3,Coastal Carolina,00:11.37,Sunday Night Qualifier,"May 18, 2025",100
36,"Okwose, Faith",SO-2,Tennessee,00:11.38,Big Orange Invite,"May 2, 2025",100
36,"Baker, Braelyn",FR-1,Duke,00:11.38,Raleigh Relays,"Mar 27, 2025",100
38,"Sleeman, Lucy May",FR-1,Florida State,00:11.39,ACC Outdoor Track & Field Championships,"May 15, 2025",100
38,"Abinusawa, Fore",JR-3,Penn,00:11.39,Ivy League Heptagonal Outdoor Track and Field Championships,"May 10, 2025",100
38,"Ogundiran, Blessing",FR-1,Purdue,00:11.39,USF Alumni Invitational,"Mar 21, 2025",100
38,"Nwokike, Joy",SR-4,Akron,00:11.39,Northeast Ohio Open,"May 8, 2025",100
38,"Matthews, Aniya",SR-4,Charlotte,00:11.39,Wake Forest Invitational 2025,"Apr 17, 2025",100
43,"Ofotan, Jade",SO-2,Georgia Tech,00:11.4,ACC Outdoor Track & Field Championships,"May 15, 2025",100
44,"Haywood, Jadyn",JR-3,Dayton,00:11.41,Pacesetter Sports Invitational,"Mar 29, 2025",100
44,"Sutton, Melanne",SO-2,N.C. Central,00:11.41,2025 MEAC Outdoor Track & Field Championships,"May 15, 2025",100
44,"Okpah, Elo Blessing",SO-2,Tennessee,00:11.41,SEC Outdoor Track & Field Championships,"May 15, 2025",100
44,"Tucker, Maya",SR-4,Towson,00:11.41,2025 Aggie Invitational,"Apr 18, 2025",100
44,"Phillips, Karsen",SO-2,Georgia,00:11.41,Tom Jones Invitational,"Apr 18, 2025",100
44,"Dorsett, Shatalya",SO-2,Georgia Southern,00:11.41,Sun Belt Outdoor Track & Field Championships,"May 8, 2025",100
44,"Epps, Kya",JR-3,Cincinnati,00:11.41,TCU Horned Frog Invite,"May 2, 2025",100
1,"Ford, JaMeesia",SO-2,South Carolina,00:22.01,SEC Outdoor Track & Field Championships,"May 15, 2025",200
2,"Oakley, Dejanea",JR-3,Georgia,00:22.43,Florida Relays,"Apr 4, 2025",200
3,"Godbless, Tima",SO-2,LSU,00:22.55,Tom Jones Invitational,"Apr 18, 2025",200
4,"Butler, Aaliyah",JR-3,Georgia,00:22.63,Florida Relays,"Apr 4, 2025",200
5,"Jackson, Kaila",JR-3,Georgia,00:22.66,SEC Outdoor Track & Field Championships,"May 15, 2025",200
6,"Ufodiama, Kelly",FR-1,East Carolina,00:22.69,The American Outdoor Track & Field Championships 2025,"May 15, 2025",200
7,"Walker, Shenese",JR-3,Florida State,00:22.72,ACC Outdoor Track & Field Championships,"May 15, 2025",200
8,"Yeast, Kiyah",SR-4,Louisville,00:22.73,ACC Outdoor Track & Field Championships,"May 15, 2025",200
9,"Holmes, Sharmelle",FR-1,Kentucky,00:22.76,Jim Green Invitational,"May 2, 2025",200
9,"Watson, Naj",JR-3,Georgia Southern,00:22.76,Sunday Night Qualifier,"May 18, 2025",200
11,"James, Cynteria",SO-2,South Carolina,00:22.82,SEC Outdoor Track & Field Championships,"May 15, 2025",200
12,"Baker, Braelyn",FR-1,Duke,00:22.83,ACC Outdoor Track & Field Championships,"May 15, 2025",200
13,"Nzeakor, Precious",FR-1,Alabama,00:22.85,SEC Outdoor Track & Field Championships,"May 15, 2025",200
14,"Kitt, Aniyah",FR-1,Clemson,00:22.91,ACC Outdoor Track & Field Championships,"May 15, 2025",200
15,"Bigam, Aniyah",SO-2,LSU,00:22.95,SEC Outdoor Track & Field Championships,"May 15, 2025",200
16,"Jamison, Jayla",SR-4,South Carolina,00:22.97,Michael Johnson Invitational,"Apr 18, 2025",200
16,"Onojuvwevwo, Ella",JR-3,LSU,00:22.97,Battle at the Beach,"Apr 4, 2025",200
18,"Epps, Kya",JR-3,Cincinnati,00:22.98,Big 12 Outdoor Track & Field Championships,"May 15, 2025",200
18,"Wright, Cydney",JR-3,Tennessee,00:22.98,Tennessee Invite,"Apr 4, 2025",200
18,"Davis, Morgan",SO-2,Kentucky,00:22.98,SEC Outdoor Track & Field Championships,"May 15, 2025",200
21,"Bertrand, Leah",SR-4,Ohio State,00:22.99,Big Ten Outdoor Track & Field Championships,"May 16, 2025",200
22,"Pulliam, Janiah",FR-1,UCF,00:23.01,Big 12 Outdoor Track & Field Championships,"May 15, 2025",200
23,"Thompson, Cassie",SR-4,Jacksonville,00:23.07,Florida Relays,"Apr 4, 2025",200
23,"Blocker, Nya",SO-2,Florida A&M,00:23.07,SWAC Outdoor Track and Field Championship,"May 11, 2025",200
23,"Parker, Devine",SR-4,Georgia Southern,00:23.07,Sun Belt Outdoor Track & Field Championships,"May 8, 2025",200
26,"Douglas, Hannah",SR-4,Kentucky,00:23.09,Jim Green Invitational,"May 2, 2025",200
26,"Pointer, Iaunia",SR-4,Syracuse,00:23.09,ACC Outdoor Track & Field Championships,"May 15, 2025",200
26,"Blair, Savannah",SO-2,Northeastern,00:23.09,South Florida Invitational,"Apr 11, 2025",200
29,"Smith, Joyasia",JR-3,Charlotte,00:23.1,Florida Relays,"Apr 4, 2025",200
29,"Akins, Zaya",SO-2,South Carolina,00:23.1,Michael Johnson Invitational,"Apr 18, 2025",200
29,"Collins , Kailei",SR-4,Howard,00:23.1,2025 Aggie Classic,"May 2, 2025",200
32,"Frederick, Sanaa",FR-1,Georgia,00:23.11,SEC Outdoor Track & Field Championships,"May 15, 2025",200
33,"Frederick, Sole",FR-1,Georgia,00:23.12,SEC Outdoor Track & Field Championships,"May 15, 2025",200
33,"Johnson, Kaniya",JR-3,Tennessee,00:23.12,SEC Outdoor Track & Field Championships,"May 15, 2025",200
33,"Onyepunuka, Stacey",FR-1,Kentucky,00:23.12,SEC Outdoor Track & Field Championships,"May 15, 2025",200
36,"Akpan, Sarah",JR-3,Virginia,00:23.13,ACC Outdoor Track & Field Championships,"May 15, 2025",200
37,"Fagan, Davenae",SO-2,Cincinnati,00:23.14,Jim Freeman / Clark Wood Open 2025,"Apr 25, 2025",200
37,"Webster, Reese",JR-3,Liberty,00:23.14,Florida Relays,"Apr 4, 2025",200
39,"Clinkscale, Chante",SR-4,Auburn,00:23.15,LSU Invitational,"May 3, 2025",200
39,"Peterson, Terren",JR-3,South Florida,00:23.15,South Florida Invitational,"Apr 11, 2025",200
41,"Palmer, Marissa",FR-1,Georgia State,00:23.16,Sunday Night Qualifier,"May 18, 2025",200
42,"Newberry, Jazmen",JR-3,UCF,00:23.17,South Florida Invitational,"Apr 11, 2025",200
43,"Walkes, Saraiah",SR-4,Eastern Michigan,00:23.19,MAC Outdoor Track & Field Championships,"May 15, 2025",200
44,"Valcourt, Javonya",JR-3,Tennessee,00:23.2,Tennessee Invite,"Apr 4, 2025",200
45,"Matthews, Aniya",SR-4,Charlotte,00:23.22,2025 Charlotte Invitational,"Apr 25, 2025",200
46,"Ware, Jaitlyn",SO-2,Miss State,00:23.23,Florida Relays,"Apr 4, 2025",200
46,"Nwachuku, Christiana",JR-3,Penn,00:23.23,South Florida Invitational,"Apr 11, 2025",200
48,"Nwokike, Joy",SR-4,Akron,00:23.24,MAC Outdoor Track & Field Championships,"May 15, 2025",200
48,"Dorsett, Shatalya",SO-2,Georgia Southern,00:23.24,Sun Belt Outdoor Track & Field Championships,"May 8, 2025",200
50,"Matthews, Gabrielle",JR-3,Florida,00:23.27,SEC Outdoor Track & Field Championships,"May 15, 2025",200
50,"Charlton, Anthaya",JR-3,Florida,00:23.27,LSU Invitational,"May 3, 2025",200
1,"Butler, Aaliyah",JR-3,Georgia,00:49.44,Tom Jones Invitational,"Apr 18, 2025",400
2,"Maisvorewa, Vimbayi",SR-4,Auburn,00:50.25,Tom Jones Invitational,"Apr 18, 2025",400
3,"Oakley, Dejanea",JR-3,Georgia,00:50.35,Tom Jones Invitational,"Apr 18, 2025",400
4,"Ford, JaMeesia",SO-2,South Carolina,00:50.43,Florida Relays,"Apr 4, 2025",400
5,"Valcourt, Javonya",JR-3,Tennessee,00:50.68,Tom Jones Invitational,"Apr 18, 2025",400
6,"Onojuvwevwo, Ella",JR-3,LSU,00:51.01,LSU Battle on the Bayou,"Mar 28, 2025",400
7,"Bobb, Caitlyn",SR-4,Virginia Tech,00:51.11,ACC Outdoor Track & Field Championships,"May 15, 2025",400
8,"Shaw, Maygan",SR-4,Northwestern St.,00:51.19,LSU Alumni Gold,"Apr 26, 2025",400
9,"Akins, Zaya",SO-2,South Carolina,00:51.34,East Coast Relays,"May 2, 2025",400
10,"Williams, Shanque",FR-1,Clemson,00:51.49,Tom Jones Invitational,"Apr 18, 2025",400
11,"Joseph, Esther",FR-1,Tennessee,00:51.58,USF Alumni Invitational,"Mar 21, 2025",400
12,"Baker, Braelyn",FR-1,Duke,00:51.69,ACC Outdoor Track & Field Championships,"May 15, 2025",400
13,"Tolbert, Lauren",JR-3,Duke,00:51.72,65th Annual Mt. SAC Relays,"Apr 18, 2025",400
14,"Liburd, Kaelyaah",SO-2,Florida State,00:51.73,ACC Outdoor Track & Field Championships,"May 15, 2025",400
15,"Wright, Cydney",JR-3,Tennessee,00:51.77,Tom Jones Invitational,"Apr 18, 2025",400
16,"Johnson, Alysia",SR-4,Kentucky,00:51.78,Tom Jones Invitational,"Apr 18, 2025",400
17,"McAnnuff, Oneika",SO-2,Kentucky,00:51.96,2025 Jim Click Shootout & Multis,"Apr 4, 2025",400
18,"Paige, Makayla",JR-3,North Carolina,00:52,Duke Twilight,"May 4, 2025",400
19,"Tate, Serena",FR-1,Miami (Fla.),00:52.03,ACC Outdoor Track & Field Championships,"May 15, 2025",400
20,"Bossong, Victoria",SR-4,Harvard,00:52.08,2025 Tiger Track Classic,"Apr 26, 2025",400
21,"Dwyer, Rushana",JR-3,South Florida,00:52.12,The American Outdoor Track & Field Championships 2025,"May 15, 2025",400
22,"Ochan, Rebecca",SR-4,Georgetown,00:52.25,2025 BIG EAST Outdoor Track & Field Championships,"May 15, 2025",400
23,"Valmon, Maya",SR-4,Maryland,00:52.5,Maryland Kehoe Twilight Meet,"May 2, 2025",400
24,"Favour, Onyah Onyinye",SO-2,SE Louisiana,00:52.51,LSU Alumni Gold,"Apr 26, 2025",400
25,"Oke, Opeyemi",SO-2,Auburn,00:52.53,Florida Relays,"Apr 4, 2025",400
26,"Garozzo, Aliya",SR-4,Duke,00:52.54,Raleigh Relays,"Mar 27, 2025",400
27,"Jackson, Julia",JR-3,Duke,00:52.58,Duke Twilight,"May 4, 2025",400
28,"Fair, Chloe",JR-3,Harvard,00:52.6,Tom Jones Invitational,"Apr 18, 2025",400
29,"Johnson, Twaneise",JR-3,UCF,00:52.62,Tom Jones Invitational,"Apr 18, 2025",400
30,"McGinnis, Megan",SR-4,Duke,00:52.63,2025 Jim Click Shootout & Multis,"Apr 4, 2025",400
31,"Patterson, Jamara",SO-2,Louisiana Tech,00:52.66,2025 Maroon and White Tune-Up,"May 1, 2025",400
32,"Usenbor, Osaretin",SO-2,Louisiana Tech,00:52.67,2025 CUSA Outdoor Track & Field Championship,"May 16, 2025",400
33,"Fagan, Davenae",SO-2,Cincinnati,00:52.68,Big 12 Outdoor Track & Field Championships,"May 15, 2025",400
34,"Simpson, Dejona",JR-3,Memphis,00:52.69,The American Outdoor Track & Field Championships 2025,"May 15, 2025",400
35,"McCall, Michaela",SO-2,Ohio State,00:52.7,Tom Jones Invitational,"Apr 18, 2025",400
36,"Bradley, A'Laji",FR-1,Kentucky,00:52.71,SEC Outdoor Track & Field Championships,"May 15, 2025",400
37,"Green, Alyia",JR-3,Florida State,00:52.78,LSU Alumni Gold,"Apr 26, 2025",400
38,"Thompson, Cassidra",JR-3,Jacksonville,00:52.81,Florida Relays,"Apr 4, 2025",400
39,"Burton, JeNyia",SR-4,Pittsburgh,00:52.83,Virginia Challenge,"Apr 18, 2025",400
40,"Crawford, Charlee",SR-4,Rutgers,00:52.85,USF Alumni Invitational,"Mar 21, 2025",400
40,"Cuervo, Cristal",SR-4,Towson,00:52.85,CAA Outdoor Track and Field Championship,"May 14, 2025",400
42,"Martins, Delea",SO-2,North Carolina,00:52.88,ACC Outdoor Track & Field Championships,"May 15, 2025",400
42,"Walkes, Saraiah",SR-4,Eastern Michigan,00:52.88,2025 Texas A&M 44 Farms Team Invitational,"Apr 11, 2025",400
44,"Nwokike, Joy",SR-4,Akron,00:52.9,Florida Relays,"Apr 4, 2025",400
44,"Onourah, Chinenye",JR-3,St. John's,00:52.9,2025 BIG EAST Outdoor Track & Field Championships,"May 15, 2025",400
46,"Lawson, Kiya",SO-2,Howard,00:52.95,2025 Aggie Classic,"May 2, 2025",400
46,"Watts, Skyler",FR-1,South Florida,00:52.95,The American Outdoor Track & Field Championships 2025,"May 15, 2025",400
48,"Peterson, Terren",JR-3,South Florida,00:52.96,The American Outdoor Track & Field Championships 2025,"May 15, 2025",400
48,"Suszek, Abby",SR-4,Miami (Ohio),00:52.96,Billy Hayes Invitational,"May 9, 2025",400
48,"Smith, Alexia",SO-2,Purdue,00:52.96,Big Ten Outdoor Track & Field Championships,"May 16, 2025",400
1,"Rose, Michaela",SR-4,LSU,1:58.12,LSU Invitational,"May 3, 2025",800
2,"Kolbe, Smilla",SR-4,North Florida,1:59.02,East Coast Relays,"May 2, 2025",800
3,"Bossong, Victoria",SR-4,Harvard,1:59.48,Tom Jones Invitational,"Apr 18, 2025",800
4,"Chepngetich, Gladys",SO-2,Clemson,1:59.68,Tom Jones Invitational,"Apr 18, 2025",800
5,"Paige, Makayla",JR-3,North Carolina,2:00.21,ACC Outdoor Track & Field Championships,"May 15, 2025",800
6,"Kosgei, Judy",SO-2,Clemson,2:00.29,Tom Jones Invitational,"Apr 18, 2025",800
7,"Scatchard, Mena",SR-4,Princeton,2:00.81,Princeton Elite Invitational 2025,"May 17, 2025",800
8,"Grissom, Gabriella",JR-3,Miami (Fla.),2:01.00,ACC Outdoor Track & Field Championships,"May 15, 2025",800
8,"El Arfaoui, Bahiya",SO-2,Eastern Kentucky,2:01.00,2025 ASUN Outdoor Track & Field Championship,"May 15, 2025",800
10,"Elbadra, Salma",SO-2,South Carolina,2:01.76,East Coast Relays,"May 2, 2025",800
11,"Tolbert, Lauren",JR-3,Duke,2:01.87,Duke Invitational,"Apr 10, 2025",800
12,"Gorriaran, Sophia",SO-2,Harvard,2:01.88,Tom Jones Invitational,"Apr 18, 2025",800
13,"Jepkemboi Amimo, Janet",FR-1,Kentucky,2:01.99,Jim Green Invitational,"May 2, 2025",800
14,"Butler, Lindsey",SR-4,Virginia Tech,2:02.10,ACC Outdoor Track & Field Championships,"May 15, 2025",800
15,"Sullivan, Emma",SR-4,Kennesaw State,2:02.45,Emory Qualifier 2025,"May 7, 2025",800
16,"Sumner, Brynne",SR-4,Clemson,2:02.81,ACC Outdoor Track & Field Championships,"May 15, 2025",800
17,"Price, Star",SR-4,Virginia Tech,2:02.85,The Hill City Twilight,"May 2, 2025",800
18,"Guerrier, Victoria",SO-2,Yale,2:03.07,UCF Black & Gold Challenge,"Mar 21, 2025",800
19,"Riggins, Hannah",SO-2,Princeton,2:03.24,Larry Ellis Invitational 2025,"May 2, 2025",800
20,"Douglass, Emma",JR-3,Wake Forest,2:03.25,ACC Outdoor Track & Field Championships,"May 15, 2025",800
21,"Schwinghamer, Jenna",SR-4,Kentucky,2:03.58,SEC Outdoor Track & Field Championships,"May 15, 2025",800
22,"Jimoh, Ramat",JR-3,Miss State,2:03.64,SEC Outdoor Track & Field Championships,"May 15, 2025",800
23,"Dean, Janae",SR-4,Tulane,2:03.73,2025 Bryan Clay Invitational,"Apr 16, 2025",800
24,"Martell, Elizabeth",JR-3,Villanova,2:03.93,Larry Ellis Invitational 2025,"May 2, 2025",800
25,"Chikara, Privillege",JR-3,Mid. Tenn. State,2:03.96,Outdoor Music City Challenge,"May 2, 2025",800
26,"Tomkinson, Charlotte",JR-3,Georgetown,2:04.03,2025 BIG EAST Outdoor Track & Field Championships,"May 15, 2025",800
27,"Hargrave, Veronica",FR-1,Indiana,2:04.07,Big Ten Outdoor Track & Field Championships,"May 16, 2025",800
28,"Gomes, Camila",SO-2,Auburn,2:04.13,Florida Relays,"Apr 4, 2025",800
29,"Klebe, Abby",JR-3,Lehigh,2:04.20,Princeton Elite Invitational 2025,"May 17, 2025",800
29,"Hernandez, Alyssa",SR-4,North Carolina,2:04.20,ACC Outdoor Track & Field Championships,"May 15, 2025",800
31,"Morrison, Keaton",JR-3,Alabama,2:04.35,Crimson Tide Invitational,"Apr 11, 2025",800
32,"Goodyear, Kate",SR-4,Liberty,2:04.36,2025 CUSA Outdoor Track & Field Championship,"May 16, 2025",800
33,"Haywood, Ka'Myya",SO-2,Tennessee,2:04.37,SEC Outdoor Track & Field Championships,"May 15, 2025",800
34,"Mozie, Jordan",SR-4,Hampton,2:04.41,2025 Aggie Classic,"May 2, 2025",800
35,"Chelangat, Sylvia",JR-3,South Carolina,2:04.43,Raleigh Relays,"Mar 27, 2025",800
36,"Haugen, Nora",JR-3,St. John's,2:04.44,2025 BIG EAST Outdoor Track & Field Championships,"May 15, 2025",800
37,"Henkel, Lucy",JR-3,Columbia,2:04.45,Larry Ellis Invitational 2025,"May 2, 2025",800
38,"Fitzgibbon, Carmel",SO-2,Yale,2:04.49,Sam Howell Invitational,"Apr 4, 2025",800
39,"Altorf, Suus",JR-3,Florida State,2:04.56,East Coast Relays,"May 2, 2025",800
40,"Edwards, Jessica",JR-3,Florida,2:04.63,East Coast Relays,"May 2, 2025",800
40,"Harbaugh, Shae",SR-4,Michigan State,2:04.63,Big Ten Outdoor Track & Field Championships,"May 16, 2025",800
42,"Williams, Aliyah",SO-2,Alabama State,2:04.70,UCF Knights Invite,"Apr 25, 2025",800
43,"Haynes, Layla",FR-1,Florida,2:04.75,East Coast Relays,"May 2, 2025",800
44,"O'Neill, Maeve",SO-2,Providence,2:04.76,2025 BIG EAST Outdoor Track & Field Championships,"May 15, 2025",800
45,"Johnson, Allison",JR-3,Penn State,2:04.79,Florida Relays,"Apr 4, 2025",800
46,"Nicholson , Laura",SR-4,Toledo,2:04.80,2025 Jesse Owens Track & Field Classic,"May 2, 2025",800
47,"Egbula, Camille",SR-4,Howard,2:04.84,Tom Jones Invitational,"Apr 18, 2025",800
48,"Bertram, Stephanie",FR-1,Michigan,2:04.88,Big Ten Outdoor Track & Field Championships,"May 16, 2025",800
49,"Chandler, Ella",JR-3,North Florida,2:04.89,East Coast Relays,"May 2, 2025",800
50,"Rowe, Kishay",SO-2,West Virginia,2:04.90,USF Alumni Invitational,"Mar 21, 2025",800
1,"Appleton, Margot",SR-4,Virginia,4:05.68,Raleigh Relays,"Mar 27, 2025",1500
2,"Elbadra, Salma",SO-2,South Carolina,4:05.85,Wake Forest Invitational 2025,"Apr 17, 2025",1500
3,"May, Kimberley",SR-4,Providence,4:06.58,Raleigh Relays,"Mar 27, 2025",1500
4,"Nicholson , Laura",SR-4,Toledo,4:07.17,Wake Forest Invitational 2025,"Apr 17, 2025",1500
5,"Hartman, Grace",JR-3,NC State,4:07.19,Penn Relays,"Apr 24, 2025",1500
6,"El Arfaoui, Bahiya",SO-2,Eastern Kentucky,4:07.31,Wake Forest Invitational 2025,"Apr 17, 2025",1500
7,"Lemngole, Doris",SO-2,Alabama,4:09.28,Crimson Tide Invitational,"Apr 11, 2025",1500
8,"Sjoberg , Vera",JR-3,Boston University,4:09.79,Wake Forest Invitational 2025,"Apr 17, 2025",1500
9,"Riggins, Melissa",SR-4,Georgetown,4:09.80,2025 Bryan Clay Invitational,"Apr 16, 2025",1500
10,"Parks, Taryn",SR-4,North Carolina,4:09.84,Wake Forest Invitational 2025,"Apr 17, 2025",1500
11,"Butler, Lindsey",SR-4,Virginia Tech,4:09.88,Wake Forest Invitational 2025,"Apr 17, 2025",1500
12,"Rose, Michaela",SR-4,LSU,4:10.38,2025 Bryan Clay Invitational,"Apr 16, 2025",1500
13,"Bush, Samantha",SR-4,NC State,4:10.94,Wake Forest Invitational 2025,"Apr 17, 2025",1500
14,"Scatchard, Mena",SR-4,Princeton,4:11.56,Larry Ellis Invitational 2025,"May 2, 2025",1500
15,"Jelelgo, Silvia",SO-2,Clemson,4:11.61,ACC Outdoor Track & Field Championships,"May 15, 2025",1500
16,"Forsyth, Rachel",FR-1,Michigan State,4:11.92,2025 Jesse Owens Track & Field Classic,"May 2, 2025",1500
17,"Flockhart, Shannon",SR-4,Providence,4:12.03,2025 BIG EAST Outdoor Track & Field Championships,"May 15, 2025",1500
18,"Kane, Kileigh",SR-4,Penn State,4:12.49,Virginia Challenge,"Apr 18, 2025",1500
19,"Stewart-Barnett, Katelyn",SR-4,Michigan State,4:12.65,2025 Jesse Owens Track & Field Classic,"May 2, 2025",1500
20,"Tait, Sarah",SR-4,West Virginia,4:12.66,2025 Bryan Clay Invitational,"Apr 16, 2025",1500
21,"Dunne, Aoife",SR-4,Boston College,4:12.99,Penn Relays,"Apr 24, 2025",1500
22,"Putman, Kate",SO-2,NC State,4:13.01,ACC Outdoor Track & Field Championships,"May 15, 2025",1500
23,"Napoleon, Angelina",SO-2,NC State,4:13.02,Penn Relays,"Apr 24, 2025",1500
24,"Jepkemboi Amimo, Janet",FR-1,Kentucky,4:13.58,Stanford Invitational,"Apr 4, 2025",1500
25,"Altorf, Suus",JR-3,Florida State,4:13.71,ACC Outdoor Track & Field Championships,"May 15, 2025",1500
26,"Gomes, Camila",SO-2,Auburn,4:13.72,Florida Relays,"Apr 4, 2025",1500
27,"Kolbe, Smilla",SR-4,North Florida,4:13.77,Georgia Tech Invitational,"Apr 18, 2025",1500
28,"Tomkinson, Charlotte",JR-3,Georgetown,4:13.85,2025 Bryan Clay Invitational,"Apr 16, 2025",1500
29,"Ullom, Madaline",SR-4,Penn State,4:13.92,LSU Battle on the Bayou,"Mar 28, 2025",1500
29,"Wilson, Tia",JR-3,Florida,4:13.92,Florida Relays,"Apr 4, 2025",1500
31,"Douglass, Emma",JR-3,Wake Forest,4:13.94,Duke Twilight,"May 4, 2025",1500
32,"Kosgei, Judy",SO-2,Clemson,4:14.10,Duke Twilight,"May 4, 2025",1500
33,"Chepngetich, Gladys",SO-2,Clemson,4:14.19,Duke Twilight,"May 4, 2025",1500
34,"Paige, Makayla",JR-3,North Carolina,4:14.45,Duke Invitational,"Apr 10, 2025",1500
35,"David, Tatum",SO-2,Virginia,4:14.47,Virginia Challenge,"Apr 18, 2025",1500
36,"Engels, Rylan",SR-4,Wake Forest,4:14.67,ACC Outdoor Track & Field Championships,"May 15, 2025",1500
36,"Riggins, Hannah",SO-2,Princeton,4:14.67,Penn Relays,"Apr 24, 2025",1500
38,"Haquet, Augustine",SR-4,Cornell,4:14.74,Wake Forest Invitational 2025,"Apr 17, 2025",1500
39,"Zealand, Allie",FR-1,Liberty,4:14.84,Duke Twilight,"May 4, 2025",1500
40,"Sumner, Brynne",SR-4,Clemson,4:14.91,ACC Outdoor Track & Field Championships,"May 15, 2025",1500
41,"Whaley, Elizabeth",JR-3,Wake Forest,4:15.05,ACC Outdoor Track & Field Championships,"May 15, 2025",1500
42,"Rand, Ada",FR-1,Penn State,4:15.24,Larry Ellis Invitational 2025,"May 2, 2025",1500
43,"Clare, Rory",JR-3,Columbia,4:15.33,Wake Forest Invitational 2025,"Apr 17, 2025",1500
44,"Malone, Brianna",SO-2,High Point,4:15.37,Wake Forest Invitational 2025,"Apr 17, 2025",1500
45,"Masciarelli, Sydney",JR-3,North Carolina,4:15.53,Duke Twilight,"May 4, 2025",1500
46,"Millard, Alex",JR-3,Providence,4:15.66,Providence College Friar Invitational,"Apr 11, 2025",1500
47,"Hastie, Samantha",SR-4,Michigan,4:15.95,Wake Forest Invitational 2025,"Apr 17, 2025",1500
48,"Cheney, Mikayla",SO-2,Army West Point,4:16.05,Princeton Elite Invitational 2025,"May 17, 2025",1500
49,"Morrison, Keaton",JR-3,Alabama,4:16.23,LSU Battle on the Bayou,"Mar 28, 2025",1500
50,"Hatcher, Lea",SO-2,Penn State,4:16.26,Larry Ellis Invitational 2025,"May 2, 2025",1500
1,"Hartman, Grace",JR-3,NC State,14:58.11,Duke Twilight,"May 4, 2025",5000
2,"Olemomoi, Hilda",JR-3,Florida,15:04.65,2025 Bryan Clay Invitational,"Apr 16, 2025",5000
3,"Scrimgeour, Chloe",SR-4,Georgetown,15:05.40,2025 Bryan Clay Invitational,"Apr 16, 2025",5000
4,"Lemngole, Doris",SO-2,Alabama,15:11.62,SEC Outdoor Track & Field Championships,"May 15, 2025",5000
5,"Appleton, Margot",SR-4,Virginia,15:25.19,Virginia Challenge,"Apr 18, 2025",5000
6,"Millard, Alex",JR-3,Providence,15:27.02,Raleigh Relays,"Mar 27, 2025",5000
7,"Caron, Florence",JR-3,Penn State,15:31.63,2025 Bryan Clay Invitational,"Apr 16, 2025",5000
8,"Nicholson , Laura",SR-4,Toledo,15:33.04,Raleigh Relays,"Mar 27, 2025",5000
9,"Jelelgo, Silvia",SO-2,Clemson,15:33.32,ACC Outdoor Track & Field Championships,"May 15, 2025",5000
10,"Chisholm, Siona",JR-3,Notre Dame,15:33.93,Wake Forest Invitational 2025,"Apr 17, 2025",5000
11,"Kemboi, Naomi",FR-1,West Virginia,15:39.17,Raleigh Relays,"Mar 27, 2025",5000
12,"Tait, Sarah",SR-4,West Virginia,15:40.00,Raleigh Relays,"Mar 27, 2025",5000
13,"Jepchirchir, Brenda",FR-1,Auburn,15:40.37,SEC Outdoor Track & Field Championships,"May 15, 2025",5000
14,"Napoleon, Angelina",SO-2,NC State,15:40.45,ACC Outdoor Track & Field Championships,"May 15, 2025",5000
15,"Sjoberg, Vera",JR-3,Boston University,15:40.76,Penn Relays,"Apr 24, 2025",5000
16,"Schipperen, Bieke",JR-3,Florida State,15:41.29,Stanford Invitational,"Apr 4, 2025",5000
17,"Tuwei, Brenda",JR-3,Alabama,15:42.68,SEC Outdoor Track & Field Championships,"May 15, 2025",5000
18,"Jepleting, Naomi",FR-1,Miss State,15:43.11,Wake Forest Invitational 2025,"Apr 17, 2025",5000
19,"Chelulei, Edna",FR-1,Eastern Kentucky,15:43.67,Wake Forest Invitational 2025,"Apr 17, 2025",5000
20,"Forsyth, Rachel",FR-1,Michigan State,15:43.81,Big Ten Outdoor Track & Field Championships,"May 16, 2025",5000
21,"Michalak, Bethany",FR-1,NC State,15:43.84,Wake Forest Invitational 2025,"Apr 17, 2025",5000
22,"Bush, Samantha",SR-4,NC State,15:44.30,ACC Outdoor Track & Field Championships,"May 15, 2025",5000
23,"Putman, Kate",SO-2,NC State,15:45.61,Duke Twilight,"May 4, 2025",5000
24,"Roebke, Layla",SR-4,Louisville,15:46.36,Stanford Invitational,"Apr 4, 2025",5000
25,"Wilson, Brooke",SO-2,Wake Forest,15:47.75,Wake Forest Invitational 2025,"Apr 17, 2025",5000
26,"Scatchard, Mena",SR-4,Princeton,15:48.24,Sam Howell Invitational,"Apr 4, 2025",5000
27,"Brown, Brynn",JR-3,North Carolina,15:48.75,ACC Outdoor Track & Field Championships,"May 15, 2025",5000
28,"Salmon, Penelope",JR-3,Harvard,15:48.88,Raleigh Relays,"Mar 27, 2025",5000
29,"Naukot, Joy",FR-1,West Virginia,15:49.37,Penn Relays,"Apr 24, 2025",5000
30,"May, Kimberley",SR-4,Providence,15:50.04,2025 BIG EAST Outdoor Track & Field Championships,"May 15, 2025",5000
31,"Malague, Molly",JR-3,Harvard,15:50.39,Raleigh Relays,"Mar 27, 2025",5000
32,"Elbadra, Salma",SO-2,South Carolina,15:51.24,SEC Outdoor Track & Field Championships,"May 15, 2025",5000
33,"Whiting, Chloe",JR-3,Bryant,15:51.97,2025 Bryan Clay Invitational,"Apr 16, 2025",5000
34,"Wilson, Tia",JR-3,Florida,15:52.13,SEC Outdoor Track & Field Championships,"May 15, 2025",5000
35,"Zydanowicz, Jenna",SR-4,Connecticut,15:52.31,Raleigh Relays,"Mar 27, 2025",5000
36,"Bryce, Emily",JR-3,West Virginia,15:52.63,2025 Bryan Clay Invitational,"Apr 16, 2025",5000
37,"St. John-Kletter, Logan",FR-1,North Carolina,15:52.70,Penn Relays,"Apr 24, 2025",5000
38,"Mutisya , Peninah",SO-2,Hampton,15:53.09,Raleigh Relays,"Mar 27, 2025",5000
39,"Brady, Mary",SR-4,Georgia Tech,15:53.17,ACC Outdoor Track & Field Championships,"May 15, 2025",5000
40,"Haquet, Augustine",SR-4,Cornell,15:53.23,Raleigh Relays,"Mar 27, 2025",5000
41,"Schilling, Jenny",SR-4,Virginia,15:53.43,ACC Outdoor Track & Field Championships,"May 15, 2025",5000
42,"Kimutai, Blezzin",FR-1,Tulane,15:54.12,Raleigh Relays,"Mar 27, 2025",5000
43,"Allori, Isabel",FR-1,Notre Dame,15:54.23,Raleigh Relays,"Mar 27, 2025",5000
44,"Wilkes, Carly",JR-3,Furman,15:54.45,Wake Forest Invitational 2025,"Apr 17, 2025",5000
45,"Covert, Emily",SR-4,Notre Dame,15:54.52,Wake Forest Invitational 2025,"Apr 17, 2025",5000
46,"Barnett, Mackenzie",SR-4,Lipscomb,15:54.57,2025 Bryan Clay Invitational,"Apr 16, 2025",5000
47,"Dalton, Mary Bonner",FR-1,Notre Dame,15:54.93,Raleigh Relays,"Mar 27, 2025",5000
48,"Sigfstead, Sadie",JR-3,Villanova,15:55.00,Virginia Challenge,"Apr 18, 2025",5000
49,"Coetzee, Gene",JR-3,Auburn,15:55.31,SEC Outdoor Track & Field Championships,"May 15, 2025",5000
50,"Singh, Roshni",SR-4,Boston College,15:56.03,Stanford Invitational,"Apr 4, 2025",5000
1,"Hartman, Grace",JR-3,NC State,31:20.60,Raleigh Relays,"Mar 27, 2025",10000
2,"Scrimgeour, Chloe",SR-4,Georgetown,32:13.64,2025 BIG EAST Outdoor Track & Field Championships,"May 15, 2025",10000
3,"Naukot, Joy",FR-1,West Virginia,32:21.84,Raleigh Relays,"Mar 27, 2025",10000
4,"Chelulei, Edna",FR-1,Eastern Kentucky,32:22.80,Raleigh Relays,"Mar 27, 2025",10000
5,"Caron, Florence",JR-3,Penn State,32:26.52,Raleigh Relays,"Mar 27, 2025",10000
6,"Sigfstead, Sadie",JR-3,Villanova,32:39.54,Penn Relays,"Apr 24, 2025",10000
7,"Jepchirchir, Brenda",FR-1,Auburn,32:42.28,Wake Forest Invitational 2025,"Apr 17, 2025",10000
8,"Eastman, Emma",JR-3,Syracuse,32:47.21,Stanford Invitational,"Apr 4, 2025",10000
9,"Wilson, Brooke",SO-2,Wake Forest,32:50.07,Raleigh Relays,"Mar 27, 2025",10000
10,"Barnett, Mackenzie",SR-4,Lipscomb,32:52.43,Raleigh Relays,"Mar 27, 2025",10000
11,"Millard, Alex",JR-3,Providence,32:53.97,2025 BIG EAST Outdoor Track & Field Championships,"May 15, 2025",10000
12,"White, Ruth",FR-1,New Hampshire,32:57.83,2025 America East Outdoor Track & Field Championship,"May 3, 2025",10000
13,"Toti, Sophia",SR-4,Penn State,32:58.91,Big Ten Outdoor Track & Field Championships,"May 16, 2025",10000
14,"Covert, Emily",SR-4,Notre Dame,33:02.95,Raleigh Relays,"Mar 27, 2025",10000
15,"Lusk, Rylie",SR-4,Syracuse,33:13.56,Stanford Invitational,"Apr 4, 2025",10000
16,"Tuwei, Brenda",JR-3,Alabama,33:14.24,2025 Bryan Clay Invitational,"Apr 16, 2025",10000
17,"Olemomoi, Hilda",JR-3,Florida,33:15.52,SEC Outdoor Track & Field Championships,"May 15, 2025",10000
18,"Schilling, Jenny",SR-4,Virginia,33:15.54,Raleigh Relays,"Mar 27, 2025",10000
19,"Wilkes, Carly",JR-3,Furman,33:20.08,Raleigh Relays,"Mar 27, 2025",10000
20,"Heinen, Mary Caroline",SR-4,Michigan,33:21.92,Raleigh Relays,"Mar 27, 2025",10000
21,"Roark, Savannah",SR-4,Syracuse,33:22.60,Stanford Invitational,"Apr 4, 2025",10000
22,"Green, Lesley",SR-4,Chattanooga,33:23.12,Raleigh Relays,"Mar 27, 2025",10000
23,"Perez, Angelina",SO-2,Wake Forest,33:23.72,Raleigh Relays,"Mar 27, 2025",10000
24,"Wehrle, Mariah",SR-4,Indiana,33:24.04,Raleigh Relays,"Mar 27, 2025",10000
25,"Fairley, Adelyn",SR-4,Liberty,33:29.29,2025 Bryan Clay Invitational,"Apr 16, 2025",10000
26,"Atkinson, Sophie",JR-3,Virginia,33:29.46,Raleigh Relays,"Mar 27, 2025",10000
27,"Alanis, Fatima",SR-4,North Carolina,33:32.75,Penn Relays,"Apr 24, 2025",10000
28,"Trott, Jasmine",JR-3,Bryant,33:35.17,2025 Bryan Clay Invitational,"Apr 16, 2025",10000
29,"Chepngetich, Vicody",FR-1,Eastern Kentucky,33:35.26,Wake Forest Invitational 2025,"Apr 17, 2025",10000
30,"Singh, Roshni",SR-4,Boston College,33:35.52,Wake Forest Invitational 2025,"Apr 17, 2025",10000
31,"Diamond, Louisa",SO-2,Army West Point,33:35.67,Wake Forest Invitational 2025,"Apr 17, 2025",10000
32,"Fadil, Ella",SO-2,Boston College,33:38.38,Stanford Invitational,"Apr 4, 2025",10000
33,"Locher, Madeleine",JR-3,Dartmouth,33:39.91,Battle Road Twilight Meet 2,"May 17, 2025",10000
34,"Strzelecki, Erin",SR-4,Notre Dame,33:41.47,ACC Outdoor Track & Field Championships,"May 15, 2025",10000
35,"Dalton, Mary Bonner",FR-1,Notre Dame,33:41.97,2025 Bryan Clay Invitational,"Apr 16, 2025",10000
36,"Curtsinger, Claire",JR-3,Cincinnati,33:46.17,Raleigh Relays,"Mar 27, 2025",10000
37,"Olson, Arianne",SO-2,Notre Dame,33:46.24,2025 Bryan Clay Invitational,"Apr 16, 2025",10000
38,"McNatt, Anna",SO-2,Princeton,33:47.64,Wake Forest Invitational 2025,"Apr 17, 2025",10000
39,"Birimac, Katarina",SR-4,Fordham,33:48.47,Penn Relays,"Apr 24, 2025",10000
40,"Synowiec, Madison",SR-4,Elon,33:51.52,Raleigh Relays,"Mar 27, 2025",10000
41,"Chepkemoi, Edna",FR-1,LSU,33:54.99,SEC Outdoor Track & Field Championships,"May 15, 2025",10000
42,"Turney, Payne",SR-4,Purdue,33:57.75,2025 Bryan Clay Invitational,"Apr 16, 2025",10000
43,"Jortberg, Kate",JR-3,Georgia Tech,33:58.68,Raleigh Relays,"Mar 27, 2025",10000
44,"Bushee, Gillian",SO-2,Virginia,33:59.72,Raleigh Relays,"Mar 27, 2025",10000
45,"Lavassas, Daphnee",SR-4,Miami (Fla.),34:00.07,Wake Forest Invitational 2025,"Apr 17, 2025",10000
46,"Aramini, Amaya",FR-1,Notre Dame,34:02.10,2025 Bryan Clay Invitational,"Apr 16, 2025",10000
47,"Kimutai, Blezzin",FR-1,Tulane,34:06.66,Drake Relays,"Apr 23, 2025",10000
48,"DeBoer, Arianna",SR-4,William & Mary,34:07.04,Raleigh Relays,"Mar 27, 2025",10000
49,"Hynes, Kaitlyn",JR-3,Michigan State,34:07.19,Big Ten Outdoor Track & Field Championships,"May 16, 2025",10000
50,"Gilson, Ella",SR-4,Harvard,34:09.50,Raleigh Relays,"Mar 27, 2025",10000