Place,Athlete,Year,Team,Time,Meet,Meet.Date,Event,Speed
1,"Bertrand, Leah",SR-4,Ohio State,10.94,2025 97th Clyde Littlefield Texas Relays,"Mar 26, 2025",100,9.140767824497258
2,"Walker, Shenese",JR-3,Florida State,10.99,ACC Outdoor Track & Field Championships,"May 15, 2025",100,9.099181073703367
3,"Ford, JaMeesia",SO-2,South Carolina,11.02,East Coast Relays,"May 2, 2025",100,9.074410163339383
4,"Godbless, Tima",SO-2,LSU,11.06,SEC Outdoor Track & Field Championships,"May 15, 2025",100,9.041591320072332
5,"Kitt, Aniyah",FR-1,Clemson,11.1,ACC Outdoor Track & Field Championships,"May 15, 2025",100,9.00900900900901
6,"Stoilova, Aleksandra",JR-3,Clemson,11.11,2025 97th Clyde Littlefield Texas Relays,"Mar 26, 2025",100,9.000900090009
7,"Charlton, Anthaya",JR-3,Florida,11.12,Tom Jones Invitational,"Apr 18, 2025",100,8.992805755395684
8,"Holmes, Sharmelle",FR-1,Kentucky,11.13,2025 Jim Click Shootout & Multis,"Apr 4, 2025",100,8.98472596585804
8,"Ufodiama, Kelly",FR-1,East Carolina,11.13,Florida Relays,"Apr 4, 2025",100,8.98472596585804
10,"Jackson, Kaila",JR-3,Georgia,11.16,Tom Jones Invitational,"Apr 18, 2025",100,8.960573476702509
10,"Yeast, Kiyah",SR-4,Louisville,11.16,Jim Freeman / Clark Wood Open 2025,"Apr 25, 2025",100,8.960573476702509
12,"Collins , Kailei",SR-4,Howard,11.19,2025 MEAC Outdoor Track & Field Championships,"May 15, 2025",100,8.936550491510278
13,"Washington, Shanyah",JR-3,Troy,11.2,Troy Doc Anderson Invitational & Multi 2025,"Apr 4, 2025",100,8.928571428571429
14,"James, Cynteria",SO-2,South Carolina,11.21,East Coast Relays,"May 2, 2025",100,8.920606601248885
14,"Wilson, I'Asia",SR-4,UCF,11.21,Big 12 Outdoor Track & Field Championships,"May 15, 2025",100,8.920606601248885
14,"Smith, Joyasia",JR-3,Charlotte,11.21,Charlotte 49er Classic,"Mar 20, 2025",100,8.920606601248885
17,"Blocker, Nya",SO-2,Florida A&M,11.24,SWAC Outdoor Track and Field Championship,"May 11, 2025",100,8.896797153024911
18,"Johnson, Kaniya",JR-3,Tennessee,11.25,Tom Jones Invitational,"Apr 18, 2025",100,8.88888888888889
19,"Sey, Marcia",JR-3,Howard,11.26,2025 MEAC Outdoor Track & Field Championships,"May 15, 2025",100,8.880994671403197
20,"Lloyd, Joella",SR-4,Florida State,11.27,ACC Outdoor Track & Field Championships,"May 15, 2025",100,8.873114463176575
21,"Watson, Naj",JR-3,Georgia Southern,11.3,Sun Belt Outdoor Track & Field Championships,"May 8, 2025",100,8.849557522123893
22,"Ashford, Amairi",SO-2,Louisiana,11.31,Sun Belt Outdoor Track & Field Championships,"May 8, 2025",100,8.841732979664014
23,"Clinkscale, Chante",SR-4,Auburn,11.32,LSU Invitational,"May 3, 2025",100,8.8339222614841
23,"Fields, Milan",SR-4,Tennessee,11.32,SEC Outdoor Track & Field Championships,"May 15, 2025",100,8.8339222614841
25,"Webster, Reese",JR-3,Liberty,11.33,2025 CUSA Outdoor Track & Field Championship,"May 16, 2025",100,8.8261253309797
25,"Parker, Devine",SR-4,Georgia Southern,11.33,Sun Belt Outdoor Track & Field Championships,"May 8, 2025",100,8.8261253309797
25,"Johnson, Kendall",SO-2,App State,11.33,Sun Belt Outdoor Track & Field Championships,"May 8, 2025",100,8.8261253309797
28,"Redmond, Reign",FR-1,Georgia,11.35,UCF Black & Gold Challenge,"Mar 21, 2025",100,8.81057268722467
28,"Akpan, Sarah",JR-3,Virginia,11.35,Virginia Challenge,"Apr 18, 2025",100,8.81057268722467
28,"Geiser, Abby",SR-4,Duke,11.35,2025 Jim Click Shootout & Multis,"Apr 4, 2025",100,8.81057268722467
28,"Blair, Savannah",SO-2,Northeastern,11.35,South Florida Invitational,"Apr 11, 2025",100,8.81057268722467
28,"Robinson, Brooklyn",JR-3,Norfolk State,11.35,2025 MEAC Outdoor Track & Field Championships,"May 15, 2025",100,8.81057268722467
28,"Bigam, Aniyah",SO-2,LSU,11.35,LSU Invitational,"May 3, 2025",100,8.81057268722467
34,"Perrow, Victoria",SR-4,Kentucky,11.37,Tom Jones Invitational,"Apr 18, 2025",100,8.795074758135446
34,"Perez-Tucker, Zionna",JR-3,Coastal Carolina,11.37,Sunday Night Qualifier,"May 18, 2025",100,8.795074758135446
36,"Okwose, Faith",SO-2,Tennessee,11.38,Big Orange Invite,"May 2, 2025",100,8.787346221441124
36,"Baker, Braelyn",FR-1,Duke,11.38,Raleigh Relays,"Mar 27, 2025",100,8.787346221441124
38,"Sleeman, Lucy May",FR-1,Florida State,11.39,ACC Outdoor Track & Field Championships,"May 15, 2025",100,8.779631255487269
38,"Abinusawa, Fore",JR-3,Penn,11.39,Ivy League Heptagonal Outdoor Track and Field Championships,"May 10, 2025",100,8.779631255487269
38,"Ogundiran, Blessing",FR-1,Purdue,11.39,USF Alumni Invitational,"Mar 21, 2025",100,8.779631255487269
38,"Nwokike, Joy",SR-4,Akron,11.39,Northeast Ohio Open,"May 8, 2025",100,8.779631255487269
38,"Matthews, Aniya",SR-4,Charlotte,11.39,Wake Forest Invitational 2025,"Apr 17, 2025",100,8.779631255487269
43,"Ofotan, Jade",SO-2,Georgia Tech,11.4,ACC Outdoor Track & Field Championships,"May 15, 2025",100,8.771929824561402
44,"Haywood, Jadyn",JR-3,Dayton,11.41,Pacesetter Sports Invitational,"Mar 29, 2025",100,8.76424189307625
44,"Sutton, Melanne",SO-2,N.C. Central,11.41,2025 MEAC Outdoor Track & Field Championships,"May 15, 2025",100,8.76424189307625
44,"Okpah, Elo Blessing",SO-2,Tennessee,11.41,SEC Outdoor Track & Field Championships,"May 15, 2025",100,8.76424189307625
44,"Tucker, Maya",SR-4,Towson,11.41,2025 Aggie Invitational,"Apr 18, 2025",100,8.76424189307625
44,"Phillips, Karsen",SO-2,Georgia,11.41,Tom Jones Invitational,"Apr 18, 2025",100,8.76424189307625
44,"Dorsett, Shatalya",SO-2,Georgia Southern,11.41,Sun Belt Outdoor Track & Field Championships,"May 8, 2025",100,8.76424189307625
44,"Epps, Kya",JR-3,Cincinnati,11.41,TCU Horned Frog Invite,"May 2, 2025",100,8.76424189307625
1,"Ford, JaMeesia",SO-2,South Carolina,22.01,SEC Outdoor Track & Field Championships,"May 15, 2025",200,9.086778736937754
2,"Oakley, Dejanea",JR-3,Georgia,22.43,Florida Relays,"Apr 4, 2025",200,8.916629514043692
3,"Godbless, Tima",SO-2,LSU,22.55,Tom Jones Invitational,"Apr 18, 2025",200,8.869179600886918
4,"Butler, Aaliyah",JR-3,Georgia,22.63,Florida Relays,"Apr 4, 2025",200,8.837825894829873
5,"Jackson, Kaila",JR-3,Georgia,22.66,SEC Outdoor Track & Field Championships,"May 15, 2025",200,8.8261253309797
6,"Ufodiama, Kelly",FR-1,East Carolina,22.69,The American Outdoor Track & Field Championships 2025,"May 15, 2025",200,8.81445570736007
7,"Walker, Shenese",JR-3,Florida State,22.72,ACC Outdoor Track & Field Championships,"May 15, 2025",200,8.802816901408452
8,"Yeast, Kiyah",SR-4,Louisville,22.73,ACC Outdoor Track & Field Championships,"May 15, 2025",200,8.798944126704795
9,"Holmes, Sharmelle",FR-1,Kentucky,22.76,Jim Green Invitational,"May 2, 2025",200,8.787346221441124
9,"Watson, Naj",JR-3,Georgia Southern,22.76,Sunday Night Qualifier,"May 18, 2025",200,8.787346221441124
11,"James, Cynteria",SO-2,South Carolina,22.82,SEC Outdoor Track & Field Championships,"May 15, 2025",200,8.76424189307625
12,"Baker, Braelyn",FR-1,Duke,22.83,ACC Outdoor Track & Field Championships,"May 15, 2025",200,8.760402978537014
13,"Nzeakor, Precious",FR-1,Alabama,22.85,SEC Outdoor Track & Field Championships,"May 15, 2025",200,8.752735229759299
14,"Kitt, Aniyah",FR-1,Clemson,22.91,ACC Outdoor Track & Field Championships,"May 15, 2025",200,8.729812309035356
15,"Bigam, Aniyah",SO-2,LSU,22.95,SEC Outdoor Track & Field Championships,"May 15, 2025",200,8.714596949891067
16,"Jamison, Jayla",SR-4,South Carolina,22.97,Michael Johnson Invitational,"Apr 18, 2025",200,8.7070091423596
16,"Onojuvwevwo, Ella",JR-3,LSU,22.97,Battle at the Beach,"Apr 4, 2025",200,8.7070091423596
18,"Epps, Kya",JR-3,Cincinnati,22.98,Big 12 Outdoor Track & Field Championships,"May 15, 2025",200,8.703220191470844
18,"Wright, Cydney",JR-3,Tennessee,22.98,Tennessee Invite,"Apr 4, 2025",200,8.703220191470844
18,"Davis, Morgan",SO-2,Kentucky,22.98,SEC Outdoor Track & Field Championships,"May 15, 2025",200,8.703220191470844
21,"Bertrand, Leah",SR-4,Ohio State,22.99,Big Ten Outdoor Track & Field Championships,"May 16, 2025",200,8.699434536755112
22,"Pulliam, Janiah",FR-1,UCF,23.01,Big 12 Outdoor Track & Field Championships,"May 15, 2025",200,8.69187309865276
23,"Thompson, Cassie",SR-4,Jacksonville,23.07,Florida Relays,"Apr 4, 2025",200,8.669267446900736
23,"Blocker, Nya",SO-2,Florida A&M,23.07,SWAC Outdoor Track and Field Championship,"May 11, 2025",200,8.669267446900736
23,"Parker, Devine",SR-4,Georgia Southern,23.07,Sun Belt Outdoor Track & Field Championships,"May 8, 2025",200,8.669267446900736
26,"Douglas, Hannah",SR-4,Kentucky,23.09,Jim Green Invitational,"May 2, 2025",200,8.6617583369424
26,"Pointer, Iaunia",SR-4,Syracuse,23.09,ACC Outdoor Track & Field Championships,"May 15, 2025",200,8.6617583369424
26,"Blair, Savannah",SO-2,Northeastern,23.09,South Florida Invitational,"Apr 11, 2025",200,8.6617583369424
29,"Smith, Joyasia",JR-3,Charlotte,23.1,Florida Relays,"Apr 4, 2025",200,8.658008658008658
29,"Akins, Zaya",SO-2,South Carolina,23.1,Michael Johnson Invitational,"Apr 18, 2025",200,8.658008658008658
29,"Collins , Kailei",SR-4,Howard,23.1,2025 Aggie Classic,"May 2, 2025",200,8.658008658008658
32,"Frederick, Sanaa",FR-1,Georgia,23.11,SEC Outdoor Track & Field Championships,"May 15, 2025",200,8.654262224145391
33,"Frederick, Sole",FR-1,Georgia,23.12,SEC Outdoor Track & Field Championships,"May 15, 2025",200,8.650519031141869
33,"Johnson, Kaniya",JR-3,Tennessee,23.12,SEC Outdoor Track & Field Championships,"May 15, 2025",200,8.650519031141869
33,"Onyepunuka, Stacey",FR-1,Kentucky,23.12,SEC Outdoor Track & Field Championships,"May 15, 2025",200,8.650519031141869
36,"Akpan, Sarah",JR-3,Virginia,23.13,ACC Outdoor Track & Field Championships,"May 15, 2025",200,8.64677907479464
37,"Fagan, Davenae",SO-2,Cincinnati,23.14,Jim Freeman / Clark Wood Open 2025,"Apr 25, 2025",200,8.64304235090752
37,"Webster, Reese",JR-3,Liberty,23.14,Florida Relays,"Apr 4, 2025",200,8.64304235090752
39,"Clinkscale, Chante",SR-4,Auburn,23.15,LSU Invitational,"May 3, 2025",200,8.639308855291578
39,"Peterson, Terren",JR-3,South Florida,23.15,South Florida Invitational,"Apr 11, 2025",200,8.639308855291578
41,"Palmer, Marissa",FR-1,Georgia State,23.16,Sunday Night Qualifier,"May 18, 2025",200,8.635578583765112
42,"Newberry, Jazmen",JR-3,UCF,23.17,South Florida Invitational,"Apr 11, 2025",200,8.631851532153647
43,"Walkes, Saraiah",SR-4,Eastern Michigan,23.19,MAC Outdoor Track & Field Championships,"May 15, 2025",200,8.624407072013799
44,"Valcourt, Javonya",JR-3,Tennessee,23.2,Tennessee Invite,"Apr 4, 2025",200,8.620689655172415
45,"Matthews, Aniya",SR-4,Charlotte,23.22,2025 Charlotte Invitational,"Apr 25, 2025",200,8.613264427217915
46,"Ware, Jaitlyn",SO-2,Miss State,23.23,Florida Relays,"Apr 4, 2025",200,8.609556607834696
46,"Nwachuku, Christiana",JR-3,Penn,23.23,South Florida Invitational,"Apr 11, 2025",200,8.609556607834696
48,"Nwokike, Joy",SR-4,Akron,23.24,MAC Outdoor Track & Field Championships,"May 15, 2025",200,8.605851979345957
48,"Dorsett, Shatalya",SO-2,Georgia Southern,23.24,Sun Belt Outdoor Track & Field Championships,"May 8, 2025",200,8.605851979345957
50,"Matthews, Gabrielle",JR-3,Florida,23.27,SEC Outdoor Track & Field Championships,"May 15, 2025",200,8.594757198109154
50,"Charlton, Anthaya",JR-3,Florida,23.27,LSU Invitational,"May 3, 2025",200,8.594757198109154
1,"Butler, Aaliyah",JR-3,Georgia,49.44,Tom Jones Invitational,"Apr 18, 2025",400,8.090614886731393
2,"Maisvorewa, Vimbayi",SR-4,Auburn,50.25,Tom Jones Invitational,"Apr 18, 2025",400,7.960199004975125
3,"Oakley, Dejanea",JR-3,Georgia,50.35,Tom Jones Invitational,"Apr 18, 2025",400,7.944389275074478
4,"Ford, JaMeesia",SO-2,South Carolina,50.43,Florida Relays,"Apr 4, 2025",400,7.93178663493952
5,"Valcourt, Javonya",JR-3,Tennessee,50.68,Tom Jones Invitational,"Apr 18, 2025",400,7.892659826361484
6,"Onojuvwevwo, Ella",JR-3,LSU,51.01,LSU Battle on the Bayou,"Mar 28, 2025",400,7.8415996863360125
7,"Bobb, Caitlyn",SR-4,Virginia Tech,51.11,ACC Outdoor Track & Field Championships,"May 15, 2025",400,7.82625709254549
8,"Shaw, Maygan",SR-4,Northwestern St.,51.19,LSU Alumni Gold,"Apr 26, 2025",400,7.814026176987693
9,"Akins, Zaya",SO-2,South Carolina,51.34,East Coast Relays,"May 2, 2025",400,7.791195948578106
10,"Williams, Shanque",FR-1,Clemson,51.49,Tom Jones Invitational,"Apr 18, 2025",400,7.7684987376189545
11,"Joseph, Esther",FR-1,Tennessee,51.58,USF Alumni Invitational,"Mar 21, 2025",400,7.75494377665762
12,"Baker, Braelyn",FR-1,Duke,51.69,ACC Outdoor Track & Field Championships,"May 15, 2025",400,7.738440704198104
13,"Tolbert, Lauren",JR-3,Duke,51.72,65th Annual Mt. SAC Relays,"Apr 18, 2025",400,7.733952049497293
14,"Liburd, Kaelyaah",SO-2,Florida State,51.73,ACC Outdoor Track & Field Championships,"May 15, 2025",400,7.732456988208003
15,"Wright, Cydney",JR-3,Tennessee,51.77,Tom Jones Invitational,"Apr 18, 2025",400,7.726482518833301
16,"Johnson, Alysia",SR-4,Kentucky,51.78,Tom Jones Invitational,"Apr 18, 2025",400,7.72499034376207
17,"McAnnuff, Oneika",SO-2,Kentucky,51.96,2025 Jim Click Shootout & Multis,"Apr 4, 2025",400,7.698229407236336
18,"Paige, Makayla",JR-3,North Carolina,52,Duke Twilight,"May 4, 2025",400,7.6923076923076925
19,"Tate, Serena",FR-1,Miami (Fla.),52.03,ACC Outdoor Track & Field Championships,"May 15, 2025",400,7.68787238131847
20,"Bossong, Victoria",SR-4,Harvard,52.08,2025 Tiger Track Classic,"Apr 26, 2025",400,7.680491551459293
21,"Dwyer, Rushana",JR-3,South Florida,52.12,The American Outdoor Track & Field Championships 2025,"May 15, 2025",400,7.674597083653109
22,"Ochan, Rebecca",SR-4,Georgetown,52.25,2025 BIG EAST Outdoor Track & Field Championships,"May 15, 2025",400,7.655502392344498
23,"Valmon, Maya",SR-4,Maryland,52.5,Maryland Kehoe Twilight Meet,"May 2, 2025",400,7.619047619047619
24,"Favour, Onyah Onyinye",SO-2,SE Louisiana,52.51,LSU Alumni Gold,"Apr 26, 2025",400,7.617596648257475
25,"Oke, Opeyemi",SO-2,Auburn,52.53,Florida Relays,"Apr 4, 2025",400,7.614696363982486
26,"Garozzo, Aliya",SR-4,Duke,52.54,Raleigh Relays,"Mar 27, 2025",400,7.613247049866768
27,"Jackson, Julia",JR-3,Duke,52.58,Duke Twilight,"May 4, 2025",400,7.607455306200077
28,"Fair, Chloe",JR-3,Harvard,52.6,Tom Jones Invitational,"Apr 18, 2025",400,7.604562737642586
29,"Johnson, Twaneise",JR-3,UCF,52.62,Tom Jones Invitational,"Apr 18, 2025",400,7.601672367920943
30,"McGinnis, Megan",SR-4,Duke,52.63,2025 Jim Click Shootout & Multis,"Apr 4, 2025",400,7.600228006840205
31,"Patterson, Jamara",SO-2,Louisiana Tech,52.66,2025 Maroon and White Tune-Up,"May 1, 2025",400,7.59589821496392
32,"Usenbor, Osaretin",SO-2,Louisiana Tech,52.67,2025 CUSA Outdoor Track & Field Championship,"May 16, 2025",400,7.594456047085627
33,"Fagan, Davenae",SO-2,Cincinnati,52.68,Big 12 Outdoor Track & Field Championships,"May 15, 2025",400,7.593014426727411
34,"Simpson, Dejona",JR-3,Memphis,52.69,The American Outdoor Track & Field Championships 2025,"May 15, 2025",400,7.591573353577529
35,"McCall, Michaela",SO-2,Ohio State,52.7,Tom Jones Invitational,"Apr 18, 2025",400,7.590132827324478
36,"Bradley, A'Laji",FR-1,Kentucky,52.71,SEC Outdoor Track & Field Championships,"May 15, 2025",400,7.588692847656991
37,"Green, Alyia",JR-3,Florida State,52.78,LSU Alumni Gold,"Apr 26, 2025",400,7.578628268283441
38,"Thompson, Cassidra",JR-3,Jacksonville,52.81,Florida Relays,"Apr 4, 2025",400,7.574323044877864
39,"Burton, JeNyia",SR-4,Pittsburgh,52.83,Virginia Challenge,"Apr 18, 2025",400,7.571455612341473
40,"Crawford, Charlee",SR-4,Rutgers,52.85,USF Alumni Invitational,"Mar 21, 2025",400,7.5685903500473035
40,"Cuervo, Cristal",SR-4,Towson,52.85,CAA Outdoor Track and Field Championship,"May 14, 2025",400,7.5685903500473035
42,"Martins, Delea",SO-2,North Carolina,52.88,ACC Outdoor Track & Field Championships,"May 15, 2025",400,7.5642965204236
42,"Walkes, Saraiah",SR-4,Eastern Michigan,52.88,2025 Texas A&M 44 Farms Team Invitational,"Apr 11, 2025",400,7.5642965204236
44,"Nwokike, Joy",SR-4,Akron,52.9,Florida Relays,"Apr 4, 2025",400,7.561436672967864
44,"Onourah, Chinenye",JR-3,St. John's,52.9,2025 BIG EAST Outdoor Track & Field Championships,"May 15, 2025",400,7.561436672967864
46,"Lawson, Kiya",SO-2,Howard,52.95,2025 Aggie Classic,"May 2, 2025",400,7.554296506137866
46,"Watts, Skyler",FR-1,South Florida,52.95,The American Outdoor Track & Field Championships 2025,"May 15, 2025",400,7.554296506137866
48,"Peterson, Terren",JR-3,South Florida,52.96,The American Outdoor Track & Field Championships 2025,"May 15, 2025",400,7.552870090634441
48,"Suszek, Abby",SR-4,Miami (Ohio),52.96,Billy Hayes Invitational,"May 9, 2025",400,7.552870090634441
48,"Smith, Alexia",SO-2,Purdue,52.96,Big Ten Outdoor Track & Field Championships,"May 16, 2025",400,7.552870090634441
1,"Rose, Michaela",SR-4,LSU,118.12,LSU Invitational,"May 3, 2025",800,6.772773450728073
2,"Kolbe, Smilla",SR-4,North Florida,119.02000000000001,East Coast Relays,"May 2, 2025",800,6.721559401781213
3,"Bossong, Victoria",SR-4,Harvard,119.47999999999999,Tom Jones Invitational,"Apr 18, 2025",800,6.695681285570807
4,"Chepngetich, Gladys",SO-2,Clemson,119.68,Tom Jones Invitational,"Apr 18, 2025",800,6.684491978609625
5,"Paige, Makayla",JR-3,North Carolina,120.21,ACC Outdoor Track & Field Championships,"May 15, 2025",800,6.655020380999917
6,"Kosgei, Judy",SO-2,Clemson,120.29,Tom Jones Invitational,"Apr 18, 2025",800,6.6505943968742205
7,"Scatchard, Mena",SR-4,Princeton,120.81,Princeton Elite Invitational 2025,"May 17, 2025",800,6.621968380100985
8,"Grissom, Gabriella",JR-3,Miami (Fla.),121,ACC Outdoor Track & Field Championships,"May 15, 2025",800,6.6115702479338845
8,"El Arfaoui, Bahiya",SO-2,Eastern Kentucky,121,2025 ASUN Outdoor Track & Field Championship,"May 15, 2025",800,6.6115702479338845
10,"Elbadra, Salma",SO-2,South Carolina,121.76,East Coast Relays,"May 2, 2025",800,6.570302233902759
11,"Tolbert, Lauren",JR-3,Duke,121.87,Duke Invitational,"Apr 10, 2025",800,6.56437187166653
12,"Gorriaran, Sophia",SO-2,Harvard,121.88,Tom Jones Invitational,"Apr 18, 2025",800,6.563833278634723
13,"Jepkemboi Amimo, Janet",FR-1,Kentucky,121.99,Jim Green Invitational,"May 2, 2025",800,6.557914583162555
14,"Butler, Lindsey",SR-4,Virginia Tech,122.1,ACC Outdoor Track & Field Championships,"May 15, 2025",800,6.552006552006552
15,"Sullivan, Emma",SR-4,Kennesaw State,122.45,Emory Qualifier 2025,"May 7, 2025",800,6.533278889342589
16,"Sumner, Brynne",SR-4,Clemson,122.81,ACC Outdoor Track & Field Championships,"May 15, 2025",800,6.514127514046088
17,"Price, Star",SR-4,Virginia Tech,122.85,The Hill City Twilight,"May 2, 2025",800,6.512006512006512
18,"Guerrier, Victoria",SO-2,Yale,123.07,UCF Black & Gold Challenge,"Mar 21, 2025",800,6.500365645567563
19,"Riggins, Hannah",SO-2,Princeton,123.24,Larry Ellis Invitational 2025,"May 2, 2025",800,6.491398896462188
20,"Douglass, Emma",JR-3,Wake Forest,123.25,ACC Outdoor Track & Field Championships,"May 15, 2025",800,6.490872210953347
21,"Schwinghamer, Jenna",SR-4,Kentucky,123.58,SEC Outdoor Track & Field Championships,"May 15, 2025",800,6.4735394076711446
22,"Jimoh, Ramat",JR-3,Miss State,123.64,SEC Outdoor Track & Field Championships,"May 15, 2025",800,6.470397929472663
23,"Dean, Janae",SR-4,Tulane,123.73,2025 Bryan Clay Invitational,"Apr 16, 2025",800,6.465691424876748
24,"Martell, Elizabeth",JR-3,Villanova,123.93,Larry Ellis Invitational 2025,"May 2, 2025",800,6.455256999919309
25,"Chikara, Privillege",JR-3,Mid. Tenn. State,123.96,Outdoor Music City Challenge,"May 2, 2025",800,6.453694740238787
26,"Tomkinson, Charlotte",JR-3,Georgetown,124.03,2025 BIG EAST Outdoor Track & Field Championships,"May 15, 2025",800,6.4500524066758045
27,"Hargrave, Veronica",FR-1,Indiana,124.07,Big Ten Outdoor Track & Field Championships,"May 16, 2025",800,6.447972918513742
28,"Gomes, Camila",SO-2,Auburn,124.13,Florida Relays,"Apr 4, 2025",800,6.444856199146057
29,"Klebe, Abby",JR-3,Lehigh,124.2,Princeton Elite Invitational 2025,"May 17, 2025",800,6.4412238325281805
29,"Hernandez, Alyssa",SR-4,North Carolina,124.2,ACC Outdoor Track & Field Championships,"May 15, 2025",800,6.4412238325281805
31,"Morrison, Keaton",JR-3,Alabama,124.35,Crimson Tide Invitational,"Apr 11, 2025",800,6.433453960595095
32,"Goodyear, Kate",SR-4,Liberty,124.36,2025 CUSA Outdoor Track & Field Championship,"May 16, 2025",800,6.43293663557414
33,"Haywood, Ka'Myya",SO-2,Tennessee,124.37,SEC Outdoor Track & Field Championships,"May 15, 2025",800,6.432419393744472
34,"Mozie, Jordan",SR-4,Hampton,124.41,2025 Aggie Classic,"May 2, 2025",800,6.430351257937465
35,"Chelangat, Sylvia",JR-3,South Carolina,124.43,Raleigh Relays,"Mar 27, 2025",800,6.429317688660291
36,"Haugen, Nora",JR-3,St. John's,124.44,2025 BIG EAST Outdoor Track & Field Championships,"May 15, 2025",800,6.428801028608165
37,"Henkel, Lucy",JR-3,Columbia,124.45,Larry Ellis Invitational 2025,"May 2, 2025",800,6.428284451586983
38,"Fitzgibbon, Carmel",SO-2,Yale,124.49,Sam Howell Invitational,"Apr 4, 2025",800,6.426218973411519
39,"Altorf, Suus",JR-3,Florida State,124.56,East Coast Relays,"May 2, 2025",800,6.422607578676943
40,"Edwards, Jessica",JR-3,Florida,124.63,East Coast Relays,"May 2, 2025",800,6.419000240712509
40,"Harbaugh, Shae",SR-4,Michigan State,124.63,Big Ten Outdoor Track & Field Championships,"May 16, 2025",800,6.419000240712509
42,"Williams, Aliyah",SO-2,Alabama State,124.7,UCF Knights Invite,"Apr 25, 2025",800,6.415396952686447
43,"Haynes, Layla",FR-1,Florida,124.75,East Coast Relays,"May 2, 2025",800,6.412825651302605
44,"O'Neill, Maeve",SO-2,Providence,124.76,2025 BIG EAST Outdoor Track & Field Championships,"May 15, 2025",800,6.412311638345623
45,"Johnson, Allison",JR-3,Penn State,124.79,Florida Relays,"Apr 4, 2025",800,6.410770093757512
46,"Nicholson , Laura",SR-4,Toledo,124.8,2025 Jesse Owens Track & Field Classic,"May 2, 2025",800,6.410256410256411
47,"Egbula, Camille",SR-4,Howard,124.84,Tom Jones Invitational,"Apr 18, 2025",800,6.408202499198975
48,"Bertram, Stephanie",FR-1,Michigan,124.88,Big Ten Outdoor Track & Field Championships,"May 16, 2025",800,6.406149903907751
49,"Chandler, Ella",JR-3,North Florida,124.89,East Coast Relays,"May 2, 2025",800,6.405636960525262
50,"Rowe, Kishay",SO-2,West Virginia,124.9,USF Alumni Invitational,"Mar 21, 2025",800,6.405124099279424
1,"Appleton, Margot",SR-4,Virginia,245.68,Raleigh Relays,"Mar 27, 2025",1500,6.1055030934549
2,"Elbadra, Salma",SO-2,South Carolina,245.85,Wake Forest Invitational 2025,"Apr 17, 2025",1500,6.101281269066504
3,"May, Kimberley",SR-4,Providence,246.58,Raleigh Relays,"Mar 27, 2025",1500,6.083218428096358
4,"Nicholson , Laura",SR-4,Toledo,247.17,Wake Forest Invitational 2025,"Apr 17, 2025",1500,6.068697657482705
5,"Hartman, Grace",JR-3,NC State,247.19,Penn Relays,"Apr 24, 2025",1500,6.068206642663538
6,"El Arfaoui, Bahiya",SO-2,Eastern Kentucky,247.31,Wake Forest Invitational 2025,"Apr 17, 2025",1500,6.065262221503376
7,"Lemngole, Doris",SO-2,Alabama,249.28,Crimson Tide Invitational,"Apr 11, 2025",1500,6.017329910141207
8,"Sjoberg , Vera",JR-3,Boston University,249.79,Wake Forest Invitational 2025,"Apr 17, 2025",1500,6.005044237159214
9,"Riggins, Melissa",SR-4,Georgetown,249.8,2025 Bryan Clay Invitational,"Apr 16, 2025",1500,6.004803843074459
10,"Parks, Taryn",SR-4,North Carolina,249.84,Wake Forest Invitational 2025,"Apr 17, 2025",1500,6.003842459173871
11,"Butler, Lindsey",SR-4,Virginia Tech,249.88,Wake Forest Invitational 2025,"Apr 17, 2025",1500,6.002881383063871
12,"Rose, Michaela",SR-4,LSU,250.38,2025 Bryan Clay Invitational,"Apr 16, 2025",1500,5.990893841361131
13,"Bush, Samantha",SR-4,NC State,250.94,Wake Forest Invitational 2025,"Apr 17, 2025",1500,5.977524507850482
14,"Scatchard, Mena",SR-4,Princeton,251.56,Larry Ellis Invitational 2025,"May 2, 2025",1500,5.962792176816664
15,"Jelelgo, Silvia",SO-2,Clemson,251.61,ACC Outdoor Track & Field Championships,"May 15, 2025",1500,5.961607249314415
16,"Forsyth, Rachel",FR-1,Michigan State,251.92,2025 Jesse Owens Track & Field Classic,"May 2, 2025",1500,5.954271197205462
17,"Flockhart, Shannon",SR-4,Providence,252.03,2025 BIG EAST Outdoor Track & Field Championships,"May 15, 2025",1500,5.951672419950006
18,"Kane, Kileigh",SR-4,Penn State,252.49,Virginia Challenge,"Apr 18, 2025",1500,5.940829339775832
19,"Stewart-Barnett, Katelyn",SR-4,Michigan State,252.65,2025 Jesse Owens Track & Field Classic,"May 2, 2025",1500,5.937067088858104
20,"Tait, Sarah",SR-4,West Virginia,252.66,2025 Bryan Clay Invitational,"Apr 16, 2025",1500,5.936832106388032
21,"Dunne, Aoife",SR-4,Boston College,252.99,Penn Relays,"Apr 24, 2025",1500,5.929088106249258
22,"Putman, Kate",SO-2,NC State,253.01,ACC Outdoor Track & Field Championships,"May 15, 2025",1500,5.928619422157227
23,"Napoleon, Angelina",SO-2,NC State,253.02,Penn Relays,"Apr 24, 2025",1500,5.9283851078966086
24,"Jepkemboi Amimo, Janet",FR-1,Kentucky,253.58,Stanford Invitational,"Apr 4, 2025",1500,5.91529300418014
25,"Altorf, Suus",JR-3,Florida State,253.71,ACC Outdoor Track & Field Championships,"May 15, 2025",1500,5.912262031453234
26,"Gomes, Camila",SO-2,Auburn,253.72,Florida Relays,"Apr 4, 2025",1500,5.912029008355668
27,"Kolbe, Smilla",SR-4,North Florida,253.77,Georgia Tech Invitational,"Apr 18, 2025",1500,5.910864168341411
28,"Tomkinson, Charlotte",JR-3,Georgetown,253.85,2025 Bryan Clay Invitational,"Apr 16, 2025",1500,5.909001378766988
29,"Ullom, Madaline",SR-4,Penn State,253.92,LSU Battle on the Bayou,"Mar 28, 2025",1500,5.907372400756144
29,"Wilson, Tia",JR-3,Florida,253.92,Florida Relays,"Apr 4, 2025",1500,5.907372400756144
31,"Douglass, Emma",JR-3,Wake Forest,253.94,Duke Twilight,"May 4, 2025",1500,5.906907143419706
32,"Kosgei, Judy",SO-2,Clemson,254.1,Duke Twilight,"May 4, 2025",1500,5.90318772136954
33,"Chepngetich, Gladys",SO-2,Clemson,254.19,Duke Twilight,"May 4, 2025",1500,5.901097604154373
34,"Paige, Makayla",JR-3,North Carolina,254.45,Duke Invitational,"Apr 10, 2025",1500,5.895067793279623
35,"David, Tatum",SO-2,Virginia,254.47,Virginia Challenge,"Apr 18, 2025",1500,5.894604472039926
36,"Engels, Rylan",SR-4,Wake Forest,254.67,ACC Outdoor Track & Field Championships,"May 15, 2025",1500,5.889975262103899
36,"Riggins, Hannah",SO-2,Princeton,254.67,Penn Relays,"Apr 24, 2025",1500,5.889975262103899
38,"Haquet, Augustine",SR-4,Cornell,254.74,Wake Forest Invitational 2025,"Apr 17, 2025",1500,5.888356755907984
39,"Zealand, Allie",FR-1,Liberty,254.84,Duke Twilight,"May 4, 2025",1500,5.88604614660179
40,"Sumner, Brynne",SR-4,Clemson,254.91,ACC Outdoor Track & Field Championships,"May 15, 2025",1500,5.884429798752501
41,"Whaley, Elizabeth",JR-3,Wake Forest,255.05,ACC Outdoor Track & Field Championships,"May 15, 2025",1500,5.881199764752009
42,"Rand, Ada",FR-1,Penn State,255.24,Larry Ellis Invitational 2025,"May 2, 2025",1500,5.876821814762576
43,"Clare, Rory",JR-3,Columbia,255.33,Wake Forest Invitational 2025,"Apr 17, 2025",1500,5.874750323111267
44,"Malone, Brianna",SO-2,High Point,255.37,Wake Forest Invitational 2025,"Apr 17, 2025",1500,5.873830128832674
45,"Masciarelli, Sydney",JR-3,North Carolina,255.53,Duke Twilight,"May 4, 2025",1500,5.870152232614566
46,"Millard, Alex",JR-3,Providence,255.66,Providence College Friar Invitational,"Apr 11, 2025",1500,5.867167331612298
47,"Hastie, Samantha",SR-4,Michigan,255.95,Wake Forest Invitational 2025,"Apr 17, 2025",1500,5.86051963274077
48,"Cheney, Mikayla",SO-2,Army West Point,256.05,Princeton Elite Invitational 2025,"May 17, 2025",1500,5.858230814294083
49,"Morrison, Keaton",JR-3,Alabama,256.23,LSU Battle on the Bayou,"Mar 28, 2025",1500,5.854115443156538
50,"Hatcher, Lea",SO-2,Penn State,256.26,Larry Ellis Invitational 2025,"May 2, 2025",1500,5.853430110044486
1,"Hartman, Grace",JR-3,NC State,898.11,Duke Twilight,"May 4, 2025",5000,5.567246773780495
2,"Olemomoi, Hilda",JR-3,Florida,904.65,2025 Bryan Clay Invitational,"Apr 16, 2025",5000,5.526999392030067
3,"Scrimgeour, Chloe",SR-4,Georgetown,905.4,2025 Bryan Clay Invitational,"Apr 16, 2025",5000,5.52242102937928
4,"Lemngole, Doris",SO-2,Alabama,911.62,SEC Outdoor Track & Field Championships,"May 15, 2025",5000,5.48474144928808
5,"Appleton, Margot",SR-4,Virginia,925.19,Virginia Challenge,"Apr 18, 2025",5000,5.404295333931408
6,"Millard, Alex",JR-3,Providence,927.02,Raleigh Relays,"Mar 27, 2025",5000,5.3936268904662255
7,"Caron, Florence",JR-3,Penn State,931.63,2025 Bryan Clay Invitational,"Apr 16, 2025",5000,5.3669375181134145
8,"Nicholson , Laura",SR-4,Toledo,933.04,Raleigh Relays,"Mar 27, 2025",5000,5.358827059933122
9,"Jelelgo, Silvia",SO-2,Clemson,933.32,ACC Outdoor Track & Field Championships,"May 15, 2025",5000,5.357219388848412
10,"Chisholm, Siona",JR-3,Notre Dame,933.93,Wake Forest Invitational 2025,"Apr 17, 2025",5000,5.353720300236635
11,"Kemboi, Naomi",FR-1,West Virginia,939.17,Raleigh Relays,"Mar 27, 2025",5000,5.323849782254544
12,"Tait, Sarah",SR-4,West Virginia,940,Raleigh Relays,"Mar 27, 2025",5000,5.319148936170213
13,"Jepchirchir, Brenda",FR-1,Auburn,940.37,SEC Outdoor Track & Field Championships,"May 15, 2025",5000,5.317056052404904
14,"Napoleon, Angelina",SO-2,NC State,940.45,ACC Outdoor Track & Field Championships,"May 15, 2025",5000,5.31660375352225
15,"Sjoberg, Vera",JR-3,Boston University,940.76,Penn Relays,"Apr 24, 2025",5000,5.314851821931205
16,"Schipperen, Bieke",JR-3,Florida State,941.29,Stanford Invitational,"Apr 4, 2025",5000,5.311859256977128
17,"Tuwei, Brenda",JR-3,Alabama,942.68,SEC Outdoor Track & Field Championships,"May 15, 2025",5000,5.3040268171595875
18,"Jepleting, Naomi",FR-1,Miss State,943.11,Wake Forest Invitational 2025,"Apr 17, 2025",5000,5.301608508021333
19,"Chelulei, Edna",FR-1,Eastern Kentucky,943.67,Wake Forest Invitational 2025,"Apr 17, 2025",5000,5.298462386215521
20,"Forsyth, Rachel",FR-1,Michigan State,943.81,Big Ten Outdoor Track & Field Championships,"May 16, 2025",5000,5.297676439113805
21,"Michalak, Bethany",FR-1,NC State,943.84,Wake Forest Invitational 2025,"Apr 17, 2025",5000,5.2975080522122395
22,"Bush, Samantha",SR-4,NC State,944.3,ACC Outdoor Track & Field Championships,"May 15, 2025",5000,5.294927459493805
23,"Putman, Kate",SO-2,NC State,945.61,Duke Twilight,"May 4, 2025",5000,5.287592136292975
24,"Roebke, Layla",SR-4,Louisville,946.36,Stanford Invitational,"Apr 4, 2025",5000,5.2834016653282045
25,"Wilson, Brooke",SO-2,Wake Forest,947.75,Wake Forest Invitational 2025,"Apr 17, 2025",5000,5.275652862041678
26,"Scatchard, Mena",SR-4,Princeton,948.24,Sam Howell Invitational,"Apr 4, 2025",5000,5.272926685227368
27,"Brown, Brynn",JR-3,North Carolina,948.75,ACC Outdoor Track & Field Championships,"May 15, 2025",5000,5.270092226613966
28,"Salmon, Penelope",JR-3,Harvard,948.88,Raleigh Relays,"Mar 27, 2025",5000,5.2693702048731135
29,"Naukot, Joy",FR-1,West Virginia,949.37,Penn Relays,"Apr 24, 2025",5000,5.266650515605085
30,"May, Kimberley",SR-4,Providence,950.04,2025 BIG EAST Outdoor Track & Field Championships,"May 15, 2025",5000,5.262936297419056
31,"Malague, Molly",JR-3,Harvard,950.39,Raleigh Relays,"Mar 27, 2025",5000,5.260998116562674
32,"Elbadra, Salma",SO-2,South Carolina,951.24,SEC Outdoor Track & Field Championships,"May 15, 2025",5000,5.256297043858543
33,"Whiting, Chloe",JR-3,Bryant,951.97,2025 Bryan Clay Invitational,"Apr 16, 2025",5000,5.25226635293129
34,"Wilson, Tia",JR-3,Florida,952.13,SEC Outdoor Track & Field Championships,"May 15, 2025",5000,5.251383739615389
35,"Zydanowicz, Jenna",SR-4,Connecticut,952.31,Raleigh Relays,"Mar 27, 2025",5000,5.250391154140984
36,"Bryce, Emily",JR-3,West Virginia,952.63,2025 Bryan Clay Invitational,"Apr 16, 2025",5000,5.248627483912957
37,"St. John-Kletter, Logan",FR-1,North Carolina,952.7,Penn Relays,"Apr 24, 2025",5000,5.24824183898394
38,"Mutisya , Peninah",SO-2,Hampton,953.09,Raleigh Relays,"Mar 27, 2025",5000,5.2460942828064505
39,"Brady, Mary",SR-4,Georgia Tech,953.17,ACC Outdoor Track & Field Championships,"May 15, 2025",5000,5.245653975681148
40,"Haquet, Augustine",SR-4,Cornell,953.23,Raleigh Relays,"Mar 27, 2025",5000,5.245323793837794
41,"Schilling, Jenny",SR-4,Virginia,953.43,ACC Outdoor Track & Field Championships,"May 15, 2025",5000,5.244223487828157
42,"Kimutai, Blezzin",FR-1,Tulane,954.12,Raleigh Relays,"Mar 27, 2025",5000,5.240430973043223
43,"Allori, Isabel",FR-1,Notre Dame,954.23,Raleigh Relays,"Mar 27, 2025",5000,5.239826876120013
44,"Wilkes, Carly",JR-3,Furman,954.45,Wake Forest Invitational 2025,"Apr 17, 2025",5000,5.238619100005239
45,"Covert, Emily",SR-4,Notre Dame,954.52,Wake Forest Invitational 2025,"Apr 17, 2025",5000,5.238234924359888
46,"Barnett, Mackenzie",SR-4,Lipscomb,954.57,2025 Bryan Clay Invitational,"Apr 16, 2025",5000,5.237960547681155
47,"Dalton, Mary Bonner",FR-1,Notre Dame,954.93,Raleigh Relays,"Mar 27, 2025",5000,5.235985883782058
48,"Sigfstead, Sadie",JR-3,Villanova,955,Virginia Challenge,"Apr 18, 2025",5000,5.2356020942408374
49,"Coetzee, Gene",JR-3,Auburn,955.31,SEC Outdoor Track & Field Championships,"May 15, 2025",5000,5.2339031309208535
50,"Singh, Roshni",SR-4,Boston College,956.03,Stanford Invitational,"Apr 4, 2025",5000,5.229961402884847
1,"Hartman, Grace",JR-3,NC State,1880.6,Raleigh Relays,"Mar 27, 2025",10000,5.317451877060513
2,"Scrimgeour, Chloe",SR-4,Georgetown,1933.64,2025 BIG EAST Outdoor Track & Field Championships,"May 15, 2025",10000,5.171593471380401
3,"Naukot, Joy",FR-1,West Virginia,1941.84,Raleigh Relays,"Mar 27, 2025",10000,5.149754871668109
4,"Chelulei, Edna",FR-1,Eastern Kentucky,1942.8,Raleigh Relays,"Mar 27, 2025",10000,5.147210212065061
5,"Caron, Florence",JR-3,Penn State,1946.52,Raleigh Relays,"Mar 27, 2025",10000,5.137373363746583
6,"Sigfstead, Sadie",JR-3,Villanova,1959.54,Penn Relays,"Apr 24, 2025",10000,5.1032385151617214
7,"Jepchirchir, Brenda",FR-1,Auburn,1962.28,Wake Forest Invitational 2025,"Apr 17, 2025",10000,5.096112685243696
8,"Eastman, Emma",JR-3,Syracuse,1967.21,Stanford Invitational,"Apr 4, 2025",10000,5.083341381957188
9,"Wilson, Brooke",SO-2,Wake Forest,1970.07,Raleigh Relays,"Mar 27, 2025",10000,5.075961767855965
10,"Barnett, Mackenzie",SR-4,Lipscomb,1972.43,Raleigh Relays,"Mar 27, 2025",10000,5.069888411756057
11,"Millard, Alex",JR-3,Providence,1973.97,2025 BIG EAST Outdoor Track & Field Championships,"May 15, 2025",10000,5.065933119550956
12,"White, Ruth",FR-1,New Hampshire,1977.83,2025 America East Outdoor Track & Field Championship,"May 3, 2025",10000,5.0560462729354905
13,"Toti, Sophia",SR-4,Penn State,1978.91,Big Ten Outdoor Track & Field Championships,"May 16, 2025",10000,5.0532869104709155
14,"Covert, Emily",SR-4,Notre Dame,1982.95,Raleigh Relays,"Mar 27, 2025",10000,5.042991502559318
15,"Lusk, Rylie",SR-4,Syracuse,1993.56,Stanford Invitational,"Apr 4, 2025",10000,5.0161520094704954
16,"Tuwei, Brenda",JR-3,Alabama,1994.24,2025 Bryan Clay Invitational,"Apr 16, 2025",10000,5.014441591784339
17,"Olemomoi, Hilda",JR-3,Florida,1995.52,SEC Outdoor Track & Field Championships,"May 15, 2025",10000,5.0112251443232845
18,"Schilling, Jenny",SR-4,Virginia,1995.54,Raleigh Relays,"Mar 27, 2025",10000,5.01117492007176
19,"Wilkes, Carly",JR-3,Furman,2000.08,Raleigh Relays,"Mar 27, 2025",10000,4.9998000079996805
20,"Heinen, Mary Caroline",SR-4,Michigan,2001.92,Raleigh Relays,"Mar 27, 2025",10000,4.995204603580563
21,"Roark, Savannah",SR-4,Syracuse,2002.6,Stanford Invitational,"Apr 4, 2025",10000,4.993508439029262
22,"Green, Lesley",SR-4,Chattanooga,2003.12,Raleigh Relays,"Mar 27, 2025",10000,4.992212149047486
23,"Perez, Angelina",SO-2,Wake Forest,2003.72,Raleigh Relays,"Mar 27, 2025",10000,4.990717265885453
24,"Wehrle, Mariah",SR-4,Indiana,2004.04,Raleigh Relays,"Mar 27, 2025",10000,4.98992036087104
25,"Fairley, Adelyn",SR-4,Liberty,2009.29,2025 Bryan Clay Invitational,"Apr 16, 2025",10000,4.976882381338682
26,"Atkinson, Sophie",JR-3,Virginia,2009.46,Raleigh Relays,"Mar 27, 2025",10000,4.976461337871866
27,"Alanis, Fatima",SR-4,North Carolina,2012.75,Penn Relays,"Apr 24, 2025",10000,4.968326915911067
28,"Trott, Jasmine",JR-3,Bryant,2015.17,2025 Bryan Clay Invitational,"Apr 16, 2025",10000,4.962360495640566
29,"Chepngetich, Vicody",FR-1,Eastern Kentucky,2015.26,Wake Forest Invitational 2025,"Apr 17, 2025",10000,4.962138880342983
30,"Singh, Roshni",SR-4,Boston College,2015.52,Wake Forest Invitational 2025,"Apr 17, 2025",10000,4.961498769548305
31,"Diamond, Louisa",SO-2,Army West Point,2015.67,Wake Forest Invitational 2025,"Apr 17, 2025",10000,4.961129549975938
32,"Fadil, Ella",SO-2,Boston College,2018.38,Stanford Invitational,"Apr 4, 2025",10000,4.9544684350815995
33,"Locher, Madeleine",JR-3,Dartmouth,2019.91,Battle Road Twilight Meet 2,"May 17, 2025",10000,4.95071562594373
34,"Strzelecki, Erin",SR-4,Notre Dame,2021.47,ACC Outdoor Track & Field Championships,"May 15, 2025",10000,4.9468950813022206
35,"Dalton, Mary Bonner",FR-1,Notre Dame,2021.97,2025 Bryan Clay Invitational,"Apr 16, 2025",10000,4.945671795328319
36,"Curtsinger, Claire",JR-3,Cincinnati,2026.17,Raleigh Relays,"Mar 27, 2025",10000,4.935420028921561
37,"Olson, Arianne",SO-2,Notre Dame,2026.24,2025 Bryan Clay Invitational,"Apr 16, 2025",10000,4.935249526216046
38,"McNatt, Anna",SO-2,Princeton,2027.64,Wake Forest Invitational 2025,"Apr 17, 2025",10000,4.931841944329368
39,"Birimac, Katarina",SR-4,Fordham,2028.47,Penn Relays,"Apr 24, 2025",10000,4.929823955986532
40,"Synowiec, Madison",SR-4,Elon,2031.52,Raleigh Relays,"Mar 27, 2025",10000,4.922422619516421
41,"Chepkemoi, Edna",FR-1,LSU,2034.99,SEC Outdoor Track & Field Championships,"May 15, 2025",10000,4.91402906156787
42,"Turney, Payne",SR-4,Purdue,2037.75,2025 Bryan Clay Invitational,"Apr 16, 2025",10000,4.90737332842596
43,"Jortberg, Kate",JR-3,Georgia Tech,2038.68,Raleigh Relays,"Mar 27, 2025",10000,4.905134694998725
44,"Bushee, Gillian",SO-2,Virginia,2039.72,Raleigh Relays,"Mar 27, 2025",10000,4.9026336948208575
45,"Lavassas, Daphnee",SR-4,Miami (Fla.),2040.07,Wake Forest Invitational 2025,"Apr 17, 2025",10000,4.901792585548535
46,"Aramini, Amaya",FR-1,Notre Dame,2042.1,2025 Bryan Clay Invitational,"Apr 16, 2025",10000,4.896919837422262
47,"Kimutai, Blezzin",FR-1,Tulane,2046.66,Drake Relays,"Apr 23, 2025",10000,4.886009400682087
48,"DeBoer, Arianna",SR-4,William & Mary,2047.04,Raleigh Relays,"Mar 27, 2025",10000,4.885102391746131
49,"Hynes, Kaitlyn",JR-3,Michigan State,2047.19,Big Ten Outdoor Track & Field Championships,"May 16, 2025",10000,4.884744454593858
50,"Gilson, Ella",SR-4,Harvard,2049.5,Raleigh Relays,"Mar 27, 2025",10000,4.8792388387411565
