Bib,Name,Country,Division,Division_Rank,Overall_Time,Overall_Rank,Swim_Time,Swim_Rank,Bike_Time,Bike_Rank,Run_Time,Run_Rank,Finish_Status
761,Julie Pearson,Canada,F45-49,97,17:15:25,2122,1:16:46,926,8:57:00,2262,6:39:11,2037,Finisher
1285,Karen Bowers,United States,F45-49,96,17:07:07,2121,1:44:14,2233,8:23:33,2169,6:42:22,2057,Finisher
791,Jessie Sangster,United States,F40-44,84,17:05:05,2120,1:29:47,1860,8:21:07,2154,6:50:57,2086,Finisher
1671,Alicia Tufano,United States,F45-49,95,17:02:44,2119,1:38:14,2108,8:04:23,2040,6:54:47,2092,Finisher
2303,Lauren Alpert,United States,F40-44,83,17:00:42,2117,1:30:27,1879,8:45:28,2238,6:15:14,1868,Finisher
2361,Janet Carpenter,United States,F55-59,58,16:58:50,2113,1:23:18,1414,8:50:47,2246,6:19:15,1907,Finisher
612,Ann Benner,United States,F40-44,82,16:53:17,2104,1:27:18,1699,8:12:05,2108,6:50:15,2084,Finisher
1450,Carolyn Thieme,United States,F35-39,62,16:52:14,2100,1:36:46,2082,8:29:35,2194,6:21:17,1927,Finisher
233,Veronique St-Germain,Canada,F45-49,94,16:52:04,2098,1:35:46,2056,7:58:06,1985,6:43:46,2062,Finisher
1315,Laura Lagomasino,United States,F50-54,68,16:50:01,2095,1:50:26,2295,8:11:13,2098,6:18:08,1898,Finisher
2389,Kimbra Wellock,United States,F45-49,93,16:49:31,2094,1:15:41,847,8:43:15,2233,6:30:47,1994,Finisher
1986,Maureen Mcnamara,United States,F65-69,3,16:49:31,2093,1:24:29,1500,8:08:59,2083,6:53:26,2090,Finisher
824,Christina Cracolici,United States,F45-49,92,16:49:08,2092,1:24:06,1473,8:07:03,2068,6:57:00,2098,Finisher
298,Leslie Logan,United States,F65-69,2,16:48:56,2090,1:20:01,1170,7:37:51,1729,7:32:45,2136,Finisher
1167,Ellen Sheen,United States,F50-54,67,16:48:04,2085,1:39:38,2151,8:09:33,2086,6:32:08,2002,Finisher
1684,Akila Ogrady,United States,F40-44,81,16:44:52,2074,1:21:24,1277,8:19:36,2145,6:36:17,2019,Finisher
1893,Madison Howell,United States,F18-24,20,16:44:45,2073,1:41:32,2189,8:33:57,2208,6:06:26,1782,Finisher
1883,Epie Mojica,Dominican Republic,F60-64,22,16:42:48,2065,1:51:51,2309,8:17:51,2137,6:17:41,1891,Finisher
1331,Kelly Young,United States,F50-54,66,16:42:41,2064,1:31:59,1935,8:01:52,2017,6:37:13,2025,Finisher
1063,Sara Scott,United States,F45-49,91,16:41:47,2060,1:47:31,2267,8:09:49,2088,6:17:18,1884,Finisher
127,Kaitlyn French,United States,F25-29,37,16:40:46,2057,1:20:16,1193,8:22:52,2166,6:39:28,2039,Finisher
707,Cathy Minter,United States,F60-64,21,16:40:27,2055,2:07:31,2372,7:55:58,1958,6:12:07,1839,Finisher
128,Kelsey Morris,United States,F35-39,61,16:38:29,2046,1:29:10,1819,8:23:53,2174,6:23:22,1940,Finisher
1026,Melissa Batum,United States,F50-54,65,16:37:43,2045,1:25:40,1595,8:08:34,2079,6:37:48,2029,Finisher
2535,Michelle Tuchol,United States,F35-39,60,16:37:17,2044,1:31:46,1927,8:13:51,2113,6:34:11,2010,Finisher
660,Bethany Coleman,United States,F40-44,80,16:37:08,2043,1:30:35,1883,8:15:21,2120,6:25:24,1953,Finisher
1945,Amy Rosen,United States,F60-64,20,16:37:03,2042,1:14:01,721,8:11:48,2103,6:48:03,2079,Finisher
768,Julie Flood,United States,F50-54,64,16:36:39,2040,1:29:35,1843,8:49:22,2244,5:58:45,1701,Finisher
632,Caroline Samson,Canada,F50-54,63,16:36:25,2039,1:06:23,304,7:54:28,1939,7:18:11,2130,Finisher
902,Rachel Mcardle,United States,F50-54,62,16:33:47,2032,1:49:31,2285,7:39:19,1750,6:34:51,2014,Finisher
631,Isabel Cody,United States,F18-24,19,16:33:28,2030,1:29:43,1856,8:23:46,2170,6:23:30,1942,Finisher
2256,Emily Blakeslee,United States,F35-39,59,16:33:17,2029,1:22:58,1387,8:48:53,2242,6:02:11,1727,Finisher
685,Melissa Witt,United States,F40-44,79,16:31:31,2026,1:34:46,2032,8:14:07,2114,6:22:13,1932,Finisher
697,Melissa Murray,United States,F40-44,78,16:28:34,2013,1:55:21,2329,8:22:13,2162,5:50:36,1615,Finisher
2474,Kimberly Lynch,United States,F60-64,19,16:27:15,2008,1:19:47,1145,8:01:39,2015,6:38:10,2031,Finisher
2094,Lauren Chamberlain,United States,F35-39,58,16:25:35,1999,1:57:10,2336,7:57:01,1971,6:12:10,1841,Finisher
2095,Christina Chamberlain,United States,F40-44,77,16:25:33,1998,1:57:11,2337,7:56:59,1970,6:12:09,1840,Finisher
2359,Becky Shrader,United States,F45-49,90,16:24:39,1995,1:47:04,2263,8:10:53,2093,5:47:57,1572,Finisher
834,Fancy Flores-Bernhagen,United States,F40-44,76,16:24:24,1992,1:32:37,1964,8:22:02,2158,6:04:11,1756,Finisher
155,Angela Paternostro-Pfister,United States,F45-49,89,16:23:37,1989,1:34:22,2025,7:32:01,1663,6:56:53,2096,Finisher
1245,Jill Glasgow,United States,F45-49,88,16:23:34,1988,1:17:57,1016,7:56:43,1967,6:49:26,2083,Finisher
1428,Kristin Harris,United States,F50-54,61,16:22:36,1984,1:27:27,1714,7:16:49,1451,7:07:15,2122,Finisher
1448,Dee Lincoln,United States,F60-64,18,16:21:28,1981,1:31:28,1914,8:22:05,2159,6:02:02,1726,Finisher
2185,Wendy Mcdonald,United States,F50-54,60,16:20:20,1975,1:23:18,1411,8:17:34,2135,6:23:41,1945,Finisher
2520,Rebecca Kibbee,United States,F50-54,59,16:20:06,1974,1:49:45,2287,8:15:36,2122,5:52:37,1636,Finisher
1628,Dina Stclaire,United States,F55-59,57,16:19:47,1972,1:28:01,1753,8:25:27,2184,5:58:11,1691,Finisher
1024,Dana Clewlow-Bray,United States,F50-54,58,16:19:04,1968,1:22:36,1363,7:59:54,2001,6:32:04,2001,Finisher
1846,Danielle Freebern,United States,F40-44,75,16:19:04,1967,1:28:57,1806,8:07:42,2075,6:20:08,1916,Finisher
1978,Jeanine Whittle,Canada,F50-54,57,16:18:55,1966,1:31:40,1922,7:27:10,1595,6:41:04,2047,Finisher
2005,Lila Conners,United States,F18-24,18,16:18:51,1964,1:27:38,1726,8:23:17,2168,6:03:14,1743,Finisher
2382,Jane Brown,United States,F55-59,56,16:18:00,1959,1:45:02,2241,8:08:26,2078,5:51:58,1629,Finisher
840,Erica Dodge,United States,F40-44,74,16:17:58,1958,1:20:04,1180,8:07:47,2077,6:15:14,1869,Finisher
1894,Jessica Wargo,United States,F45-49,87,16:17:04,1955,1:32:04,1939,7:49:57,1885,6:34:40,2012,Finisher
1682,Donna Picerno,United States,F45-49,86,16:16:43,1953,1:34:53,2035,8:07:14,2071,6:06:13,1780,Finisher
1902,Catherine Pinkston,United States,F40-44,73,16:16:33,1952,1:16:52,937,7:50:15,1888,6:55:09,2093,Finisher
1917,Kelly Mumber,United States,F45-49,85,16:16:28,1951,1:27:13,1696,8:11:26,2101,6:06:37,1786,Finisher
1291,Alexandra Floras,Canada,F40-44,72,16:14:01,1946,1:28:41,1787,7:53:35,1928,6:27:13,1966,Finisher
1512,Emily Kelly,United States,F45-49,84,16:13:58,1945,1:46:49,2259,7:50:22,1891,6:18:02,1895,Finisher
2324,Esther Younger,United States,F25-29,36,16:13:27,1944,1:29:36,1846,8:30:43,2200,5:54:22,1654,Finisher
740,Priscilla Otto,United States,F40-44,71,16:13:21,1943,1:27:20,1705,8:06:33,2059,6:14:58,1864,Finisher
1885,Lisa Adelson,United States,F55-59,55,16:12:51,1942,1:46:30,2254,8:20:58,2153,5:43:25,1518,Finisher
1075,Jennifer Marinaccio,United States,F45-49,83,16:11:59,1939,1:33:51,2004,8:07:47,2076,6:02:20,1732,Finisher
1326,Lia Belardo,Italy,F40-44,70,16:11:53,1938,1:44:52,2239,7:52:55,1922,6:18:33,1901,Finisher
649,Nathalie Gardon,United States,F60-64,17,16:11:21,1935,1:41:24,2185,7:39:44,1754,6:29:22,1980,Finisher
1957,Deirdre Laundry,Canada,F30-34,54,16:11:19,1934,1:37:37,2097,8:35:51,2216,5:45:08,1540,Finisher
1786,Amy Fernandes-Major,United States,F40-44,69,16:11:07,1930,1:38:43,2120,8:15:47,2123,5:57:22,1681,Finisher
1254,Mary Bauer,United States,F50-54,56,16:10:58,1928,1:22:53,1384,7:50:25,1892,6:36:43,2021,Finisher
1865,Carmel Smyth,Canada,F60-64,16,16:10:24,1925,1:39:55,2162,8:19:33,2144,5:46:02,1554,Finisher
719,Theresa Plant,United States,F35-39,57,16:10:04,1924,1:18:10,1029,7:45:53,1830,6:37:04,2024,Finisher
897,Tanya Marshall,United States,F50-54,55,16:09:27,1923,1:39:10,2137,7:50:51,1899,6:11:39,1831,Finisher
2301,Kore Guenzel,United States,F35-39,56,16:07:52,1917,1:54:52,2323,8:19:55,2146,5:36:30,1447,Finisher
1824,Joanne Vanhorne,United States,F50-54,54,16:07:16,1913,1:42:57,2216,7:38:08,1733,6:27:11,1965,Finisher
1143,Kimberly Erdner,United States,F40-44,68,16:06:28,1912,1:29:04,1810,8:25:26,2183,5:45:46,1549,Finisher
1138,Meridith Leubner,United States,F45-49,82,16:06:12,1911,1:40:41,2175,7:22:04,1528,6:34:07,2009,Finisher
371,Shannon Rexrode,United States,F45-49,81,16:05:24,1910,1:15:55,863,7:47:25,1851,6:41:02,2046,Finisher
2262,Karen Scheffler,United States,F55-59,54,16:03:12,1905,1:33:21,1984,8:03:05,2027,5:51:22,1625,Finisher
1992,Marie Bosman,United States,F60-64,15,16:01:59,1901,1:21:03,1249,7:56:40,1966,6:18:12,1899,Finisher
1674,Jessica Hernandez,United States,F45-49,80,16:01:47,1898,1:21:39,1299,7:21:48,1526,6:45:30,2069,Finisher
708,Lori Morford,United States,F40-44,67,16:00:54,1896,1:25:55,1615,7:52:14,1912,6:24:02,1947,Finisher
1154,Eileen Neville,United States,F55-59,53,15:59:12,1891,1:24:49,1534,7:31:32,1656,6:40:55,2045,Finisher
832,Fen Liu,United States,F45-49,79,15:59:02,1889,1:31:07,1901,8:01:12,2010,6:04:12,1757,Finisher
654,Tatiana Perova,United States,F40-44,66,15:58:16,1888,1:23:50,1456,8:33:57,2209,5:31:44,1403,Finisher
691,Marlo Signoracci,United States,F50-54,53,15:57:59,1886,1:27:00,1681,7:57:16,1977,6:03:52,1752,Finisher
1605,Lori Klein,United States,F45-49,78,15:57:43,1884,1:23:54,1460,8:22:09,2161,5:54:36,1656,Finisher
2404,Andrea Peterson,United States,F45-49,77,15:57:28,1883,1:20:57,1241,7:53:45,1930,6:13:23,1851,Finisher
1251,Amanda Yohn,United States,F35-39,55,15:57:08,1881,1:32:53,1972,7:52:39,1918,6:17:54,1894,Finisher
1617,Michelle Kennemer,United States,F45-49,76,15:56:40,1876,1:28:37,1783,8:15:11,2118,5:51:21,1624,Finisher
1163,Cherie Hendrickson,United States,F35-39,54,15:56:15,1873,1:29:27,1836,7:55:00,1950,6:14:45,1863,Finisher
1961,Nathalie Savaria,Canada,F55-59,52,15:55:16,1864,1:36:35,2077,7:53:39,1929,5:56:24,1674,Finisher
863,Julie Woody,United States,F45-49,75,15:55:04,1863,1:53:35,2318,8:14:08,2115,5:20:20,1255,Finisher
1113,Allison Lattanzio,United States,F55-59,51,15:53:25,1855,1:29:30,1841,7:27:59,1608,6:20:04,1914,Finisher
129,Karabeth Vanick,United States,F40-44,65,15:52:15,1850,1:44:00,2229,8:06:20,2057,5:32:57,1411,Finisher
255,Nancy Groot,Netherlands,F50-54,52,15:51:53,1848,1:49:35,2286,7:35:17,1705,6:09:53,1814,Finisher
1498,Greta Pittenger,United States,F35-39,53,15:51:37,1846,1:08:36,397,8:32:47,2205,5:49:54,1600,Finisher
2452,Kaitlin Wilcox,United States,F30-34,53,15:51:04,1844,1:41:27,2187,7:55:24,1953,5:49:26,1591,Finisher
1066,Rachel Macdonald,United States,F35-39,52,15:50:50,1843,1:38:32,2112,7:56:25,1963,5:49:58,1603,Finisher
2538,Laura Velasquez,United States,F35-39,51,15:50:41,1842,1:03:28,208,8:13:44,2112,6:08:48,1805,Finisher
958,Christine Freda,United States,F45-49,74,15:49:47,1836,1:30:56,1894,8:03:14,2029,5:56:26,1675,Finisher
1664,Tanya Carbone,United States,F50-54,51,15:49:34,1835,1:16:46,925,7:47:05,1848,6:28:57,1975,Finisher
1613,Anna Ratana,Thailand,F30-34,52,15:49:32,1834,1:09:42,469,7:51:20,1904,6:32:00,2000,Finisher
648,Jennifer Manning,United States,F35-39,50,15:49:22,1832,1:24:32,1504,7:38:36,1742,6:12:05,1838,Finisher
1513,Jane Wolfe,Canada,F60-64,14,15:48:45,1830,1:09:55,479,6:53:58,1112,7:19:35,2133,Finisher
1531,Jessica Geide,United States,F35-39,49,15:48:00,1826,1:34:13,2017,8:00:14,2003,5:37:29,1459,Finisher
1197,Mackenzie Mcnamara,United States,F35-39,48,15:47:36,1825,1:14:18,744,7:52:58,1923,6:17:43,1892,Finisher
940,Kelly Sullivan,United States,F45-49,73,15:46:36,1821,1:29:41,1851,8:32:35,2203,5:26:05,1324,Finisher
1083,Carrie Ludwig,United States,F55-59,50,15:46:08,1819,1:40:06,2167,7:22:18,1531,6:19:22,1908,Finisher
2099,Yuhong Gong,Canada,F55-59,49,15:45:41,1818,1:33:48,2001,7:56:38,1965,5:56:58,1679,Finisher
1787,Elena Afanasenkov,United States,F55-59,48,15:45:38,1816,1:38:33,2113,7:49:16,1875,5:55:12,1662,Finisher
1543,Danielle Wertz,United States,F35-39,47,15:44:18,1811,1:40:24,2174,7:44:40,1819,5:59:41,1708,Finisher
2064,Chloé Gourde-Bureau,Canada,F35-39,46,15:43:59,1808,1:25:37,1592,7:40:15,1758,6:11:55,1835,Finisher
2545,Reka Somodi,United States,F45-49,72,15:43:55,1807,1:33:47,2000,8:16:52,2129,5:27:03,1339,Finisher
1546,Krista Devitt,United States,F25-29,35,15:42:35,1801,1:21:28,1281,7:53:48,1932,6:03:23,1745,Finisher
1545,Kate Sitler,United States,F60-64,13,15:42:34,1800,1:21:29,1283,7:53:46,1931,6:03:23,1744,Finisher
1692,Fauzia Hm,Canada,F40-44,64,15:42:04,1796,1:31:12,1906,8:24:27,2177,5:27:51,1355,Finisher
503,Holli Mulholland,United States,F45-49,71,15:40:39,1789,1:36:07,2061,7:52:06,1910,5:45:00,1537,Finisher
1626,Sarah Atkinson,United States,F45-49,70,15:40:12,1785,1:58:40,2345,8:10:59,2094,5:12:27,1153,Finisher
1509,Cheryl Blenk,United States,F55-59,47,15:39:53,1784,1:08:52,414,7:49:22,1876,6:21:22,1928,Finisher
1924,Karen Sutton,United States,F45-49,69,15:39:24,1781,1:27:57,1746,7:43:39,1811,6:06:30,1784,Finisher
638,Julia Gregoire,United States,F35-39,45,15:39:12,1780,1:27:55,1743,7:51:22,1905,5:56:03,1670,Finisher
853,Stephanie Cohen,United States,F50-54,50,15:39:08,1779,1:16:34,914,7:23:31,1550,6:38:36,2033,Finisher
2393,Jillian Culver,United States,F35-39,44,15:38:41,1777,1:29:41,1850,7:26:06,1584,6:17:48,1893,Finisher
1309,Rachel Lofland,United States,F50-54,49,15:37:50,1776,1:29:28,1838,7:39:45,1755,6:03:31,1747,Finisher
2065,Guylaine Proulx,Canada,F45-49,68,15:37:03,1770,1:21:32,1288,8:09:04,2084,5:35:07,1437,Finisher
794,Grace Clarke,United States,F25-29,34,15:37:02,1769,1:20:09,1186,7:56:04,1960,5:57:16,1680,Finisher
1369,Sarah Bastajian,United States,F40-44,63,15:36:57,1767,1:28:58,1807,7:25:16,1569,6:02:33,1736,Finisher
1359,Jennifer Castillo,United States,F30-34,51,15:36:08,1765,1:29:20,1829,7:46:12,1837,6:01:58,1725,Finisher
1845,Jodi Plante,United States,F50-54,48,15:35:50,1763,1:21:15,1262,7:23:58,1556,6:16:38,1880,Finisher
1828,Karen Scott,United Kingdom,F55-59,46,15:35:14,1761,1:27:45,1730,7:35:05,1701,6:09:12,1809,Finisher
1042,Tina Devlin,United States,F50-54,47,15:35:03,1760,1:41:06,2181,7:54:39,1945,5:31:50,1404,Finisher
1825,Tricia Powell,United States,F50-54,46,15:34:18,1757,1:27:11,1693,7:59:26,1998,5:41:21,1497,Finisher
1221,Nicolle Baker,United States,F40-44,62,15:33:57,1756,1:36:58,2086,7:43:20,1805,5:52:06,1631,Finisher
2044,Chloe Purcell,Australia,F40-44,61,15:33:36,1753,1:22:13,1333,7:47:04,1847,5:53:35,1649,Finisher
692,Kimberly Lancaster,United States,F40-44,60,15:33:27,1752,1:24:43,1522,7:45:23,1826,5:58:42,1700,Finisher
2079,Patricia Pilachowski,United States,F55-59,45,15:32:55,1748,1:16:05,878,7:49:34,1880,6:05:29,1772,Finisher
2027,Kristen Nally,United States,F30-34,50,15:32:18,1742,1:28:50,1798,7:46:34,1842,5:53:16,1643,Finisher
1313,Leah Frank,United States,F45-49,67,15:31:36,1737,1:16:00,871,7:49:07,1874,5:49:43,1596,Finisher
1850,Molly Serfass,United States,F30-34,49,15:30:39,1732,1:04:12,227,7:52:48,1921,6:12:59,1846,Finisher
500,Corinne Boyle,United States,F18-24,17,15:30:29,1730,1:02:22,184,7:41:23,1781,6:25:36,1955,Finisher
1867,Elizabeth Leaderman,United States,F45-49,66,15:29:55,1727,1:13:28,681,7:36:01,1713,6:17:27,1887,Finisher
1598,Xiaozhi Crystal Ye,United States,F50-54,45,15:28:58,1723,1:41:39,2190,7:56:54,1968,5:22:47,1286,Finisher
1099,Lacey Schmidt,United States,F35-39,43,15:28:57,1722,1:33:56,2007,7:31:16,1653,5:57:44,1683,Finisher
1116,Carla Setzler,United States,F45-49,65,15:28:40,1719,1:28:24,1768,7:54:22,1936,5:48:59,1587,Finisher
309,Jennifer Rickard,United States,F45-49,64,15:27:47,1715,1:27:59,1751,7:52:27,1916,5:50:48,1618,Finisher
731,Katie Mitchell,United States,F45-49,63,15:27:29,1712,1:25:15,1567,6:53:38,1106,6:45:45,2071,Finisher
1324,Kristin Schmidt,United States,F35-39,42,15:26:51,1710,1:28:22,1767,7:30:47,1649,5:57:38,1682,Finisher
729,Nicole Sabbatino,United States,F40-44,59,15:25:57,1708,1:12:10,617,7:31:17,1654,6:21:59,1931,Finisher
565,Jodi Huckabee,United States,F45-49,62,15:25:33,1705,1:17:52,1008,7:35:46,1710,6:10:09,1819,Finisher
1228,Michela Cole,United States,F18-24,16,15:25:32,1704,1:19:52,1160,7:59:24,1997,5:33:28,1423,Finisher
2151,Vesna Kondic,Canada,F50-54,44,15:24:59,1700,1:27:26,1713,7:38:31,1740,5:49:41,1595,Finisher
2173,Margaret Hazlett,United States,F55-59,44,15:24:51,1698,1:12:24,630,7:01:06,1214,6:52:34,2088,Finisher
623,Louise Chercuitte,Canada,F60-64,12,15:24:38,1696,1:23:12,1405,8:06:18,2056,5:27:26,1344,Finisher
2459,Nadine Gilbert,Canada,F50-54,43,15:24:25,1695,1:34:10,2016,7:28:34,1613,5:54:45,1657,Finisher
928,Julie Whittemore,United States,F45-49,61,15:22:56,1688,1:29:05,1811,8:06:56,2066,5:22:25,1283,Finisher
850,Sally Sherman,United States,F45-49,60,15:22:55,1687,1:27:38,1725,7:38:31,1739,5:59:53,1710,Finisher
584,Kathleen Bergin,United States,F45-49,59,15:22:04,1680,1:09:32,463,7:41:27,1783,6:13:50,1857,Finisher
1666,Nicole Mammina,United States,F40-44,58,15:21:50,1676,1:34:03,2014,7:49:29,1878,5:34:31,1433,Finisher
2350,Lisa Brink,United States,F50-54,42,15:20:59,1672,1:27:52,1740,7:34:55,1698,5:54:26,1655,Finisher
1847,Nicole Kellogg,United States,F40-44,57,15:20:56,1670,1:11:03,548,7:26:52,1592,6:15:45,1873,Finisher
1006,Shari Bashaw,United States,F60-64,11,15:20:40,1667,1:34:18,2022,7:52:14,1913,5:30:57,1394,Finisher
2536,Tijana Panic,Canada,F18-24,15,15:20:36,1666,1:32:51,1970,8:22:05,2160,4:57:13,946,Finisher
1415,Kerry Blackmer,United States,F45-49,58,15:20:05,1665,1:39:04,2129,7:48:13,1861,5:29:18,1372,Finisher
1336,Callie Beach,United States,F55-59,43,15:20:03,1663,1:35:33,2050,8:03:19,2031,5:10:19,1127,Finisher
602,Mary Duprey,United States,F65-69,1,15:19:55,1660,1:20:18,1195,6:55:56,1135,6:42:03,2053,Finisher
1293,Lori Bortolot,United States,F45-49,57,15:19:19,1653,1:20:17,1194,7:50:07,1887,5:45:52,1551,Finisher
1809,Stacey Finch,Canada,F45-49,56,15:19:02,1650,1:16:51,935,8:00:51,2009,5:37:27,1458,Finisher
1994,Cindy Wang,United States,F40-44,56,15:19:00,1649,1:32:37,1966,7:50:22,1890,5:35:00,1436,Finisher
1852,Joni Moore,United States,F55-59,42,15:18:50,1648,1:26:00,1622,7:11:12,1375,6:21:02,1924,Finisher
374,Amy Fletcher,United States,F55-59,41,15:18:48,1647,1:21:22,1274,7:19:43,1492,6:17:30,1888,Finisher
510,Francine Perrault,United States,F60-64,10,15:17:48,1641,2:01:14,2353,7:52:39,1919,4:57:09,944,Finisher
2090,Audra Kowalczyk,United States,F30-34,48,15:17:37,1638,1:45:09,2242,7:30:33,1646,5:45:46,1548,Finisher
1128,Catherine Kost,United States,F50-54,41,15:17:30,1635,1:29:47,1861,7:25:37,1577,5:59:42,1709,Finisher
314,Nicole Krumrei,United States,F45-49,55,15:16:54,1633,1:31:43,1924,6:46:52,998,6:45:40,2070,Finisher
2372,Karine Champagne,Canada,F40-44,55,15:16:30,1631,1:38:00,2105,7:50:58,1902,5:23:03,1290,Finisher
2344,Ameilie Samson,Canada,F30-34,47,15:14:46,1616,1:32:34,1960,7:43:03,1800,5:36:24,1445,Finisher
197,Claire Colebrook,United States,F55-59,40,15:13:49,1611,1:39:03,2127,8:01:36,2013,5:10:28,1134,Finisher
2128,Jennifer Rollberg,United States,F50-54,40,15:13:22,1609,1:46:17,2253,7:36:03,1714,5:29:22,1373,Finisher
501,Nanette Hatch,United States,F55-59,39,15:12:31,1606,1:23:00,1393,7:57:16,1976,5:29:02,1368,Finisher
1363,Elle Green,United States,F40-44,54,15:12:01,1603,1:31:26,1913,7:56:02,1959,5:24:08,1303,Finisher
1827,Madeleine Hale,United States,F25-29,33,15:11:49,1601,1:23:18,1413,7:43:28,1809,5:43:17,1517,Finisher
144,Heather Canali,Canada,F45-49,54,15:11:45,1600,1:34:15,2020,7:37:52,1731,5:38:55,1471,Finisher
1615,Nicole Kraus,United States,F45-49,53,15:11:41,1598,1:34:59,2038,7:52:28,1917,5:22:58,1288,Finisher
586,Suzanne Stites,United States,F55-59,38,15:08:35,1582,1:31:57,1933,7:17:12,1458,5:52:53,1637,Finisher
676,Lisa Stephenson,United States,F50-54,39,15:07:49,1580,1:18:16,1037,8:03:54,2035,5:26:21,1329,Finisher
749,Kim O'Callaghan,United States,F60-64,9,15:07:18,1577,1:23:05,1398,6:58:12,1177,6:23:49,1946,Finisher
1046,Julie Sadar,United States,F45-49,52,15:06:45,1573,1:23:00,1392,7:12:00,1382,6:10:17,1821,Finisher
1459,Gina Lafrazza,United States,F45-49,51,15:06:18,1571,1:22:33,1358,7:18:12,1469,6:07:14,1792,Finisher
1976,Christina Pitchford,United States,F40-44,53,15:05:43,1567,1:11:52,598,7:06:30,1304,6:28:56,1974,Finisher
821,Laurie Scheuing,United States,F55-59,37,15:05:23,1565,1:29:04,1809,7:41:36,1784,5:38:21,1467,Finisher
582,Morgan Francis,United States,F50-54,38,15:05:19,1564,1:15:22,816,7:16:24,1440,6:13:53,1858,Finisher
1049,Mayra Gonzalez,United States,F45-49,50,15:05:05,1561,1:20:23,1201,7:50:53,1901,5:37:52,1462,Finisher
2284,Susan Godfrey,United States,F45-49,49,15:04:17,1559,1:10:09,493,7:52:41,1920,5:45:54,1552,Finisher
2228,Christine Weech,Canada,F45-49,48,15:03:47,1556,1:17:38,988,7:14:27,1415,6:15:02,1866,Finisher
2279,Kathy Kulasa,United States,F45-49,47,15:03:36,1555,1:43:10,2218,7:16:47,1450,5:46:13,1556,Finisher
199,Jamie Munson,United States,F45-49,46,15:03:33,1554,1:10:54,535,8:06:50,2063,5:23:13,1291,Finisher
1264,Kaitlin Bengyak,United States,F40-44,52,15:01:44,1549,1:27:08,1690,7:23:19,1546,5:50:20,1610,Finisher
810,Bethany Boll,United States,F35-39,41,15:00:33,1542,1:23:58,1464,8:29:52,2196,4:41:38,740,Finisher
933,Kelly Diggs,United States,F55-59,36,14:59:45,1538,1:31:35,1920,7:20:06,1499,5:46:54,1562,Finisher
2117,Patricia Cummings,United States,F45-49,45,14:59:44,1537,1:25:57,1618,8:16:39,2128,4:53:35,897,Finisher
823,Renee Towne,United States,F40-44,51,14:59:31,1535,1:15:24,820,7:45:25,1827,5:34:36,1434,Finisher
581,Melissa Crane,United States,F50-54,37,14:58:20,1529,1:49:08,2279,7:15:03,1423,5:31:13,1398,Finisher
2497,Xiodan You,United States,F40-44,50,14:57:47,1526,1:44:47,2238,7:47:28,1852,5:02:59,1017,Finisher
846,Danielle Winkler,United States,F50-54,36,14:57:22,1523,1:19:51,1156,7:48:42,1870,5:27:02,1338,Finisher
1425,Chanelle Pelton,United States,F30-34,46,14:56:37,1521,1:19:24,1122,7:55:40,1955,5:19:31,1241,Finisher
1399,Gabrielle Rollinson,United Kingdom,F45-49,44,14:56:28,1517,1:20:32,1210,7:51:19,1903,5:20:18,1254,Finisher
869,Lindsay Launius,United States,F40-44,49,14:56:19,1516,1:14:31,767,7:15:22,1429,6:02:58,1742,Finisher
658,Taressa Van Dam,United States,F30-34,45,14:55:32,1508,1:21:58,1322,7:04:50,1271,6:08:13,1800,Finisher
617,Laura Rachita,United States,F50-54,35,14:55:27,1507,1:26:54,1673,7:13:53,1409,5:52:55,1638,Finisher
1195,Molly Hammell,United States,F30-34,44,14:54:06,1500,1:24:59,1547,7:40:49,1767,5:27:43,1353,Finisher
1319,Megan Lavoie,United States,F45-49,43,14:53:53,1497,1:25:35,1587,7:48:39,1869,5:23:00,1289,Finisher
932,Jill Beccaris-Pescatore,United States,F55-59,35,14:53:52,1496,1:34:39,2029,7:34:05,1684,5:27:38,1351,Finisher
211,Makayla Clauson,United States,F18-24,14,14:51:30,1487,1:24:41,1518,8:25:12,2182,4:48:02,821,Finisher
1891,Jennifer Sager,United States,F30-34,43,14:50:41,1482,1:32:43,1968,7:37:08,1721,5:21:38,1275,Finisher
619,Jaquelin Hubbard,United States,F40-44,48,14:50:16,1480,1:12:18,623,6:20:16,592,6:59:18,2103,Finisher
995,Sharon Michaelson,United States,F60-64,8,14:49:12,1475,1:38:41,2117,7:10:12,1357,5:33:24,1419,Finisher
2267,Erika Banach,United States,F40-44,47,14:47:42,1469,1:21:50,1310,7:54:29,1941,5:17:19,1223,Finisher
1930,Amy Brown,Canada,F55-59,34,14:46:40,1466,1:22:51,1380,7:02:50,1242,5:55:24,1664,Finisher
1928,Brenda Young,Canada,F55-59,33,14:46:38,1465,1:33:20,1983,7:02:48,1241,5:55:25,1665,Finisher
1650,Lindsay Horbatuck,United States,F30-34,42,14:46:35,1464,1:29:24,1833,7:48:57,1872,5:14:01,1167,Finisher
302,Mary Guertin,United States,F55-59,32,14:45:07,1457,1:49:51,2288,6:24:05,645,6:12:44,1845,Finisher
1919,Christine Monaghan,United States,F45-49,42,14:45:06,1456,1:17:28,981,7:15:54,1433,5:43:47,1523,Finisher
1765,Kelley Thibodeau,United States,F50-54,34,14:45:04,1455,1:21:58,1323,6:47:52,1014,6:16:53,1883,Finisher
145,Joline Fong,United States,F18-24,13,14:45:03,1454,1:09:15,438,8:02:48,2024,5:11:00,1143,Finisher
320,Heather Bullis-Cruz,United States,F55-59,31,14:44:58,1453,1:18:07,1024,7:10:33,1362,5:56:10,1671,Finisher
725,Katherine Treacy,United States,F18-24,12,14:43:56,1448,1:03:32,210,7:21:55,1527,6:04:40,1763,Finisher
237,Kristin Stuart,United States,F30-34,41,14:43:28,1444,1:50:39,2297,7:40:34,1761,4:53:04,889,Finisher
1390,Ashley Zahm,United States,F40-44,46,14:43:02,1443,1:24:24,1494,7:49:32,1879,5:07:33,1086,Finisher
931,Ann Thoresen,United States,F55-59,30,14:41:57,1433,1:41:31,2188,7:46:21,1839,4:58:17,960,Finisher
1058,Jennifer Corelli,Canada,F40-44,45,14:41:42,1430,1:21:28,1282,7:08:20,1329,5:49:58,1604,Finisher
2108,Leah Reinberger,Canada,F45-49,41,14:40:57,1424,1:43:49,2228,7:25:08,1566,5:15:52,1197,Finisher
1402,Natalie Parent,Canada,F40-44,44,14:40:20,1421,1:22:56,1386,7:40:41,1762,5:13:56,1165,Finisher
1443,Kelly Heil,United States,F40-44,43,14:40:18,1420,1:16:15,890,7:40:54,1768,5:20:52,1262,Finisher
1351,Hillary Prager,United States,F35-39,40,14:39:46,1417,1:28:03,1756,7:47:48,1856,5:05:43,1059,Finisher
1460,Shannon Hunsicker,United States,F45-49,40,14:39:22,1415,1:23:50,1457,7:20:13,1503,5:37:32,1460,Finisher
1447,Carlie Hildenbrand,United States,F25-29,32,14:39:12,1414,1:25:33,1584,7:59:02,1994,4:51:48,873,Finisher
590,Christina Hahn,United States,F35-39,39,14:38:45,1411,1:16:48,929,6:54:06,1116,6:07:01,1791,Finisher
2184,Melanie Chapman,Canada,F45-49,39,14:38:31,1409,1:33:58,2008,7:32:09,1665,5:20:53,1263,Finisher
675,Elizabeth Oshea,United States,F50-54,33,14:38:12,1406,1:28:36,1781,7:43:42,1812,5:02:10,1009,Finisher
338,Karen Gale,Australia,F50-54,32,14:37:56,1404,1:25:56,1617,7:31:53,1660,5:21:06,1267,Finisher
813,Vanessa Dicicco,United States,F50-54,31,14:36:39,1402,1:26:21,1639,7:16:41,1445,5:28:42,1362,Finisher
2353,Jill Smith Nicholas,United States,F40-44,42,14:36:12,1401,1:29:22,1831,8:06:38,2061,4:26:43,562,Finisher
1946,Jennifer El Sherif,United States,F50-54,30,14:35:58,1398,1:01:53,174,7:22:38,1533,5:56:41,1677,Finisher
1241,Teresa Davenport,United States,F40-44,41,14:35:36,1397,1:14:38,773,7:23:06,1544,5:38:04,1464,Finisher
2208,Clarence Paquin,Canada,F25-29,31,14:32:40,1379,1:28:53,1801,7:54:53,1949,4:47:49,819,Finisher
845,Nancy Clinkenbeard,United States,F55-59,29,14:32:13,1377,1:19:48,1149,7:41:46,1785,5:15:57,1199,Finisher
757,Alexandra Mcgee,United States,F18-24,11,14:32:10,1376,1:28:42,1789,7:41:13,1776,5:05:36,1055,Finisher
2285,Anakin Mcmahon,Canada,F18-24,10,14:31:45,1375,1:10:56,536,7:07:30,1318,5:56:37,1676,Finisher
2566,Kim Hoang Trinh,Canada,F30-34,40,14:30:21,1365,1:27:33,1720,7:44:42,1820,4:43:34,767,Finisher
2513,Katherine Jones,United States,F30-34,39,14:29:51,1363,1:39:50,2158,7:32:44,1670,4:58:38,966,Finisher
2529,Breana Siljander,United States,F30-34,38,14:29:49,1362,1:25:56,1616,7:55:13,1951,4:48:56,831,Finisher
901,Karin Whetzel,United States,F40-44,40,14:29:26,1360,1:25:53,1612,7:30:21,1641,5:08:29,1096,Finisher
1732,Carol Kilner,Canada,F55-59,28,14:28:58,1358,1:28:04,1758,7:20:22,1505,5:19:00,1239,Finisher
1439,Alise James,United States,F30-34,37,14:28:36,1355,1:05:43,275,7:14:48,1420,5:40:55,1493,Finisher
2058,Dieyi Situ,Canada,F50-54,29,14:28:32,1352,1:43:13,2221,7:21:13,1516,4:56:11,934,Finisher
396,Tracy Kramer,United States,F55-59,27,14:27:49,1347,1:17:36,987,7:11:10,1372,5:28:44,1364,Finisher
1426,Lisa Pizzuto,United States,F55-59,26,14:27:19,1341,1:05:26,270,7:19:05,1479,5:44:29,1530,Finisher
961,Megan Stever,Canada,F35-39,38,14:27:05,1337,1:13:31,685,7:25:48,1581,5:26:42,1332,Finisher
136,Elizabeth Wood,United States,F55-59,25,14:26:15,1329,1:13:38,695,7:04:18,1263,5:49:15,1589,Finisher
1388,Laura Stanley,United States,F55-59,24,14:25:07,1321,1:19:31,1130,7:33:27,1679,5:10:07,1121,Finisher
1745,Jessica Testerman,United States,F45-49,38,14:23:46,1316,1:15:59,869,7:29:13,1624,5:17:19,1224,Finisher
1424,Dana Finch,United States,F35-39,37,14:23:41,1315,1:16:53,938,7:07:41,1320,5:41:17,1496,Finisher
597,Holly Wittsack,United States,F40-44,39,14:23:33,1314,1:02:10,178,7:35:10,1702,5:29:00,1367,Finisher
504,Heather Frank,United States,F50-54,28,14:23:24,1313,1:12:16,621,6:54:11,1118,5:54:56,1658,Finisher
671,Amelie Boudreau,Canada,F30-34,36,14:22:55,1312,1:13:18,672,7:12:05,1385,5:40:44,1491,Finisher
905,Joey Gordon,United States,F50-54,27,14:21:49,1308,1:25:40,1596,7:48:55,1871,4:45:07,784,Finisher
1158,Claire Bruce,United States,F30-34,35,14:21:29,1305,1:29:37,1848,6:52:02,1080,5:42:24,1506,Finisher
1577,Ailing Wang,United States,F60-64,7,14:20:31,1298,1:21:44,1303,7:56:57,1969,4:39:12,715,Finisher
2420,Andrea Velas,United States,F40-44,38,14:20:28,1297,1:32:29,1951,7:16:16,1439,5:10:55,1139,Finisher
730,Stephanie Nebenzahl,United States,F40-44,37,14:19:16,1294,1:18:17,1038,7:42:51,1799,4:57:27,949,Finisher
1663,Erica Jennings,United States,F30-34,34,14:18:48,1292,1:12:51,651,7:27:52,1606,5:23:15,1292,Finisher
1835,Dora Tavel-Sanchez Luz,United States,F50-54,26,14:18:17,1286,1:24:41,1519,7:30:23,1642,5:04:27,1035,Finisher
566,Colleen Porter,United States,F45-49,37,14:17:24,1283,1:14:07,730,6:53:15,1103,5:53:34,1647,Finisher
884,Mary White,United States,F60-64,6,14:16:38,1276,1:19:18,1117,7:21:27,1517,5:09:44,1111,Finisher
1312,Tristan Pike,United States,F30-34,33,14:16:10,1275,1:11:16,562,7:18:52,1474,5:28:10,1356,Finisher
1764,Maria Drazek,United States,F35-39,36,14:14:44,1268,1:28:31,1776,6:51:19,1068,5:29:10,1370,Finisher
1013,Jennifer Nasto,United States,F50-54,25,14:14:35,1267,1:26:06,1626,7:33:52,1682,4:48:41,827,Finisher
1758,Alexandria Marr,United States,F30-34,32,14:14:01,1265,1:23:32,1440,7:19:27,1488,5:04:51,1043,Finisher
981,Alison Alcantara,United States,F35-39,35,14:13:54,1263,1:16:05,879,6:57:45,1171,5:40:21,1486,Finisher
1185,Therese Dymek,United States,F50-54,24,14:13:15,1261,1:08:31,393,7:27:29,1601,5:14:44,1180,Finisher
1843,Jessica Decker,United States,F35-39,34,14:13:04,1258,1:15:45,854,6:48:55,1031,5:47:53,1571,Finisher
1079,Makenzie Ludwig,United States,F25-29,30,14:12:08,1252,1:18:29,1061,6:58:55,1189,5:34:21,1431,Finisher
1659,Daria Bakina,United States,F35-39,33,14:11:43,1250,1:08:00,370,7:17:41,1464,5:25:58,1320,Finisher
1665,Andrea Kay,United States,F50-54,23,14:11:35,1248,1:18:41,1075,7:35:21,1706,4:55:36,922,Finisher
1734,Stephanie Filion,Canada,F35-39,32,14:11:27,1244,1:27:43,1728,7:18:45,1473,5:10:12,1124,Finisher
2026,Hannah Cupples,United States,F25-29,29,14:11:14,1239,1:16:33,912,7:23:38,1553,5:15:06,1183,Finisher
383,Eunice Moon,United States,F55-59,23,14:11:10,1238,1:34:02,2012,6:42:53,945,5:31:07,1395,Finisher
1871,Emily Melton,United States,F18-24,9,14:10:36,1236,1:25:34,1586,7:15:12,1426,5:14:06,1169,Finisher
1525,Sharon Johnson,Canada,F45-49,36,14:09:40,1228,1:15:04,794,6:48:09,1017,5:48:07,1574,Finisher
2054,Bei Huang,Canada,F50-54,22,14:09:40,1227,1:36:03,2059,7:13:11,1399,4:51:38,870,Finisher
596,Sarah Beerman,United States,F30-34,31,14:09:10,1226,1:17:05,953,8:00:17,2004,4:33:52,647,Finisher
1236,Katherine Maalouf,United States,F60-64,5,14:09:06,1225,1:20:22,1200,7:00:00,1202,5:27:18,1341,Finisher
1073,Patricia Pedersen,Canada,F55-59,22,14:08:39,1224,1:24:51,1537,6:45:10,968,5:35:54,1442,Finisher
2035,Kanako Inuyama,Japan,F50-54,21,14:08:25,1222,1:18:04,1019,7:10:52,1367,5:19:34,1243,Finisher
491,Lynn Mccuaig,Canada,F50-54,20,14:06:54,1215,1:16:20,895,7:12:12,1390,5:16:27,1205,Finisher
800,Elizabeth Sweet,United States,F45-49,35,14:06:49,1214,1:28:48,1794,7:19:07,1481,4:58:02,955,Finisher
887,Britt Linkous,United States,F30-34,30,14:04:53,1202,1:08:53,417,6:51:57,1079,5:51:25,1626,Finisher
915,Jill Lasseter,United States,F40-44,36,14:03:14,1197,1:20:51,1230,6:59:21,1194,5:27:44,1354,Finisher
1205,Katie Lee,United States,F25-29,28,14:02:56,1195,1:17:57,1018,7:42:49,1798,4:37:53,695,Finisher
1997,Casey Hathorn,United States,F30-34,29,14:01:52,1191,1:17:13,968,7:30:42,1647,4:54:12,904,Finisher
681,Victoria Brumfield,United States,F45-49,34,14:00:46,1188,1:23:36,1442,7:13:34,1407,5:09:10,1105,Finisher
912,Lauren Lotocky,United States,F30-34,28,14:00:02,1182,1:18:50,1086,6:56:09,1142,5:26:03,1322,Finisher
2518,Ally Carbone,United States,F25-29,27,13:59:23,1175,1:33:23,1987,7:31:15,1652,4:38:44,711,Finisher
2339,Jill Livingston,United States,F50-54,19,13:59:14,1174,1:11:01,544,7:07:00,1307,5:23:47,1300,Finisher
925,Magdalena Petryk,United States,F60-64,4,13:59:01,1173,1:32:51,1971,7:04:31,1266,5:01:00,997,Finisher
1120,Jill Frankie,United States,F45-49,33,13:59:00,1172,1:16:16,891,7:20:21,1504,5:04:32,1036,Finisher
967,Stephanie Moses,United States,F30-34,27,13:58:42,1170,1:16:23,898,7:03:51,1259,5:19:57,1250,Finisher
451,Martyna Brooks,United States,F35-39,31,13:58:35,1169,1:27:12,1694,8:07:11,2070,4:05:01,352,Finisher
1744,Christine Walton,Canada,F45-49,32,13:56:26,1159,1:11:48,590,7:07:29,1317,5:04:00,1031,Finisher
816,Krista Sermon,United States,F40-44,35,13:55:52,1156,1:18:06,1021,7:05:57,1293,5:18:46,1237,Finisher
1882,Reiley Adelson,United States,F25-29,26,13:55:38,1154,1:06:26,309,7:27:11,1597,5:05:19,1047,Finisher
1198,Kathy Laska,United States,F50-54,18,13:55:01,1148,1:26:27,1647,7:07:24,1313,4:50:36,859,Finisher
696,Ruthie Sloan,Canada,F40-44,34,13:55:00,1147,1:24:08,1480,7:14:19,1414,4:38:34,707,Finisher
324,Deanne Webster,United States,F45-49,31,13:54:47,1146,1:21:12,1259,7:37:47,1727,4:36:28,677,Finisher
203,Kelly Sweeney,United States,F30-34,26,13:53:29,1140,1:33:38,1996,7:34:27,1693,4:25:42,549,Finisher
1462,Katie Zera,United States,F40-44,33,13:53:13,1139,1:23:28,1438,7:25:35,1575,4:50:09,848,Finisher
1477,Clare Brofford,United States,F50-54,17,13:52:48,1133,1:04:47,243,6:51:21,1069,5:36:29,1446,Finisher
1332,Christina Ardito,United States,F45-49,30,13:51:04,1121,1:29:21,1830,6:54:03,1114,5:08:50,1100,Finisher
1640,Lily Jones,Canada,F30-34,25,13:49:46,1113,1:27:02,1683,7:27:25,1599,4:29:53,604,Finisher
1569,Julia Becker,United States,F35-39,30,13:49:43,1112,1:23:46,1452,6:52:22,1087,5:18:27,1233,Finisher
1576,Esther Caballero-Manrique,United States,F45-49,29,13:49:35,1109,1:19:52,1159,7:09:23,1346,5:01:46,1006,Finisher
1101,Samar Emami,United States,F40-44,32,13:48:03,1098,1:28:24,1769,7:10:06,1356,4:46:37,803,Finisher
2348,Laurie Comerford,United States,F55-59,21,13:47:38,1096,1:08:38,399,7:04:47,1270,5:09:50,1115,Finisher
1321,Erica Parriott,United States,F30-34,24,13:46:45,1090,1:17:06,959,6:59:35,1198,5:16:37,1207,Finisher
1009,Janelle Fabian,United States,F35-39,29,13:46:43,1089,1:12:17,622,7:00:55,1210,5:14:35,1178,Finisher
1203,Leah Dekalb,United States,F35-39,28,13:46:15,1085,1:28:09,1761,7:14:05,1411,4:46:53,810,Finisher
919,Stacy Marcus,United States,F40-44,31,13:45:38,1079,1:17:12,966,7:21:31,1518,4:50:13,851,Finisher
2161,Lindsay Holmes,United States,F40-44,30,13:45:15,1075,1:33:16,1980,7:10:50,1366,4:42:15,748,Finisher
539,Christina Kinney,United States,F30-34,23,13:44:40,1071,1:39:28,2147,7:12:08,1386,4:32:54,638,Finisher
1491,Rachel Paepke,United States,F40-44,29,13:43:41,1066,1:13:13,669,7:33:43,1681,4:34:38,658,Finisher
1579,Kelly Graham,Canada,F50-54,16,13:43:36,1064,1:25:05,1551,7:09:49,1354,4:45:16,786,Finisher
779,Ginny Traber,United States,F40-44,28,13:42:47,1054,1:36:59,2087,7:16:54,1453,4:37:44,693,Finisher
1064,Jessica Reissig,United States,F45-49,28,13:42:22,1050,1:39:24,2143,7:13:31,1405,4:20:32,485,Finisher
362,Kate Scirocco,United States,F30-34,22,13:41:19,1044,1:28:55,1804,6:24:39,655,5:37:01,1452,Finisher
1844,Lonnie Halusic,United States,F55-59,20,13:41:11,1041,1:22:46,1377,7:05:47,1291,4:52:11,878,Finisher
1385,Dorothee Fuller,United States,F55-59,19,13:40:26,1035,1:26:38,1655,7:01:48,1226,4:58:23,961,Finisher
2227,Marlene Sykes,Canada,F40-44,27,13:40:04,1031,1:13:58,716,6:58:24,1182,5:14:24,1174,Finisher
2403,Justine Trybendis,United States,F40-44,26,13:39:32,1028,1:38:51,2123,7:07:53,1322,4:34:43,660,Finisher
406,Janine Bodden,United States,F40-44,25,13:38:37,1022,1:17:26,979,7:06:25,1302,4:56:06,931,Finisher
873,Hillary Williams,United States,F35-39,27,13:38:03,1018,1:24:42,1521,7:25:37,1576,4:31:00,616,Finisher
644,Shannon Clancy,Canada,F35-39,26,13:37:31,1014,1:23:00,1391,6:18:32,565,5:43:35,1519,Finisher
1954,Jennifer Stodgell,United States,F30-34,21,13:37:16,1012,1:13:31,684,7:01:27,1218,5:06:35,1071,Finisher
764,Janna Perry,United States,F55-59,18,13:37:02,1009,1:18:08,1025,7:38:58,1745,4:21:05,494,Finisher
2104,Amy Bowse,United States,F55-59,17,13:34:51,995,1:22:22,1342,7:04:05,1261,4:39:47,722,Finisher
214,Nicole Slattery,United States,F55-59,16,13:34:36,994,1:17:32,983,6:45:06,966,5:15:33,1190,Finisher
1627,Margaret Brown,United States,F35-39,25,13:33:43,989,1:23:28,1437,6:52:55,1098,4:59:18,974,Finisher
626,Tracy Parramore,United States,F45-49,27,13:33:11,982,1:10:59,540,6:42:42,942,5:19:36,1246,Finisher
1642,Stephanie Hightower,United States,F40-44,24,13:31:46,974,1:09:17,443,7:08:31,1332,4:52:11,877,Finisher
1038,Blanca Grinkovitch,United States,F55-59,15,13:31:34,972,1:32:18,1947,7:17:42,1465,4:24:28,534,Finisher
1868,Annemarie Spragins,United States,F30-34,20,13:30:34,965,1:23:24,1427,6:52:20,1085,4:59:17,973,Finisher
555,Colette Vogell,United States,F55-59,14,13:29:15,957,1:27:05,1686,6:30:12,754,5:17:37,1228,Finisher
871,Ella Crossman,United States,F18-24,8,13:29:04,955,1:21:37,1297,7:06:47,1306,4:41:25,737,Finisher
275,Kerri Thomas,United States,F45-49,26,13:28:49,952,1:19:17,1116,7:12:12,1389,4:40:52,732,Finisher
360,Sharon Winiewicz,United States,F60-64,3,13:28:24,949,1:22:24,1344,6:39:48,903,5:07:33,1085,Finisher
533,Deanna Norton,United States,F30-34,19,13:27:58,942,1:34:44,2031,7:13:15,1400,4:26:12,557,Finisher
345,Marea Narsavage,United States,F45-49,25,13:27:58,941,1:29:56,1864,7:22:16,1530,4:18:04,459,Finisher
1093,Kara Andersson,United States,F45-49,24,13:26:23,935,1:18:24,1051,6:55:01,1124,4:56:02,930,Finisher
2491,Alyssa Hillaby,Canada,F25-29,25,13:25:07,928,1:27:23,1708,6:31:42,786,5:10:27,1133,Finisher
999,Patricia Wong,United States,F35-39,24,13:24:34,926,1:20:05,1182,7:09:26,1347,4:35:31,669,Finisher
975,Natalie Dallaire,Canada,F40-44,23,13:22:37,912,1:30:42,1887,7:00:39,1206,4:39:40,720,Finisher
2037,Bryce Hopper,United States,F18-24,7,13:22:01,906,1:28:48,1795,7:38:23,1735,3:51:59,243,Finisher
682,Elyse Crochetiere,Canada,F45-49,23,13:21:50,905,1:10:32,519,6:57:14,1158,4:52:17,881,Finisher
1445,Shawna & Hiley,Canada,F45-49,22,13:21:20,899,1:23:21,1421,6:44:37,961,4:54:51,915,Finisher
1333,Dana Clarke,United States,F40-44,22,13:20:37,897,1:15:25,824,6:54:28,1121,4:59:21,976,Finisher
274,Tybe Mills,United States,F55-59,13,13:20:05,892,1:19:15,1114,6:50:26,1049,4:53:36,898,Finisher
497,Sandra Contant,Canada,F60-64,2,13:19:41,888,1:17:50,1004,6:41:52,928,5:05:50,1062,Finisher
1269,Elizabeth Adkins,United States,F50-54,15,13:19:21,886,1:23:03,1396,6:42:16,934,4:45:27,790,Finisher
1330,Cynthia San Jose,Canada,F45-49,21,13:18:11,879,1:29:15,1825,6:55:43,1133,4:34:49,662,Finisher
2116,Olivia Lumia,United States,F30-34,18,13:18:05,877,1:31:43,1925,6:57:24,1162,4:27:36,570,Finisher
2229,Rachel Upp,United States,F25-29,24,13:17:44,874,1:19:47,1146,6:23:35,638,5:20:48,1259,Finisher
862,Renee Gonder,United States,F55-59,12,13:17:25,871,1:21:14,1261,6:58:07,1176,4:26:37,560,Finisher
433,Kimi Ueda,United States,F50-54,14,13:16:41,867,1:26:17,1635,6:29:31,743,5:04:40,1040,Finisher
1244,Samantha Capobianco,United States,F50-54,13,13:15:48,860,1:39:07,2133,6:51:51,1078,4:28:21,580,Finisher
1208,Jaimie Frazier,United States,F35-39,23,13:15:39,858,1:31:52,1930,6:42:39,941,4:45:25,788,Finisher
777,Jennifer Benz,United States,F40-44,21,13:13:24,847,1:20:57,1240,6:45:06,967,4:51:52,875,Finisher
1048,Kristine Urban,United States,F50-54,12,13:12:40,845,1:17:25,978,6:52:06,1081,4:48:38,826,Finisher
1472,Delaney Dowdell,United States,F18-24,6,13:12:24,842,1:09:47,474,7:07:49,1321,4:40:37,729,Finisher
2164,Delaney Simmons,United States,F25-29,23,13:10:54,835,1:09:06,430,6:53:51,1109,4:48:29,825,Finisher
336,Lisa Kuecker,United States,F55-59,11,13:09:48,829,1:13:11,667,6:44:08,956,4:58:29,963,Finisher
841,Megan Piwowar,United States,F35-39,22,13:07:52,809,1:07:00,336,7:04:54,1272,4:47:20,813,Finisher
1948,Carina Stockdale,United States,F45-49,20,13:07:50,808,1:25:11,1563,7:22:39,1534,3:59:01,308,Finisher
270,Lindsey Noseworthy,United States,F30-34,17,13:07:26,805,1:15:58,868,7:00:50,1208,4:29:40,600,Finisher
553,Gabrielle Florance,United States,F30-34,16,13:07:22,804,1:17:43,992,6:50:39,1057,4:35:42,671,Finisher
872,Melanie Weber,United States,F35-39,21,13:07:17,803,1:22:20,1341,6:48:09,1018,4:37:33,691,Finisher
1768,Marianne Camire,United States,F35-39,20,13:07:14,802,1:31:00,1898,6:32:53,802,4:44:34,776,Finisher
973,Chris Mccloe,United States,F55-59,10,13:07:09,801,1:04:49,244,6:57:38,1168,4:49:01,834,Finisher
882,Kerrianne Sanicola,United States,F35-39,19,13:06:45,798,1:12:02,612,6:19:03,570,5:12:27,1154,Finisher
1648,Beth Bowen,United States,F50-54,11,13:06:39,797,1:11:07,554,6:25:53,677,5:14:33,1177,Finisher
364,Bonnie Ritchotte,United States,F50-54,10,13:06:16,793,1:25:59,1620,7:10:14,1359,4:09:02,381,Finisher
2251,Allie Lucas,United States,F35-39,18,13:05:54,790,1:26:32,1650,7:02:46,1240,4:16:59,443,Finisher
1774,Diana Murillo Gonzalez,Canada,F40-44,20,13:05:28,786,1:22:49,1379,6:57:35,1167,4:24:29,536,Finisher
325,Nancy Mcmahon,United States,F55-59,9,13:03:59,773,1:19:05,1099,6:41:21,923,4:52:59,888,Finisher
2015,Heather Gaida,United States,F50-54,9,13:01:47,760,1:24:39,1516,6:12:34,484,5:09:39,1108,Finisher
258,Constance Geoghan,United States,F50-54,8,13:00:35,755,1:19:06,1100,6:22:35,624,5:02:27,1013,Finisher
1314,Ashley Johnson,United States,F25-29,22,13:00:03,753,1:12:46,644,6:38:03,878,4:55:52,929,Finisher
303,Amy Rappaport,United States,F60-64,1,12:58:52,747,1:13:22,676,7:20:11,1501,4:07:19,368,Finisher
680,Colleen Bartling,United States,F45-49,19,12:58:34,746,1:18:37,1072,6:32:03,793,4:53:19,892,Finisher
2158,Genevieve Trahan,Canada,F35-39,17,12:57:40,744,1:16:04,875,6:40:04,906,4:47:32,815,Finisher
643,Nicki Leo,United States,F50-54,7,12:57:38,743,1:12:01,610,6:41:45,925,4:50:14,852,Finisher
2056,Noelle Cutter,United States,F40-44,19,12:57:17,739,1:18:24,1048,7:08:01,1324,4:08:23,374,Finisher
447,Ann Hammer,United States,F40-44,18,12:56:41,736,1:01:01,156,6:28:31,731,5:10:35,1136,Finisher
795,Julia Bird,United States,F30-34,15,12:56:34,734,1:09:59,483,7:09:32,1350,4:17:52,455,Finisher
1588,Cathryn Menarchem,United States,F30-34,14,12:56:09,732,1:14:41,775,6:32:35,798,4:56:27,937,Finisher
313,Rebekah Ash,United States,F25-29,21,12:54:42,723,1:10:05,489,6:38:36,889,4:53:22,894,Finisher
2540,Halle Sauer,United States,F25-29,20,12:54:33,721,1:33:27,1990,6:22:17,618,4:36:45,680,Finisher
2224,Mary Kauffman,United States,F35-39,16,12:54:26,720,1:18:10,1028,6:46:16,987,4:36:05,674,Finisher
1317,Meredith Wegener,United States,F45-49,18,12:54:15,718,1:12:34,638,6:51:39,1075,4:34:47,661,Finisher
346,Lisa Cloutier,United States,F40-44,17,12:53:43,712,1:19:08,1103,6:23:31,635,4:52:13,879,Finisher
1434,Ileana Paul,Canada,F55-59,8,12:52:56,705,1:29:09,1817,6:39:30,899,4:23:38,521,Finisher
2052,Claudia Boucher,Canada,F25-29,19,12:51:07,693,1:32:03,1937,6:11:55,480,4:52:34,883,Finisher
1724,Sara Vollmerhausen,Canada,F25-29,18,12:46:47,667,1:12:05,614,6:35:30,845,4:47:00,811,Finisher
1155,Reem Jishi,United States,F55-59,7,12:45:45,662,1:13:51,710,6:32:29,796,4:46:07,799,Finisher
822,Lesley Rankin,Canada,F40-44,16,12:45:02,658,1:03:35,212,6:30:15,756,4:55:51,928,Finisher
1419,Lauren Groppi,United States,F45-49,17,12:44:54,655,1:22:51,1382,6:46:13,986,4:17:53,456,Finisher
2290,Emma Duffany,United States,F30-34,13,12:44:51,653,1:12:39,641,6:56:17,1145,4:21:45,501,Finisher
1165,Amanda Jett,United States,F30-34,12,12:43:22,647,1:33:52,2005,6:30:36,771,4:28:23,581,Finisher
2261,Lydia Walter,United States,F30-34,11,12:41:51,633,1:27:47,1732,6:30:17,757,4:21:31,499,Finisher
1504,Martha Berrouard,United States,F55-59,6,12:41:50,632,1:11:02,547,6:33:51,820,4:45:01,783,Finisher
1464,Jennifer Carter,United States,F25-29,17,12:41:42,631,1:24:28,1498,6:27:53,714,4:30:20,611,Finisher
1127,Jacqui Barber,United States,F45-49,16,12:40:17,624,00:54:15,42,6:37:34,870,4:50:24,856,Finisher
702,Emily Hoy,United States,F25-29,16,12:40:04,621,1:27:59,1750,7:01:01,1211,3:57:10,291,Finisher
339,Christine Desrochers,United States,F55-59,5,12:38:57,614,1:20:08,1185,6:22:08,614,4:46:43,805,Finisher
1719,Catherine Mavroudis,United States,F30-34,10,12:38:12,609,1:15:59,870,6:43:49,955,4:27:42,574,Finisher
125,Jill Bartholomew,United States,F45-49,15,12:37:23,602,1:17:04,952,6:15:35,531,4:49:54,843,Finisher
1328,Tracey Franchini Gingras,Canada,F35-39,15,12:36:08,596,1:21:49,1308,6:33:21,809,4:30:34,612,Finisher
815,Claire Cohen,United States,F45-49,14,12:35:50,595,1:20:21,1197,7:05:07,1276,3:56:15,283,Finisher
2167,Laurence Brassard,Canada,F25-29,15,12:34:16,589,1:17:53,1009,6:16:47,546,4:25:31,545,Finisher
1037,Dora Jih,United States,F55-59,4,12:33:54,586,1:15:23,817,6:22:00,611,4:34:53,664,Finisher
368,Karen Rice,United States,F45-49,13,12:32:55,580,1:22:44,1371,6:30:20,761,4:25:43,550,Finisher
463,Joanie Pinard,Canada,F35-39,14,12:32:52,579,1:15:01,790,6:35:08,843,4:24:30,537,Finisher
1033,Isabelle Vachon,Canada,F45-49,12,12:31:35,569,1:18:26,1054,6:44:45,962,4:08:00,372,Finisher
833,Kelly Adamshick,United States,F45-49,11,12:31:17,567,1:15:26,827,6:09:44,452,4:56:46,941,Finisher
1378,Karli Lawson,United States,F30-34,9,12:30:43,565,00:59:30,129,6:30:22,762,4:49:17,836,Finisher
2194,Allison Perron,Canada,F18-24,5,12:30:42,564,1:08:55,420,6:44:48,965,4:19:31,473,Finisher
930,Diana Hou,United States,F40-44,15,12:30:13,561,1:04:31,236,6:41:51,927,4:31:35,622,Finisher
401,Lisa Walker,United States,F40-44,14,12:28:36,548,1:11:18,566,6:48:25,1025,4:14:36,420,Finisher
473,Laura Munne Mas,Canada,F25-29,14,12:27:09,543,1:04:59,252,6:34:26,830,4:31:43,627,Finisher
1413,Bethany Kwarta,United States,F30-34,8,12:26:23,541,1:14:48,779,6:25:57,679,4:24:25,533,Finisher
2001,Ashley Forsyth,United States,F40-44,13,12:26:04,539,1:14:36,770,6:40:41,920,4:19:22,471,Finisher
2442,Vanessa Holland,United States,F40-44,12,12:24:32,533,1:14:05,726,6:31:52,789,4:20:43,489,Finisher
2494,Meghan Lout,United States,F45-49,10,12:23:56,529,1:27:50,1736,6:42:49,944,4:00:54,321,Finisher
2193,Rachelle Dion,Canada,F18-24,4,12:23:37,528,1:03:11,200,6:48:33,1028,4:12:18,402,Finisher
579,Patricia Kolias,United States,F55-59,3,12:21:13,517,1:26:09,1631,6:28:47,738,4:16:54,441,Finisher
1199,Russet Morrow,United States,F50-54,6,12:19:34,514,1:10:50,533,6:41:31,924,4:15:35,427,Finisher
2047,Sydney Delapp,United States,F18-24,3,12:18:33,509,00:57:28,88,6:33:48,818,4:36:20,676,Finisher
1335,Kristin Martin,United States,F40-44,11,12:18:08,505,1:19:15,1113,6:28:34,732,4:17:43,453,Finisher
1822,Deborah Battaglia,United States,F55-59,2,12:17:55,503,1:05:07,258,6:29:44,747,4:32:37,636,Finisher
1357,Natalie Kelly,United States,F25-29,13,12:17:45,501,00:58:52,119,6:46:11,984,4:23:33,520,Finisher
2156,Jaye Webster,Canada,F25-29,12,12:17:26,496,1:10:24,503,6:30:04,751,4:20:59,492,Finisher
1842,Isabelle Dickens,United States,F45-49,9,12:17:16,495,1:14:25,759,6:39:39,901,4:10:10,386,Finisher
993,Megan Lundgren,United States,F35-39,13,12:16:46,494,1:14:54,784,6:26:47,695,4:16:59,442,Finisher
885,Colleen Murray,United States,F50-54,5,12:16:22,493,1:26:25,1643,6:08:57,443,4:25:42,548,Finisher
2258,Haileigh Hopkin,Canada,F25-29,11,12:14:21,489,1:23:19,1418,6:39:01,894,3:56:26,285,Finisher
2080,Jayne Pilachowski,United States,F25-29,10,12:14:06,487,00:59:49,134,6:52:24,1088,4:11:34,397,Finisher
2008,Mariana Lara Albert,United States,F45-49,8,12:13:54,486,1:17:40,991,6:26:21,688,4:19:50,480,Finisher
888,Laura Ewald,United States,F35-39,12,12:13:29,483,1:14:26,761,6:34:30,833,4:12:40,403,Finisher
1549,Elizabeth Johnson,United States,F50-54,4,12:10:24,465,1:08:26,391,6:19:15,574,4:27:15,567,Finisher
2142,Amy Steffen,United States,F45-49,7,12:10:12,462,1:27:50,1735,6:30:32,768,3:58:34,302,Finisher
575,Lindsay Long,United States,F35-39,11,12:09:43,460,1:18:37,1071,6:05:45,412,4:37:25,689,Finisher
1773,Sarah Elliott,Canada,F40-44,10,12:08:21,459,1:15:42,849,6:20:26,593,4:18:05,460,Finisher
683,Sabrina Maltais,Canada,F35-39,10,12:05:35,450,1:08:00,369,6:17:36,555,4:25:49,552,Finisher
2385,Isabelle Harnois,Canada,F40-44,9,12:05:23,448,1:22:46,1376,6:25:26,670,4:04:31,347,Finisher
178,Holly Christensen,United States,F25-29,9,12:04:12,442,1:02:53,193,6:18:28,563,4:28:46,587,Finisher
379,Nancy Agrillo,United States,F55-59,1,12:02:11,430,1:31:32,1917,6:22:20,621,3:53:02,249,Finisher
481,Michelle Haslinger,United States,F40-44,8,12:00:23,421,1:23:59,1467,6:14:03,502,4:11:06,393,Finisher
490,Kat Wilcox,United States,F35-39,9,11:54:44,404,1:17:43,993,6:24:14,647,4:01:19,324,Finisher
307,Melyssa Brochu,Canada,F40-44,7,11:54:14,403,1:06:24,307,5:54:02,298,4:42:21,749,Finisher
1067,Rebecca Bader,United States,F45-49,6,11:53:50,401,1:15:26,828,6:27:22,702,4:00:32,319,Finisher
1879,Emily Salandro,United States,F40-44,6,11:53:27,399,00:59:51,137,6:26:35,692,4:16:35,434,Finisher
377,Samantha Davies,United States,F40-44,5,11:52:23,393,1:15:09,801,6:08:22,439,4:20:05,482,Finisher
2182,Krysta Veneruz,Canada,F25-29,8,11:50:49,385,1:12:48,646,6:11:34,474,4:15:17,424,Finisher
10038,Samantha Snukis,United States,FPRO,24,11:50:42,384,1:09:08,432,7:09:28,1348,3:22:02,83,Finisher
417,Kristin Jenny,United States,F25-29,7,11:48:42,377,1:05:01,255,6:10:13,457,4:23:44,523,Finisher
1775,Stephanie Snow,United States,F25-29,6,11:47:56,370,1:12:49,648,6:25:27,672,3:56:29,286,Finisher
2067,Kelly Fitzpatrick,United States,F25-29,5,11:46:51,367,1:08:23,389,6:23:43,641,4:04:59,350,Finisher
439,Shoko Okabe,United States,F30-34,7,11:45:42,361,1:20:01,1172,6:16:00,536,3:56:58,290,Finisher
400,Shana Poe,United States,F35-39,8,11:43:47,356,1:06:32,312,6:29:58,750,3:53:45,257,Finisher
356,Amy Hite,United States,F45-49,5,11:43:36,355,1:08:48,410,6:15:24,526,4:07:38,370,Finisher
1860,Laurence Lafreniere,Canada,F30-34,6,11:43:26,353,1:15:37,846,6:10:01,454,4:07:35,369,Finisher
242,Lily Paul,United States,F25-29,4,11:42:58,352,1:28:44,1791,6:33:55,822,3:24:05,88,Finisher
432,Isabel Bustamante,United States,F25-29,3,11:41:22,345,1:09:03,426,6:25:06,661,3:58:34,303,Finisher
1412,Rocio Fields,United States,F50-54,3,11:40:52,343,1:18:23,1047,6:04:24,395,3:59:58,314,Finisher
2028,Diane Soto,Guatemala,F35-39,7,11:40:14,339,1:19:42,1138,6:22:10,615,3:47:59,219,Finisher
1977,Julie Gadreau,Canada,F45-49,4,11:39:55,338,1:15:42,850,6:19:28,577,3:54:48,264,Finisher
2292,Katherine Hallock,United States,F35-39,6,11:38:42,337,1:15:15,813,6:31:39,785,3:33:42,139,Finisher
348,Rachael Markoe,United States,F25-29,2,11:38:01,333,00:58:48,118,6:13:45,495,4:15:17,423,Finisher
300,Kristy Blair,United States,F30-34,5,11:37:28,331,1:23:51,1458,5:59:03,344,4:02:59,336,Finisher
373,Jen Keith,United States,F35-39,5,11:34:49,323,1:00:03,141,6:16:54,547,4:07:13,367,Finisher
1606,Rebecca Stamp,United States,F45-49,3,11:34:46,322,1:04:24,232,6:08:19,438,4:14:20,418,Finisher
389,Genevieve Rochefort,United States,F45-49,2,11:33:58,318,1:18:35,1067,5:57:04,320,4:05:38,354,Finisher
391,Dana Hall,United States,F30-34,4,11:28:53,304,1:01:03,158,6:21:18,604,3:56:50,288,Finisher
1135,Johanna Hudson,Canada,F45-49,1,11:25:27,296,1:16:40,920,6:00:46,359,3:57:30,294,Finisher
562,Kelly Hoose,United States,F30-34,3,11:23:06,290,1:11:06,551,6:14:59,521,3:46:58,211,Finisher
10013,Olivia Dietzel,United States,FPRO,23,11:22:58,289,1:07:41,356,6:14:56,520,3:48:47,227,Finisher
880,Kayla Henderson,United States,F25-29,1,11:21:27,284,1:15:36,844,5:56:50,317,3:57:11,292,Finisher
2556,Jill Jacinth,United States,F30-34,2,11:18:56,279,1:05:22,264,5:58:18,332,4:06:28,359,Finisher
10040,Caroline Martineau,Canada,FPRO,22,11:17:14,276,1:10:46,529,5:55:18,305,3:57:52,297,Finisher
636,Kristen Lamb,United States,F50-54,2,11:16:22,271,1:10:51,534,5:58:46,343,3:57:34,295,Finisher
1621,Ha Na Lee,United States,F30-34,1,11:14:32,266,1:17:52,1007,5:51:16,277,3:56:07,281,Finisher
299,Claire Calkins,United States,F18-24,2,11:10:27,252,1:10:30,516,6:04:37,397,3:45:15,195,Finisher
870,Rachel Waller,United States,F35-39,4,11:09:53,249,1:13:53,713,5:58:37,340,3:43:00,183,Finisher
453,Sarah Latonas,Canada,F35-39,3,11:09:43,248,1:06:24,306,6:04:43,398,3:44:06,188,Finisher
1680,Desireé Wells,United States,F35-39,2,11:09:03,244,1:01:58,176,6:21:30,607,3:37:25,159,Finisher
10034,Anna Torres,Ecuador,FPRO,21,11:03:21,224,1:07:45,363,5:49:06,258,3:58:40,304,Finisher
370,Jennifer Smith,United States,F50-54,1,11:02:38,222,1:09:25,448,5:48:35,254,3:53:24,252,Finisher
457,Melissa Barrett,United States,F40-44,4,10:59:16,209,1:08:39,400,6:09:13,445,3:32:37,131,Finisher
327,Rebecca Hayes,United States,F40-44,3,10:48:38,186,1:05:01,254,5:48:54,256,3:45:16,196,Finisher
838,Jennie Hansen,United States,F40-44,2,10:40:38,171,1:05:56,288,5:47:59,252,3:37:22,156,Finisher
10029,Gabrielle Suver,United States,FPRO,20,10:38:48,161,1:07:42,359,5:44:05,227,3:39:21,168,Finisher
388,Lindsay Dibona,United States,F35-39,1,10:27:37,136,1:04:39,240,5:41:45,213,3:32:24,129,Finisher
10024,Clarice Chastang,United States,FPRO,19,10:25:58,132,1:06:36,318,5:52:52,288,3:18:10,69,Finisher
567,Ava Warfel,United States,F18-24,1,10:25:36,130,1:00:55,153,5:51:40,279,3:23:30,87,Finisher
10028,Leslie Peterson,United States,FPRO,18,10:19:46,116,1:06:16,300,5:41:40,212,3:24:30,91,Finisher
1725,Robyn Hardage,Canada,F40-44,1,10:16:30,114,1:01:50,170,5:38:13,198,3:28:42,110,Finisher
10023,Jessica Cullen,Canada,FPRO,17,10:15:55,112,1:09:27,456,5:42:53,221,3:17:28,67,Finisher
10037,Chelsea Bingham,United States,FPRO,16,10:08:18,104,00:58:26,102,5:34:41,173,3:27:29,103,Finisher
10031,Katie Colville,United States,FPRO,15,10:08:06,103,1:04:24,233,5:44:28,228,3:11:52,53,Finisher
10030,Deborah Eckhouse,Canada,FPRO,14,10:06:18,102,1:39:54,2160,5:08:30,74,3:10:12,45,Finisher
10027,Caitlin Alexander,United States,FPRO,13,10:05:21,101,1:04:47,242,5:35:36,181,3:16:24,62,Finisher
10025,Danielle Fauteux,Canada,FPRO,12,10:02:27,94,1:06:33,313,5:22:03,126,3:27:38,105,Finisher
10009,Lauren Brandon,United States,FPRO,11,10:00:47,90,00:50:04,11,5:18:54,109,3:45:57,203,Finisher
10022,Diana Castillo Franco,United States,FPRO,10,9:53:06,78,00:54:28,47,5:34:55,175,3:14:59,60,Finisher
10010,Penny Slater,Australia,FPRO,9,9:41:01,64,00:58:52,120,5:07:56,70,3:28:39,109,Finisher
10011,Giorgia Priarone,Italy,FPRO,8,9:36:55,60,1:01:43,168,5:13:54,91,3:15:08,61,Finisher
10007,Erin Schenkels,Canada,FPRO,7,9:25:31,47,00:58:48,117,5:16:02,98,3:03:29,25,Finisher
10017,Nina Derron,Switzerland,FPRO,6,9:25:18,46,00:57:46,93,5:10:58,83,3:11:10,48,Finisher
10021,Regan Hollioake,Australia,FPRO,5,9:21:06,43,00:55:29,60,5:08:07,72,3:11:29,50,Finisher
10019,Rachel Zilinskas,United States,FPRO,4,9:17:51,39,00:50:05,13,5:02:29,62,3:19:17,75,Finisher
10001,Alice Alberts,United States,FPRO,3,9:10:36,35,00:57:44,92,5:00:38,54,3:06:21,34,Finisher
10003,Jackie Hering,United States,FPRO,2,9:06:26,32,00:57:43,90,5:03:52,66,2:58:09,19,Finisher
10006,Danielle Lewis,United States,FPRO,1,9:01:54,29,1:05:41,273,4:57:38,48,2:52:23,11,Finisher
917,Lori Morgan,United States,F60-64,,,,,,,,,,DNS
10026,Katie Lance,United States,FPRO,,,,,,,,,,DNS
693,Charlotte Johnson,United States,F55-59,,,,,,,,,,DNS
10036,Sarah Karpinski,United States,FPRO,,,,,,,,,,DNS
1584,Elizabeth Kaplanis,United States,F40-44,,,,,,,,,,DNS
10012,Els Visser,Netherlands,FPRO,,,,,,,,,,DNS
1095,Courtney Baldwin,United States,F45-49,,,,,,,,,,DNS
10008,Lesley Smith,United States,FPRO,,,,,,,,,,DNS
10015,Ruth Astle,United Kingdom,FPRO,,,,,,,,,,DNS
1840,Soroya Rahaman,United States,F60-64,,,,,,,,,,DNS
1851,Denise Schultz,United States,F50-54,,,,,,,,,,DNS
222,Rachael Bowling,United States,F45-49,,,,,,,,,,DNS
1287,Jacquelyn Bentley,United States,F55-59,,,,,,,,,,DNS
10016,Sara Svensk,Sweden,FPRO,,,,,,,,,,DNS
2546,Susan Carrasquillo,United States,F50-54,,,,,,,,,,DNS
475,Stephanie Pianka,United States,F55-59,,,,,,,,,,DNS
2308,Ginny Cataldi,United States,F50-54,,,,,,,,,,DNS
1519,Becky Eleck Bruce,United States,F40-44,,,,1:38:41,2118,,,,,DNF
2504,Rebecca Graham,Canada,F35-39,,,,1:48:22,2272,,,,,DNF
847,Renee Harvey,United States,F65-69,,,,,,,,,,DNF
2085,Anne Marie Lax,United States,F55-59,,,,1:39:04,2131,8:53:44,2255,,,DNF
910,Carolyn Shea,United States,F65-69,,,,1:38:18,2109,,,,,DNF
570,Erika Vermill,United States,F50-54,,,,,,,,,,DNF
1346,Sandra Blanc,United States,F45-49,,,,1:25:35,1590,7:17:30,1462,,,DNF
10020,Jodie Robertson,United States,FPRO,,,,1:01:42,167,,,,,DNF
194,Stephanie Hanrahan,United States,F45-49,,,,1:25:06,1552,9:13:39,2271,,,DNF
10005,Sarah True,United States,FPRO,,,,55:33:00,62,5:01:35,57,,,DNF
669,Kami Netri,United States,F60-64,,,,1:38:34,2114,8:55:55,2260,,,DNF
2134,Lori Mcdonald,United States,F65-69,,,,1:18:27,1056,7:57:08,1975,,,DNF
10004,Lotte Wilms,Netherlands,FPRO,,,,51:53:00,23,5:09:26,76,,,DNF
857,Stephanie Ferguson Ross,United States,F50-54,,,,1:43:24,2226,,,,,DNF
102,Megan Hale,United States,FPC/ID,,,,2:06:34,2370,8:28:03,2189,,,DNF
620,Florence Ramos,United States,F55-59,,,,2:00:08,2350,8:53:57,2256,,,DNF
1863,Arezou Montgomery,United States,F55-59,,,,2:11:06,2376,,,,,DNF
1147,Brooke Bredbeck,United States,F35-39,,,,1:20:59,1244,,,,,DNF
1409,Jennifer Bloss,United States,F45-49,,,,1:48:49,2275,8:40:23,2227,,,DNF
1740,Debra Stroiney,United States,F45-49,,,,1:34:13,2018,8:58:51,2263,,,DNF
988,Barbara Cronin Stagnari,United States,F60-64,,,,1:09:25,450,6:49:58,1042,,,DNF
10002,Kylie Simpson,Australia,FPRO,,,,1:18:44,1079,,,,,DNF
1386,Cheryl Pike,United States,F70-74,,,,,,,,,,DNF
574,Jayme Butts-Hall,United States,F40-44,,,,1:25:48,1606,5:34:46,174,,,DNF
1246,Amanda Vance,United States,F45-49,,,,1:15:46,856,7:50:48,1898,,,DNF
1400,Shannon Lee,Canada,F50-54,,,,1:38:40,2116,,,,,DNF
750,Heidi Mackinnon,Canada,F45-49,,,,1:40:06,2169,,,,,DNF
677,Brenda Smith,United States,F55-59,,,,1:26:00,1623,,,,,DNF
1020,Gina Castellani,United States,F55-59,,,,,,,,,,DNF
627,Zsa-Zsa Porter,United States,F45-49,,,,1:49:59,2289,8:49:42,2245,6:35:59,2018,DNF
551,Erin Smith,United States,F50-54,,,,1:53:12,2316,,,,,DNF
583,Rochelle Anderson,United States,F60-64,,,,1:17:50,1003,,,,,DNF
1694,Crystal Zamfino,United States,F40-44,,,,,,,,,,DNF
809,Roxanne Youngs,United States,F70-74,,,,2:26:54,2384,,,,,DNF
1281,Amy Purvis,United States,F55-59,,,,2:04:08,2364,,,,,DNF
10039,Brianna Troksa,United States,FPRO,,,,1:14:15,740,,,,,DNF
1496,Elizabeth Miller,United States,F60-64,,,,1:35:46,2057,8:13:04,2110,,,DNF
661,Lauren Darienzo,United States,F45-49,,,,1:44:36,2236,,,,,DNF
286,Izumi Yamashita,Japan,F60-64,,,,2:01:49,2355,7:41:55,1786,,,DNF
1398,Erin Whitman,Canada,F45-49,,,,1:34:50,2033,8:52:57,2251,,,DNF
10033,Anne Basso,France,FPRO,,,,1:04:36,238,6:22:03,612,,,DNF
1836,Heather Neeley,United States,F50-54,,,,1:52:42,2314,,,,,DNF
458,Amy Hétu,Canada,F35-39,,,,1:23:05,1399,7:27:53,1607,,,DNF
1188,Jordan Scales,United States,F30-34,,,,1:38:47,2121,9:00:30,2265,,,DNF
979,Kathleen Fritz,United States,F55-59,,,,1:35:36,2052,,,,,DNF
1065,Heather Stinson,United States,F40-44,,,,1:30:51,1891,8:52:24,2248,,,DNF
763,Faith Rach,United States,F55-59,,,,1:41:39,2191,,,,,DNF
2309,Emma Bingham,Canada,F45-49,,,,1:41:05,2180,8:55:46,2258,,,DNF
1284,Barbara Clarke,United States,F65-69,,,,1:44:11,2232,8:41:57,2231,,,DNF
2294,Beth James,United States,F55-59,,,,,,7:02:55,1243,,,DNF
1762,Maud Desbiens,Canada,F50-54,,,,1:44:20,2234,,,,,DNF
1362,Melissa Tubbs,United States,F50-54,,,,1:41:59,2197,,,,,DNF
2200,Emily Yosh,United States,F45-49,,,,1:51:07,2303,8:40:32,2228,,,DNF
1036,Deb Armstrong,United States,F60-64,,,,1:22:31,1355,,,,,DNF
210,Susan Sotir,United States,F55-59,,,,1:16:49,931,8:53:43,2254,,,DNF
970,Darcy Emehiser,United States,F50-54,,,,1:27:49,1733,7:51:39,1907,,,DNF
1467,Vassiliki Tsoutsoubri,Canada,F50-54,,,,1:45:43,2247,7:42:12,1790,6:11:54,1833,DNF
1514,Jaki Chiango,United States,F50-54,,,,1:33:53,2006,,,,,DNF
2296,Kristin Mara,United States,F55-59,,,,,,,,,,DNF
2330,Christina Osler,Canada,F50-54,,,,1:38:25,2110,7:29:58,1635,,,DNF
1864,Brenda Irving,Canada,F60-64,,,,1:18:52,1088,8:43:34,2235,,,DNF
1500,Kendra Squindo,United States,F55-59,,,,1:30:04,1866,8:55:55,2259,,,DNF
1283,Christina Kenon,United States,F45-49,,,,1:36:48,2084,,,,,DNF
2567,Kriselle Ramac,United States,F25-29,,,,1:43:16,2222,,,,,DNF
983,Kathleen Peck,United States,F70-74,,,,,,,,,,DNF
1076,Joyce Parsons,United States,F50-54,,,,1:22:55,1385,,,,,DNF
1713,Emily Fox,United States,F25-29,,,,1:40:02,2164,9:00:48,2266,,,DNF
1295,Michele Rosello,United States,F55-59,,,,1:46:17,2252,,,,,DNF
2477,Jenny Li,Canada,F25-29,,,,1:25:35,1588,9:22:57,2274,,,DNF
1511,Elizabeth Dahme,United States,F65-69,,,,1:27:59,1749,,,,,DNF
1019,Charlyn Chapal,United States,F40-44,,,,1:47:36,2268,8:59:08,2264,,,DNF
1169,Tracy Darmofal,United States,F45-49,,,,1:32:15,1944,,,,,DNF
867,Lisa Totz,United States,F50-54,,,,1:39:19,2142,,,,,DNF
2334,Bryn Burkholder,United States,F40-44,,,,1:09:51,476,6:11:37,475,,,DNF
959,Colleen Dolan-Vanzandt,United States,F50-54,,,,1:31:01,1899,,,,,DNF
1372,Alminda Brundyn,United States,F50-54,,,,2:19:58,2382,,,,,DNF
137,Destiny Foster,United States,F25-29,,,,,,,,,,DNF
1702,Susan Ball,United States,F45-49,,,,1:51:46,2307,,,,,DNF
793,Erin Hanczyk,United States,F35-39,,,,1:30:18,1875,8:35:49,2215,,,DNF
916,Pamela Batungbacal,United States,F65-69,,,,1:21:39,1298,,,,,DNF
739,Holly Golden,United States,F50-54,,,,1:32:37,1963,,,,,DNF
2283,Margaret King,Canada,F60-64,,,,1:11:45,587,7:00:06,1204,,,DNF
1582,Tifenn Python,United States,F50-54,,,,1:21:12,1258,,,,,DNF
253,Ariel Wickers,United States,F30-34,,,,,,,,,,DNF
1482,Nashwa Rafla-Demetrious,United States,F45-49,,,,1:38:06,2107,,,,,DNF
962,Kirsten Ensafdaran,United States,F55-59,,,,1:24:50,1535,,,,,DNF
722,Amy Garrison,United States,F50-54,,,,,,,,,,DNF
2022,Amy Lam,Canada,F40-44,,,,2:13:57,2378,,,,,DNF