"rank","Player","G","AB","R","H","Doubles","Triples","HR","RBI","SB","CS","BB","SO","IBB","HBP","SH","SF","DP","BA","OBP","SLG","OPS","OPS_plus","wOBA","BB%","K%","BB/K","HR%","ISO","begin_year","end_year","Pos","PA"
1,"Oscar Charleston",1358,4978,1174,1733,327,113,187,1150,310,7,657,21,0,38,141,1,0,0.348,0.428,0.572,1,172,0.444,11.3,0.8,13.33,3.2,0.224,1915,1941,"CF",5815
2,"Cool Papa Bell",1297,5135,1227,1658,279,83,58,634,304,1,586,19,1,17,110,1,0,0.323,0.394,0.443,0.837,119,0.383,10,0.6,18.68,1,0.121,1922,1946,"CF",5849
3,"Turkey Stearnes",1061,4068,983,1413,252,124,200,1078,143,3,441,15,0,33,69,1,0,0.347,0.415,0.618,1.033,173,0.451,9.6,0.8,11.93,4.3,0.27,1923,1940,"CF",4612
4,"Willie Wells",1115,4210,986,1375,279,72,149,916,164,3,515,14,1,37,103,1,0,0.327,0.405,0.533,0.938,142,0.416,10.6,0.6,17.93,3.1,0.207,1924,1948,"SS",4866
5,"Jud Wilson",1123,3870,804,1372,256,64,100,888,122,6,488,7,1,57,67,4,0,0.355,0.434,0.531,0.965,156,0.436,10.9,0.3,38.29,2.2,0.177,1922,1945,"3B",4486
6,"John Henry Lloyd",995,3783,650,1301,206,66,30,678,135,2,284,6,NA,10,131,0,NA,0.344,0.391,0.457,0.848,142,0.388,6.7,0.6,9.33,0.7,0.113,1906,1932,"SS",4208
7,"Biz Mackey",1066,3673,602,1206,207,67,66,710,71,11,365,21,4,20,92,2,0,0.328,0.392,0.475,0.867,132,0.391,8.8,0.7,11.95,1.6,0.147,1920,1947,"C",4152
8,"Mule Suttles",1000,3550,780,1196,234,84,193,950,93,1,406,22,5,19,53,0,2,0.337,0.408,0.613,1.021,165,0.445,10.1,1.1,10.45,4.8,0.276,1923,1944,"1B",4028
9,"Newt Allen",1086,4187,702,1193,188,60,23,525,163,3,346,32,0,22,126,0,1,0.285,0.343,0.375,0.718,104,0.329,7.4,1.3,5.25,0.5,0.09,1923,1947,"2B",4681
10,"Ben Taylor",946,3474,559,1147,194,67,35,670,100,0,348,5,2,18,83,1,NA,0.33,0.394,0.455,0.849,139,0.391,8.9,0.4,19.2,0.9,0.125,1909,1929,"1B",3924
11,"Judy Johnson",1007,3732,626,1103,193,62,38,612,94,9,263,30,0,11,107,2,2,0.296,0.344,0.411,0.755,100,0.341,6.4,1.4,4.73,0.9,0.115,1918,1936,"3B",4115
12,"Cristóbal Torriente",904,3195,647,1084,200,77,64,713,145,4,439,19,0,27,72,6,0,0.339,0.423,0.51,0.933,174,0.425,11.7,2,4.63,1.7,0.171,1913,1932,"CF",3739
13,"Josh Gibson",815,2932,764,1061,176,74,202,896,46,2,435,23,21,11,29,4,1,0.362,0.446,0.679,1.125,201,0.487,12.8,0.8,16.7,5.9,0.317,1930,1946,"C",3411
14,"Dewey Creacy",984,3607,611,1049,149,62,87,643,53,1,343,7,NA,19,109,1,NA,0.291,0.355,0.439,0.794,101,0.355,8.4,0.3,28.29,2.1,0.148,1924,1938,"3B",4079
15,"Hurley McNair",848,3189,633,1025,147,77,48,567,134,4,340,11,2,21,92,3,0,0.321,0.39,0.461,0.851,139,0.386,9.3,0.7,12.09,1.3,0.14,1910,1937,"RF",3645
16,"Chaney White",857,3260,658,1012,146,54,35,527,79,1,317,15,0,22,70,1,2,0.31,0.375,0.421,0.796,111,0.365,8.6,0.8,10.87,1,0.11,1920,1936,"CF",3670
17,"Dick Lundy",857,3140,562,1001,171,53,50,594,111,3,289,15,2,20,72,1,1,0.319,0.38,0.455,0.834,126,0.38,8.2,1.2,6.4,1.4,0.136,1916,1937,"SS",3522
18,"Frank Warfield",983,3675,683,963,131,52,14,382,167,7,390,31,0,26,205,5,2,0.262,0.337,0.337,0.674,83,0.311,9.1,1.6,5.1,0.3,0.075,1914,1932,"2B",4301
19,"Clint Thomas",859,3189,598,962,177,65,65,581,165,12,277,19,0,27,124,2,2,0.302,0.362,0.459,0.821,116,0.364,7.7,0.9,7.11,1.8,0.157,1920,1938,"CF",3619
20,"Vic Harris",840,3136,618,952,149,64,41,500,40,3,331,12,0,24,54,3,3,0.304,0.374,0.431,0.805,113,0.369,9.3,0.5,20,1.2,0.128,1922,1947,"LF",3548
21,"Crush Holloway",883,3472,582,944,131,52,30,410,149,2,247,9,0,15,89,1,NA,0.272,0.323,0.365,0.688,83,0.315,6.5,0.6,11.33,0.8,0.094,1921,1939,"RF",3824
22,"Jerry Benjamin",777,3100,645,914,109,41,28,364,139,2,313,10,1,16,81,1,3,0.295,0.362,0.384,0.746,103,0.346,8.9,0.3,27,0.8,0.089,1932,1948,"CF",3511
23,"George Scales",849,2777,575,909,214,51,73,619,58,0,463,28,2,23,71,2,5,0.327,0.427,0.52,0.947,143,0.424,13.9,1.7,8.14,2.2,0.193,1921,1946,"2B",3336
24,"Branch Russell",789,2956,645,908,135,75,57,502,72,NA,385,3,NA,22,110,0,NA,0.307,0.391,0.461,0.852,114,0.38,11.1,0.3,33.33,1.6,0.154,1922,1936,"RF",3473
25,"Walter Cannady",749,2787,526,890,163,47,43,553,103,3,237,16,1,10,87,3,0,0.319,0.374,0.458,0.832,117,0.372,7.6,1,7.5,1.4,0.139,1921,1945,"2B",3124
26,"Wilson Redus",819,2915,496,873,135,45,86,527,49,1,260,12,0,32,71,1,0,0.299,0.363,0.465,0.828,113,0.37,7.9,0.9,8.83,2.6,0.166,1924,1940,"LF",3279
27,"Fats Jenkins",634,2508,571,847,109,32,21,294,133,1,291,4,0,13,63,0,0,0.338,0.409,0.432,0.841,121,0.387,10.1,0.4,24.25,0.7,0.094,1920,1940,"LF",2875
28,"Buck Leonard",690,2479,603,847,160,54,106,611,38,2,453,18,3,23,35,2,3,0.342,0.447,0.578,1.025,176,0.46,15.1,0.6,23.94,3.5,0.236,1933,1948,"1B",2992
29,"Wade Johnston",704,2751,510,826,116,57,44,380,74,1,295,5,0,10,63,2,0,0.3,0.37,0.432,0.802,115,0.363,9.5,0.6,14.6,1.4,0.132,1921,1933,"LF",3121
30,"Pete Hill",690,2483,511,814,145,45,48,443,81,0,311,0,NA,20,73,2,NA,0.328,0.407,0.48,0.887,168,0.41,10.8,0,NA,1.7,0.153,1904,1925,"CF",2889
31,"John Henry Russell",791,2898,442,811,106,51,29,391,63,0,217,0,0,10,103,NA,0,0.28,0.332,0.382,0.714,85,0.321,6.7,0,NA,0.9,0.102,1923,1934,"2B",3228
32,"Bill Riggins",716,2695,506,795,124,39,45,431,104,0,259,5,NA,22,123,1,NA,0.295,0.361,0.42,0.781,99,0.349,8.4,0.4,15,1.5,0.125,1920,1935,"SS",3100
33,"George Carr",662,2440,461,765,134,38,57,437,132,6,232,32,1,23,48,3,0,0.314,0.378,0.47,0.848,130,0.386,8.4,2,4.59,2.1,0.156,1920,1934,"1B",2746
34,"John Beckwith",597,2171,444,756,160,37,99,557,48,1,188,20,NA,8,41,0,NA,0.348,0.402,0.593,0.995,169,0.437,7.8,2.3,3.05,4.1,0.245,1919,1937,"3B",2408
35,"Sandy Thompson",683,2496,362,752,103,25,7,317,63,4,189,13,0,9,88,0,0,0.301,0.353,0.371,0.724,106,0.33,6.8,1.5,4.85,0.3,0.07,1917,1933,"LF",2782
36,"Roy Parnell",621,2294,471,751,132,53,43,385,57,4,223,11,2,16,53,0,0,0.327,0.391,0.487,0.878,137,0.394,8.6,0.5,17.36,1.7,0.16,1927,1943,"LF",2586
37,"Sam Bankhead",706,2664,456,749,101,35,19,368,107,2,270,14,1,16,81,3,0,0.281,0.35,0.367,0.717,95,0.333,8.9,0.5,16.86,0.6,0.086,1932,1948,"SS",3034
38,"Frank Duncan",959,2966,441,748,126,30,15,363,67,1,357,34,1,27,160,0,3,0.252,0.338,0.33,0.668,86,0.326,7.1,0.4,16,0.3,0.08,1920,1945,"C",3510
38,"Frank Duncan",959,2966,441,748,126,30,15,363,67,1,357,34,1,27,160,0,3,0.252,0.338,0.33,0.668,86,0.307,10.2,1.8,5.56,0.4,0.078,1920,1945,"C",3510
39,"Bingo DeMoss",885,3153,576,746,104,23,4,293,183,9,363,14,NA,41,165,1,NA,0.237,0.323,0.288,0.611,79,0.29,9.8,1.5,7.21,0.1,0.051,1910,1930,"2B",3723
40,"Bullet Rogan",721,2180,426,730,110,60,50,435,111,3,254,5,0,17,52,1,0,0.335,0.408,0.509,0.917,155,0.411,10.1,0.5,19.4,2,0.174,1920,1938,"CF",2504
41,"Jelly Gardner",721,2566,491,720,77,19,3,237,140,10,379,21,0,9,80,1,0,0.281,0.375,0.329,0.704,103,0.335,12.5,1.8,6.62,0.1,0.048,1917,1931,"RF",3035
42,"Jim West",712,2542,381,719,111,40,34,402,17,0,265,17,2,17,36,3,4,0.283,0.354,0.398,0.752,99,0.349,9.3,0.8,12.82,1.2,0.115,1930,1948,"1B",2863
43,"Dave Malarcher",780,2701,482,716,81,19,7,283,135,10,370,25,0,34,136,0,0,0.265,0.361,0.317,0.678,98,0.32,11.4,2.6,4.52,0.2,0.052,1916,1934,"3B",3241
44,"Rap Dixon",608,2178,514,710,136,48,77,465,109,0,281,7,0,14,81,0,0,0.326,0.406,0.539,0.945,146,0.413,11,0.5,23.57,3,0.213,1922,1937,"RF",2554
45,"Clarence Smith",578,2215,390,710,96,52,29,394,89,1,125,5,0,4,60,1,0,0.321,0.358,0.45,0.808,112,0.36,5.2,0.9,5.6,1.2,0.13,1921,1933,"RF",2405
46,"Henry Kimbro",600,2322,500,691,111,49,31,266,79,2,331,13,1,24,23,0,2,0.298,0.391,0.428,0.818,121,0.385,12.3,0.6,19.92,1.1,0.13,1937,1948,"CF",2700
47,"Newt Joseph",690,2401,394,686,133,40,32,406,94,3,271,34,0,15,89,2,1,0.286,0.361,0.414,0.776,115,0.349,9.8,3.2,2.76,1.2,0.129,1922,1935,"3B",2778
48,"Oliver Marcell",619,2274,387,685,85,30,15,318,56,2,232,9,1,18,100,2,0,0.301,0.37,0.385,0.755,104,0.346,8.8,1,7.22,0.6,0.084,1918,1930,"3B",2626
49,"Willard Brown",485,1873,386,672,145,48,66,449,101,1,145,12,1,4,6,1,1,0.359,0.406,0.593,0.999,186,0.452,7.1,0.9,8.67,3.3,0.234,1935,1948,"CF",2029
50,"Jim Brown",752,2475,396,670,111,38,18,381,76,7,229,25,0,15,78,4,1,0.271,0.336,0.368,0.704,103,0.322,8.2,2.3,3.24,0.6,0.097,1919,1937,"C",2801
51,"Candy Jim Taylor",783,2355,358,668,105,24,37,366,112,1,220,1,0,24,62,1,0,0.284,0.351,0.396,0.747,108,0.346,8.3,0.3,35,1.4,0.112,1907,1942,"3B",2662
52,"Larry Brown",867,2563,297,659,103,36,15,324,26,1,294,13,0,24,111,0,1,0.257,0.339,0.343,0.682,86,0.314,9.8,0.9,11,0.5,0.086,1921,1947,"C",2992
53,"Gene Benson",585,2245,329,656,86,32,17,328,21,3,199,5,0,3,26,0,2,0.292,0.351,0.382,0.732,95,0.344,8,0.2,37,0.7,0.09,1934,1948,"CF",2473
54,"Charlie Blackwell",570,2076,429,654,99,50,45,371,92,1,261,3,NA,50,48,2,NA,0.315,0.404,0.476,0.88,140,0.403,10.7,0.5,21,1.8,0.161,1915,1929,"RF",2437
55,"Heavy Johnson",495,1775,329,654,121,50,57,425,47,0,161,5,0,21,51,0,0,0.368,0.427,0.589,1.016,172,0.445,8,1,5.6,2.8,0.221,1920,1932,"RF",2008
56,"Jesse Barber",558,2223,394,654,90,37,12,247,70,0,164,4,0,9,53,0,NA,0.294,0.345,0.384,0.729,125,0.343,6.7,0.9,7.75,0.5,0.09,1910,1924,"RF",2449
57,"Dobie Moore",470,1887,376,652,118,52,34,391,69,3,118,8,0,15,58,1,1,0.346,0.388,0.517,0.906,150,0.402,5.7,0.9,5.25,1.6,0.172,1920,1926,"SS",2079
58,"George Shively",535,2120,453,649,72,32,8,214,125,0,212,9,1,21,46,0,NA,0.306,0.375,0.382,0.756,115,0.358,8.8,1.5,7.11,0.3,0.075,1911,1924,"LF",2399
59,"Otto Briggs",599,2288,397,649,80,29,6,207,82,6,237,17,0,25,76,2,1,0.284,0.357,0.352,0.709,93,0.331,9,1.3,7.18,0.2,0.068,1915,1934,"RF",2628
60,"Chester Williams",630,2319,323,647,100,38,10,289,46,0,153,6,0,8,65,0,1,0.279,0.326,0.368,0.694,88,0.316,6,0.3,20,0.4,0.089,1930,1942,"SS",2545
61,"Edgar Wesley",515,1915,321,613,100,29,86,421,48,0,199,3,NA,7,40,0,NA,0.32,0.386,0.537,0.923,144,0.411,9.2,0.4,20,4,0.217,1917,1927,"1B",2161
62,"Valentín Dreke",462,1856,323,608,84,23,15,258,60,0,143,2,NA,23,37,0,NA,0.328,0.383,0.422,0.805,127,0.371,6.9,0.3,24.5,0.7,0.094,1919,1927,"LF",2059
63,"George Giles",488,1846,365,582,104,33,9,274,71,1,196,5,0,8,63,0,0,0.315,0.383,0.422,0.805,112,0.365,9.3,0.3,30.8,0.4,0.107,1927,1938,"1B",2113
64,"Dink Mothell",607,2173,416,581,106,35,18,327,88,1,244,14,0,29,120,0,0,0.267,0.349,0.373,0.722,102,0.325,9.5,1.8,5.21,0.7,0.106,1920,1934,"2B",2566
65,"Lemuel Hawkins",572,2145,327,579,64,24,5,238,59,4,167,7,0,19,66,0,2,0.27,0.328,0.329,0.657,83,0.305,7,0.9,7,0.2,0.059,1921,1928,"1B",2397
66,"Frank Duncan",605,2105,308,574,98,25,7,243,31,0,168,1,NA,40,65,0,NA,0.273,0.338,0.353,0.691,110,0.326,7.1,0.4,16,0.3,0.08,1907,1928,"LF",2378
66,"Frank Duncan",605,2105,308,574,98,25,7,243,31,0,168,1,NA,40,65,0,NA,0.273,0.338,0.353,0.691,110,0.307,10.2,1.8,5.56,0.4,0.078,1907,1928,"LF",2378
67,"Bernardo Baró",509,1955,323,573,71,29,16,246,89,1,189,1,NA,6,59,1,NA,0.293,0.357,0.384,0.741,115,0.346,8.6,0.2,47,0.7,0.091,1915,1929,"RF",2210
68,"Jake Stephens",676,2430,376,573,69,24,4,184,80,2,221,38,0,29,98,0,0,0.236,0.307,0.289,0.596,59,0.28,8,1.9,4.53,0.1,0.053,1921,1937,"SS",2778
69,"Goose Curry",622,1897,413,573,88,33,26,275,66,2,317,21,0,20,39,0,1,0.302,0.407,0.424,0.832,125,0.388,13.9,1.3,11.9,1.1,0.122,1928,1947,"RF",2273
70,"Nat Rogers",547,1893,270,571,87,30,16,292,35,1,139,4,1,8,36,0,0,0.302,0.352,0.405,0.757,116,0.346,6.7,0.5,13,0.8,0.103,1923,1945,"RF",2076
71,"Felton Snow",576,2111,307,561,76,29,12,286,29,0,146,28,0,3,70,1,2,0.266,0.314,0.346,0.66,77,0.303,6.3,1.7,3.71,0.5,0.081,1931,1947,"3B",2331
72,"Connie Day",661,2378,295,558,86,28,15,276,47,0,178,7,0,12,97,0,NA,0.235,0.291,0.313,0.605,66,0.278,6.7,0.7,10,0.6,0.079,1917,1932,"2B",2665
73,"Sanford Jackson",574,2124,343,557,55,30,2,173,72,3,161,7,0,10,87,2,1,0.262,0.317,0.319,0.636,81,0.293,6.8,0.9,6.14,0.1,0.057,1923,1936,"CF",2384
74,"Jimmie Crutchfield",565,2112,298,556,59,34,6,215,49,1,164,6,0,7,37,1,0,0.263,0.318,0.332,0.65,80,0.304,7.1,0.4,19.17,0.3,0.069,1930,1945,"CF",2321
75,"Lennie Pearson",510,1885,354,552,104,24,55,356,46,0,165,14,2,2,20,0,2,0.293,0.35,0.461,0.811,119,0.371,8,0.8,9.64,2.7,0.168,1937,1948,"1B",2072
76,"Pete Washington",585,2027,299,546,83,22,50,314,34,1,200,15,NA,18,85,NA,NA,0.269,0.34,0.406,0.746,97,0.334,8.6,1.2,7.07,2.1,0.137,1923,1936,"CF",2330
77,"Martín Dihigo",492,1756,361,546,83,27,85,383,50,2,224,5,0,9,41,0,0,0.311,0.392,0.534,0.926,144,0.408,11,0.8,15,4.2,0.223,1923,1945,"RF",2030
78,"Johnny Jones",476,1825,348,543,73,33,25,245,28,1,168,0,NA,20,47,0,NA,0.298,0.363,0.415,0.778,101,0.353,8.2,0,NA,1.2,0.117,1922,1934,"LF",2060
79,"Robert Hudspeth",468,1740,237,538,90,22,44,302,20,0,133,5,NA,8,50,2,NA,0.309,0.361,0.462,0.823,119,0.369,6.9,0.8,8.2,2.3,0.153,1920,1932,"1B",1933
80,"Steel Arm Davis",466,1649,278,538,95,45,32,319,49,4,128,10,0,13,34,0,0,0.326,0.379,0.497,0.876,150,0.389,7,1.1,6.7,1.8,0.17,1920,1935,"RF",1824
81,"Alex Radcliff",458,1814,259,537,100,32,20,265,34,2,110,25,3,10,29,1,1,0.296,0.34,0.42,0.759,122,0.345,5.6,1.6,3.28,1,0.123,1926,1946,"3B",1964
82,"Pelayo Chacón",517,1991,334,536,77,32,6,225,73,0,186,0,NA,25,62,1,NA,0.269,0.339,0.349,0.688,108,0.325,8.2,0,NA,0.3,0.08,1910,1931,"SS",2265
83,"Dave Thomas",531,1995,293,534,94,29,20,245,14,0,155,6,0,15,38,0,0,0.268,0.325,0.374,0.699,91,0.322,7,0.6,10.17,0.9,0.106,1929,1946,"1B",2203
84,"George McAllister",536,2009,304,530,63,26,11,195,31,NA,199,0,NA,6,89,NA,NA,0.264,0.332,0.337,0.669,88,0.306,8.6,0,NA,0.5,0.074,1923,1934,"1B",2303
85,"José María Fernández",552,1912,210,522,71,13,4,259,19,0,115,1,1,6,39,2,1,0.273,0.316,0.33,0.646,82,0.303,5.5,0.2,15,0.2,0.057,1916,1947,"C",2074
86,"Louis Santop",453,1547,262,519,89,28,24,318,47,0,145,1,2,8,39,0,2,0.335,0.395,0.476,0.871,150,0.401,8.3,0.3,37,1.4,0.14,1910,1926,"C",1739
87,"Sammy Hughes",449,1657,349,518,98,28,23,251,26,1,192,13,1,8,44,0,1,0.313,0.387,0.447,0.834,121,0.379,10.1,0.9,11.69,1.2,0.135,1930,1946,"2B",1901
88,"Namon Washington",571,2053,339,514,53,17,6,203,80,6,215,19,0,10,109,0,0,0.25,0.324,0.302,0.626,66,0.291,9,1.5,5.84,0.3,0.051,1920,1933,"LF",2387
89,"Jake Dunn",528,1829,309,513,82,32,22,295,29,2,183,9,0,4,49,0,0,0.28,0.347,0.396,0.744,93,0.338,8.9,0.6,17.11,1.1,0.116,1930,1940,"SS",2065
90,"Bill Perkins",554,1850,249,510,74,30,28,299,20,0,143,16,0,7,36,1,0,0.276,0.33,0.394,0.723,93,0.329,7,1.3,5.69,1.4,0.118,1928,1948,"C",2037
91,"Tommy Butts",504,1886,324,509,59,27,4,207,38,1,172,26,0,20,63,0,1,0.27,0.337,0.336,0.674,85,0.316,8,1.5,5.62,0.2,0.066,1938,1948,"SS",2141
92,"Joe Hewitt",594,2049,406,503,51,13,7,170,154,1,323,2,NA,58,88,1,NA,0.245,0.364,0.293,0.657,83,0.322,12.8,0.3,46,0.3,0.048,1911,1932,"SS",2519
93,"Jimmie Lyons",473,1720,327,501,62,29,23,233,153,11,166,13,NA,3,63,4,NA,0.291,0.354,0.401,0.755,119,0.35,8.5,1.6,5.23,1.2,0.11,1909,1932,"LF",1956
94,"Leroy Grant",578,1951,233,500,88,16,11,266,47,0,140,10,NA,25,77,3,NA,0.256,0.314,0.335,0.649,98,0.305,6.4,1.4,4,0.5,0.078,1910,1924,"1B",2196
95,"Ambrose Reid",518,1915,275,498,59,17,8,234,25,1,142,9,0,3,59,1,1,0.26,0.312,0.321,0.633,70,0.294,6.7,1.4,4.11,0.4,0.061,1921,1932,"LF",2120
96,"Mack Eggleston",571,1854,237,496,78,26,25,279,22,0,195,6,NA,13,62,1,NA,0.268,0.341,0.378,0.719,94,0.33,9.2,0.6,14,1.2,0.111,1919,1934,"C",2125
97,"Harry Jeffries",575,1956,274,496,67,13,8,196,34,1,158,2,NA,12,65,0,NA,0.254,0.313,0.313,0.627,69,0.291,7.2,0.4,18.5,0.4,0.06,1919,1944,"3B",2191
98,"Ed Rile",479,1578,272,494,97,29,38,279,26,0,159,0,NA,10,34,1,NA,0.313,0.379,0.484,0.863,126,0.385,8.9,0,NA,2.1,0.17,1919,1936,"1B",1782
99,"Johnny Washington",422,1553,242,493,73,31,12,264,41,1,95,5,0,4,23,NA,0,0.317,0.358,0.428,0.786,112,0.361,5.7,0.3,18,0.7,0.11,1936,1948,"1B",1675
100,"Wild Bill Wright",399,1516,270,493,91,42,26,271,43,1,107,9,5,12,21,1,2,0.325,0.374,0.492,0.866,131,0.387,6.5,0.8,9.22,1.6,0.167,1932,1945,"RF",1657
101,"Mitchell Murray",545,1643,272,486,86,14,30,275,34,NA,158,4,NA,22,60,0,NA,0.296,0.365,0.42,0.785,104,0.354,8.4,0.8,10,1.6,0.124,1919,1932,"C",1883
102,"Bill Hoskins",400,1464,281,481,69,42,39,295,31,0,140,18,3,11,12,2,1,0.329,0.391,0.513,0.904,142,0.41,8.6,1.4,6.44,2.4,0.184,1937,1946,"LF",1629
103,"Ed Stone",413,1527,285,475,72,38,30,266,23,2,192,13,0,6,20,0,0,0.311,0.39,0.467,0.857,126,0.392,11,0.9,12.69,1.7,0.156,1933,1946,"RF",1745
104,"Jules Thomas",391,1518,245,475,80,22,26,275,57,NA,115,NA,NA,10,28,0,NA,0.313,0.365,0.446,0.811,128,0.378,6.9,NA,NA,1.6,0.133,1908,1926,"CF",1671
105,"Charley Williams",529,1884,196,474,64,24,9,232,49,3,133,13,0,5,58,0,0,0.252,0.303,0.325,0.628,77,0.287,6.4,1.7,4.31,0.4,0.074,1921,1931,"2B",2080
106,"Bill Francis",655,2221,323,470,63,18,8,211,60,0,288,1,NA,35,113,2,0,0.212,0.311,0.267,0.578,76,0.28,10.8,0.2,46,0.3,0.055,1906,1925,"3B",2659
107,"Bob Clarke",713,2148,211,468,80,7,7,187,16,1,157,8,1,12,57,0,1,0.218,0.275,0.271,0.546,45,0.258,6.6,0.7,10.25,0.3,0.054,1922,1948,"C",2374
108,"Jim Williams",402,1496,230,464,90,16,13,256,50,1,91,1,0,10,30,1,1,0.31,0.354,0.418,0.771,111,0.351,5.6,0.1,73,0.8,0.108,1931,1944,"RF",1628
109,"Bobby Robinson",533,1891,279,462,56,21,9,190,41,0,179,4,0,15,55,1,0,0.244,0.314,0.31,0.625,67,0.292,8.4,0.6,14,0.4,0.066,1925,1940,"3B",2141
110,"Morten Clark",531,1932,301,461,54,22,3,174,99,2,222,2,0,16,71,2,NA,0.239,0.322,0.294,0.616,81,0.298,9.9,0.2,49,0.1,0.055,1908,1923,"SS",2243
111,"Alejandro Oms",370,1410,275,459,87,23,37,278,40,0,164,4,0,5,38,0,0,0.326,0.398,0.499,0.896,143,0.401,10.1,1.1,8.5,2.3,0.173,1917,1935,"CF",1617
112,"Julio Rojo",508,1719,267,457,82,24,10,252,84,3,144,1,0,12,67,1,NA,0.266,0.327,0.359,0.686,86,0.314,7.4,0.2,51,0.5,0.093,1916,1936,"C",1943
113,"Bobby Williams",587,2030,284,455,59,22,4,237,73,6,159,14,NA,19,106,1,NA,0.224,0.287,0.281,0.567,63,0.263,6.9,1.5,4.93,0.2,0.057,1917,1934,"SS",2315
114,"Bruce Petway",604,1886,269,455,59,15,7,180,61,1,166,1,NA,12,91,0,NA,0.241,0.307,0.3,0.606,79,0.285,7.7,0.2,27,0.3,0.058,1906,1925,"C",2155
115,"Henry Spearman",405,1498,228,454,90,21,27,276,7,1,126,19,0,6,18,2,2,0.303,0.359,0.445,0.804,112,0.368,7.6,1.4,5.32,1.6,0.142,1935,1945,"3B",1650
116,"Bartolo Portuondo",482,1836,266,453,54,21,1,147,66,0,138,0,NA,19,68,2,NA,0.247,0.306,0.301,0.606,80,0.287,6.7,0,NA,0,0.054,1915,1927,"3B",2063
117,"Clarence Palm",525,1542,222,450,66,17,51,290,22,0,119,2,0,6,28,1,1,0.292,0.345,0.456,0.801,109,0.359,7,0.3,31,3,0.164,1927,1946,"C",1696
118,"LeRoy Taylor",384,1461,270,449,53,21,5,191,73,1,93,7,NA,8,32,NA,NA,0.307,0.352,0.383,0.735,101,0.336,5.8,1,4.86,0.3,0.075,1925,1936,"RF",1594
119,"Dick Seay",584,2075,271,448,48,20,13,190,34,1,179,7,0,29,72,0,1,0.216,0.287,0.277,0.564,52,0.266,7.6,0.4,18.29,0.6,0.061,1926,1947,"2B",2355
120,"Halley Harding",387,1509,272,447,76,23,4,152,59,0,161,1,NA,8,43,NA,NA,0.296,0.367,0.385,0.752,103,0.344,9.4,0.2,66,0.2,0.089,1926,1937,"SS",1721
121,"George Johnson",437,1543,252,447,85,30,36,261,42,0,143,14,1,4,71,1,0,0.29,0.351,0.454,0.805,121,0.356,8.1,2.8,3.29,2,0.164,1918,1929,"CF",1762
122,"Herb Souell",392,1550,267,445,46,23,6,167,57,0,108,2,1,10,13,2,1,0.287,0.337,0.358,0.695,103,0.332,6.4,0.1,48.5,0.4,0.071,1940,1948,"3B",1683
123,"Harry Williams",416,1553,288,444,74,24,20,251,39,1,131,4,0,4,18,0,0,0.286,0.343,0.403,0.746,101,0.344,7.7,0.3,20.75,1.2,0.117,1931,1946,"2B",1706
124,"Claude Johnson",415,1534,280,443,68,13,17,197,30,1,197,6,NA,5,64,0,NA,0.289,0.372,0.383,0.755,101,0.346,10.9,1.1,10.33,0.9,0.095,1916,1930,"2B",1800
125,"Eggie Dallard",465,1669,330,436,53,20,21,198,38,4,225,17,0,15,53,0,0,0.261,0.354,0.355,0.709,86,0.331,11.5,2.3,4.71,1.1,0.093,1921,1933,"1B",1962
126,"Felipe Sierra",470,1762,268,431,61,19,7,182,28,0,239,4,NA,20,57,0,NA,0.245,0.341,0.313,0.654,82,0.309,11.5,0.9,11.5,0.3,0.068,1921,1932,"2B",2078
127,"Pat Patterson",343,1334,256,430,83,28,23,233,24,0,111,11,0,2,25,1,0,0.322,0.375,0.478,0.853,127,0.385,7.5,1,7.09,1.6,0.156,1934,1947,"2B",1473
128,"Charlie Mason",377,1385,272,429,64,20,41,269,52,0,145,3,NA,11,42,0,NA,0.31,0.38,0.474,0.853,126,0.383,9.2,1,11.33,2.6,0.164,1922,1932,"LF",1583
129,"Willie Bobo",403,1367,267,429,83,25,26,249,48,NA,200,0,NA,9,47,0,NA,0.314,0.405,0.468,0.873,123,0.391,12.3,0,NA,1.6,0.154,1923,1930,"1B",1623
130,"Geechie Meredith",435,1600,231,418,51,27,14,177,50,NA,107,0,NA,11,56,NA,NA,0.261,0.312,0.353,0.665,88,0.302,6,0,NA,0.8,0.092,1923,1930,"2B",1774
131,"Bill Pettus",352,1305,257,415,79,27,31,242,53,0,139,3,0,11,37,1,NA,0.318,0.388,0.491,0.879,153,0.404,9.3,0.7,17.33,2.1,0.173,1909,1923,"1B",1493
132,"Matt Carlisle",424,1463,265,410,60,34,12,214,50,0,141,18,1,8,54,2,1,0.28,0.346,0.392,0.739,96,0.333,8.5,1.2,7.11,0.7,0.112,1932,1948,"2B",1668
133,"Ted Radcliffe",484,1518,182,409,60,14,21,223,17,0,72,7,0,7,26,0,0,0.269,0.306,0.369,0.674,84,0.309,4.4,0.6,6.29,1.3,0.099,1928,1946,"C",1623
134,"Poindexter Williams",444,1377,165,408,62,24,22,241,10,0,86,3,0,11,28,0,0,0.296,0.343,0.424,0.767,109,0.345,5.7,0.7,5.67,1.5,0.128,1921,1933,"C",1502
135,"Country Brown",398,1440,228,403,50,14,11,205,60,1,121,6,0,6,38,4,0,0.28,0.337,0.357,0.694,97,0.323,7.5,0.9,6.83,0.7,0.077,1917,1933,"RF",1609
136,"Howard Easterling",335,1291,252,403,68,37,20,239,26,3,111,16,1,10,16,0,0,0.312,0.371,0.469,0.84,130,0.384,7.8,1.2,6.38,1.4,0.156,1936,1946,"3B",1428
137,"Pythias Russ",332,1228,230,402,68,26,17,228,51,0,77,3,0,9,35,1,0,0.327,0.371,0.467,0.838,136,0.371,5.7,0.8,4.33,1.3,0.139,1925,1929,"SS",1350
138,"Dick Jackson",418,1525,211,398,66,26,13,183,28,2,76,3,0,3,59,0,NA,0.261,0.297,0.364,0.661,75,0.295,4.6,0.6,7,0.8,0.103,1921,1931,"2B",1663
139,"Buck O'Neil",423,1531,240,397,58,28,14,195,61,2,130,8,0,5,19,2,1,0.259,0.319,0.361,0.68,98,0.321,7.7,0.7,8.88,0.8,0.102,1937,1948,"1B",1687
140,"Eustaquio Pedroso",471,1580,202,395,74,22,7,222,32,0,148,2,NA,15,51,1,NA,0.25,0.32,0.338,0.658,103,0.31,8.2,0.5,16.5,0.4,0.088,1910,1926,"1B",1795
141,"Marvin Barker",437,1536,190,389,74,12,13,151,19,2,101,11,0,5,24,0,1,0.253,0.301,0.342,0.644,74,0.3,6.1,0.9,6.73,0.8,0.089,1932,1948,"CF",1666
142,"Bill Pierce",350,1234,206,385,64,28,18,219,18,0,109,0,NA,8,39,1,NA,0.312,0.371,0.453,0.824,136,0.378,7.8,0,NA,1.3,0.141,1910,1925,"1B",1391
143,"Monte Irvin",308,1130,240,380,65,15,44,260,29,0,142,14,1,9,11,0,0,0.336,0.415,0.537,0.952,158,0.434,11,1.3,8.5,3.4,0.201,1938,1948,"CF",1292
144,"Bienvenido Jiménez",421,1554,261,377,59,23,7,110,60,1,160,1,NA,37,45,0,NA,0.243,0.328,0.324,0.651,104,0.313,8.9,0.2,62,0.4,0.081,1915,1929,"2B",1796
145,"Ruben Jones",352,1254,194,373,58,19,17,202,34,1,52,2,0,8,40,NA,0,0.297,0.33,0.415,0.744,105,0.331,3.8,1.1,2.5,1.3,0.117,1923,1940,"RF",1354
146,"John Hines",387,1289,181,365,61,19,7,197,34,1,103,12,0,10,48,1,0,0.283,0.341,0.376,0.717,110,0.326,7.1,2,3.08,0.5,0.093,1924,1934,"RF",1451
147,"Tom Young",394,1218,208,360,63,25,13,226,42,0,114,11,0,5,33,0,0,0.296,0.358,0.42,0.779,115,0.352,8.3,1.7,5.36,0.9,0.125,1926,1941,"C",1370
148,"Blainey Hall",278,1030,189,355,54,18,7,174,21,0,99,0,NA,4,30,0,NA,0.345,0.404,0.452,0.857,143,0.4,8.5,0,NA,0.6,0.108,1914,1925,"LF",1163
149,"Leroy Morney",364,1285,216,354,62,18,7,169,37,1,131,5,0,7,34,1,0,0.275,0.346,0.368,0.714,103,0.332,9,0.4,20.6,0.5,0.093,1932,1944,"SS",1458
150,"Neil Robinson",333,1179,201,348,65,21,23,193,31,2,116,9,1,14,14,0,0,0.295,0.365,0.444,0.81,136,0.376,8.8,0.8,11,1.7,0.149,1932,1948,"CF",1323
151,"Frank Austin",260,1020,197,347,62,14,3,139,23,0,103,2,2,4,29,0,1,0.34,0.403,0.437,0.84,131,0.389,8.9,0.2,51,0.3,0.097,1944,1948,"SS",1156
152,"Matías Ríos",426,1574,184,347,37,11,3,114,33,3,123,2,NA,10,78,0,NA,0.22,0.281,0.264,0.545,66,0.258,6.9,0.3,28,0.2,0.043,1915,1924,"3B",1785
153,"Manuel Villa",369,1384,165,347,44,6,4,151,19,0,111,3,NA,7,37,1,NA,0.251,0.309,0.3,0.609,91,0.291,7.2,1.1,6,0.3,0.049,1909,1922,"RF",1540
154,"Lester Lockett",334,1241,182,346,51,19,11,203,16,1,88,9,1,6,21,0,2,0.279,0.33,0.377,0.707,105,0.332,6.5,1,6.89,0.8,0.098,1937,1948,"LF",1356
155,"Spottswood Poles",290,1140,223,346,54,9,3,107,67,NA,123,NA,NA,18,32,0,NA,0.304,0.38,0.375,0.755,115,0.361,9.4,NA,NA,0.2,0.071,1909,1923,"CF",1313
156,"George Sweatt",390,1308,202,342,65,22,9,175,31,4,142,18,0,13,64,0,3,0.261,0.34,0.365,0.705,98,0.319,9.3,5.1,2.17,0.6,0.104,1922,1927,"CF",1527
157,"Harry Kenyon",392,1235,193,338,58,18,9,163,41,0,85,1,0,12,35,0,0,0.274,0.327,0.372,0.698,89,0.318,6.2,0.3,27,0.7,0.098,1917,1929,"LF",1367
158,"Charlie Smith",229,845,231,337,69,20,41,224,30,0,129,0,NA,19,19,NA,NA,0.399,0.488,0.673,1.162,183,0.502,12.7,0,NA,4.1,0.275,1924,1931,"RF",1012
159,"Ted Page",315,1164,228,336,47,21,8,130,28,0,124,4,NA,11,30,NA,NA,0.289,0.363,0.386,0.748,100,0.343,9.3,0.4,23,0.6,0.097,1926,1937,"RF",1329
160,"Ted Strong",306,1045,222,335,56,18,31,216,32,2,157,10,2,25,8,3,0,0.321,0.42,0.498,0.918,166,0.425,12.7,1.3,9.8,2.5,0.177,1936,1948,"RF",1238
161,"Cando López",302,1217,155,333,40,12,14,127,32,0,74,0,0,2,22,0,0,0.274,0.316,0.361,0.677,87,0.309,5.6,0,NA,1.1,0.087,1926,1939,"CF",1315
162,"David Whatley",257,994,199,330,52,23,13,118,30,1,77,19,1,7,12,0,0,0.332,0.384,0.47,0.854,132,0.389,7.1,1.9,3.84,1.2,0.138,1937,1944,"RF",1090
163,"Francisco Correa",315,1233,148,329,52,17,8,146,12,0,62,4,NA,6,38,NA,NA,0.267,0.305,0.356,0.661,77,0.298,4.6,0.9,4.75,0.6,0.089,1926,1936,"SS",1339
164,"George Dixon",454,1312,170,328,48,15,7,196.5,22,4,145,2,NA,20,47,3,NA,0.25,0.333,0.325,0.659,91,0.311,9.5,0.7,14,0.5,0.075,1916,1934,"C",1527
165,"Chance Cummings",346,1276,170,326,23,10,2,126,39,1,89,3,0,1,55,0,0,0.255,0.305,0.294,0.598,65,0.279,6.3,1.9,2,0.1,0.038,1916,1928,"1B",1421
166,"Hoss Walker",448,1452,202,321,47,13,8,164,14,0,123,5,0,14,61,0,0,0.221,0.288,0.288,0.576,59,0.269,7.5,0.5,15,0.5,0.067,1929,1948,"SS",1650
167,"Ángel Alfonso",302,1168,200,321,57,19,16,156,31,NA,137,0,NA,13,22,NA,NA,0.275,0.357,0.397,0.755,101,0.348,10.2,0,NA,1.2,0.122,1924,1930,"2B",1340
168,"Judy Gans",379,1300,173,318,43,13,4,123,41,NA,134,0,NA,9,38,0,NA,0.245,0.319,0.307,0.626,88,0.303,9,0,NA,0.3,0.062,1908,1925,"LF",1481
169,"Jabbo Andrews",298,1051,158,318,50,24,25,174,11,0,79,5,0,7,13,0,0,0.303,0.355,0.467,0.822,127,0.374,6.9,0.8,9.2,2.2,0.165,1930,1942,"LF",1150
170,"Marcelino Guerra",354,1283,187,318,49,23,11,183,63,0,124,7,NA,4,38,2,NA,0.248,0.316,0.348,0.663,98,0.311,8.5,1.3,6.71,0.8,0.1,1910,1924,"LF",1451
171,"Charles Wesley",374,1274,151,314,32,18,3,117,25,0,51,0,NA,0,41,0,NA,0.246,0.275,0.307,0.582,63,0.266,3.7,0,NA,0.2,0.06,1921,1939,"2B",1366
172,"Pinky Ward",339,1150,174,312,52,14,8,125,46,0,166,1,NA,10,43,NA,NA,0.271,0.368,0.362,0.73,99,0.337,12.1,0.3,34,0.6,0.09,1923,1932,"CF",1369
173,"John Donaldson",300,1093,158,307,38,17,6,153,34,0,81,5,NA,4,58,3,NA,0.281,0.332,0.363,0.695,99,0.318,6.5,0.6,10.6,0.5,0.082,1915,1932,"CF",1239
174,"Ray Dandridge",253,965,146,306,56,20,4,150,21,2,59,3,0,4,13,0,1,0.317,0.359,0.429,0.788,103,0.359,5.7,0.4,15.33,0.4,0.112,1933,1944,"3B",1041
175,"Bill Yancey",350,1170,157,303,48,14,14,156,17,0,107,6,NA,0,50,NA,NA,0.259,0.321,0.36,0.681,72,0.307,8.1,0.8,9,1.1,0.101,1927,1936,"SS",1327
176,"Tullie McAdoo",376,1322,170,302,58,16,7,152,31,2,119,11,NA,42,73,1,NA,0.228,0.312,0.312,0.624,73,0.291,7.6,2.1,3.09,0.4,0.084,1906,1924,"1B",1557
177,"Henry Williams",343,1050,156,299,53,15,16,162,14,NA,49,1,NA,3,26,NA,NA,0.285,0.319,0.41,0.728,84,0.324,4.3,0.2,12,1.4,0.125,1923,1937,"C",1128
178,"José Pérez",340,1177,185,296,37,8,4,135,16,NA,162,2,NA,33,51,0,NA,0.251,0.358,0.307,0.665,79,0.317,11.4,1.9,5,0.3,0.055,1922,1937,"1B",1423
179,"Willie Jones",356,1128,137,292,52,8,6,139,10,1,79,9,0,6,39,1,0,0.259,0.311,0.335,0.646,72,0.297,6.3,4.3,1.33,0.5,0.076,1922,1930,"C",1253
180,"Orville Singer",230,890,151,291,36,16,10,133,35,NA,55,1,NA,3,27,0,NA,0.327,0.368,0.437,0.805,107,0.363,5.6,0.4,11,1,0.11,1921,1932,"RF",975
181,"Buddy Burbage",259,958,180,290,46,20,11,134,20,0,100,5,0,3,34,NA,0,0.303,0.37,0.427,0.797,105,0.361,9.1,1.1,8.8,1,0.124,1929,1943,"RF",1095
182,"Bob Miller",332,1124,138,289,48,18,4,140,12,NA,102,1,NA,9,50,NA,NA,0.257,0.324,0.343,0.666,86,0.303,7.9,0.5,20,0.3,0.085,1923,1932,"2B",1285
183,"Clyde Spearman",274,1011,172,289,33,23,7,118,22,0,116,4,0,12,19,0,0,0.286,0.366,0.385,0.751,105,0.351,10,0.6,16.5,0.6,0.099,1932,1946,"RF",1158
184,"Bill Handy",313,1078,174,288,50,17,14,164,36,0,108,5,0,31,54,1,NA,0.267,0.351,0.384,0.735,112,0.343,8.5,1.5,6.4,1.1,0.117,1910,1922,"2B",1272
185,"Dan Wilson",288,1060,186,285,47,17,4,113,43,1,99,6,0,11,16,0,2,0.269,0.338,0.357,0.694,94,0.328,8.3,0.7,11.83,0.3,0.088,1936,1947,"LF",1186
186,"Jesse Williams",297,1044,173,284,42,19,5,111,39,1,101,2,0,12,21,1,0,0.272,0.343,0.363,0.706,117,0.335,8.6,0.2,50,0.4,0.091,1939,1945,"SS",1179
187,"Sam Bennett",293,912,144,284,52,11,11,148,23,1,77,1,NA,25,17,0,NA,0.311,0.381,0.429,0.809,131,0.38,7.5,0.4,16,1.1,0.117,1907,1925,"CF",1031
188,"Anderson Pryor",296,1059,172,283,42,12,12,128,41,NA,127,0,NA,5,40,NA,NA,0.267,0.348,0.364,0.712,86,0.326,10.3,0,NA,1,0.096,1923,1933,"2B",1231
189,"Felton Stratton",331,1240,140,283,35,19,9,128,17,NA,48,1,NA,3,40,NA,NA,0.228,0.259,0.309,0.568,58,0.256,3.6,12.5,0,0.7,0.081,1923,1933,"3B",1331
190,"Johnny Davis",263,937,153,281,54,11,30,176,10,0,119,14,2,9,15,0,1,0.3,0.384,0.477,0.861,133,0.395,11,1.3,8.21,2.8,0.177,1941,1948,"LF",1080
191,"Roy Campanella",252,888,166,278,58,14,19,168,14,3,77,16,2,7,10,0,4,0.313,0.372,0.474,0.847,128,0.386,7.8,3.4,2.13,1.9,0.161,1937,1945,"C",982
192,"Dick Wallace",307,1117,148,275,32,3,3,93,24,0,128,1,NA,6,76,0,NA,0.246,0.327,0.288,0.615,77,0.293,9.6,16.7,0,0.2,0.042,1907,1924,"SS",1327
193,"Vicente Rodríguez",351,1172,120,274,33,9,8,127,9,0,72,1,NA,10,33,1,NA,0.234,0.284,0.298,0.581,80,0.278,5.6,0.3,15,0.6,0.064,1913,1923,"C",1288
194,"Bill Monroe",260,985,156,274,32,9,5,123,31,NA,80,NA,NA,15,27,NA,NA,0.278,0.342,0.344,0.686,108,0.324,7.2,NA,NA,0.5,0.066,1899,1914,"2B",1107
195,"Mahlon Duckett",350,1155,173,272,22,18,1,110,18,0,111,9,0,3,33,0,0,0.235,0.304,0.288,0.592,62,0.283,8.5,0.8,11.56,0.1,0.053,1940,1948,"2B",1302
196,"Lloyd Davenport",253,948,143,272,49,11,1,92,29,0,79,6,0,4,9,1,0,0.287,0.344,0.365,0.709,109,0.335,7.6,0.6,12.33,0.1,0.078,1935,1945,"CF",1041
197,"Fred Bankhead",292,1040,170,270,29,11,2,110,42,0,95,7,0,21,24,0,0,0.26,0.334,0.314,0.648,91,0.314,8.1,0.8,10.14,0.2,0.055,1937,1948,"2B",1180
198,"Isidro Fabré",317,1047,123,268,52,12,11,136,7,0,62,0,NA,6,48,0,NA,0.256,0.301,0.36,0.661,83,0.296,5.3,0,NA,0.9,0.104,1918,1939,"LF",1163
199,"Irvin Brooks",241,876,124,267,35,11,21,145,15,0,73,2,NA,4,20,0,NA,0.305,0.361,0.442,0.803,128,0.366,7.5,5.3,1,2.2,0.137,1917,1933,"CF",973
200,"Cool Turner",306,1067,126,267,37,13,4,96,14,0,80,6,0,0,38,1,0,0.25,0.302,0.321,0.623,77,0.287,6.7,2.1,3,0.3,0.07,1921,1932,"SS",1186
201,"Curtis Harris",283,927,134,265,37,9,10,152,7,1,61,10,0,4,27,0,0,0.286,0.333,0.378,0.71,85,0.322,6,1.1,5.6,1,0.092,1931,1940,"1B",1019
202,"George Brown",272,1036,154,264,24,11,6,98,67,1,91,1,NA,13,40,0,NA,0.255,0.323,0.317,0.639,81,0.303,7.7,0.3,27,0.5,0.062,1910,1921,"CF",1180
203,"Bill Casey",348,1006,115,264,36,6,1,130,8,0,96,3,0,3,27,NA,0,0.262,0.329,0.313,0.642,73,0.303,8.5,0.5,19.67,0.1,0.051,1930,1942,"C",1132
204,"Cowan Hyde",253,989,149,264,29,24,1,106,54,0,42,2,0,4,9,1,0,0.267,0.299,0.348,0.647,88,0.304,4,0.3,12,0.1,0.081,1927,1948,"RF",1045
205,"Bunny Downs",313,1141,153,263,30,17,3,102,33,1,101,0,NA,1,52,0,NA,0.23,0.294,0.294,0.588,68,0.276,7.8,0,NA,0.2,0.064,1914,1929,"2B",1295
206,"Anthony Cooper",321,1098,134,263,30,12,6,116,18,0,53,2,0,7,32,NA,2,0.24,0.279,0.305,0.584,59,0.267,4.5,0.4,14,0.5,0.066,1928,1941,"SS",1190
207,"Russell Powell",333,1094,116,262,31,11,7,134,8,0,109,1,0,7,35,0,NA,0.239,0.312,0.307,0.62,82,0.299,8.8,0.2,30,0.6,0.068,1914,1921,"C",1245
208,"Pepper Daniels",360,1087,136,262,43,7,13,136,17,0,108,0,NA,1,33,0,NA,0.241,0.31,0.329,0.64,66,0.294,8.8,0,NA,1.1,0.088,1921,1935,"C",1229
209,"José Méndez",393,1134,152,262,52,13,6,114,42,0,130,8,0,6,73,1,0,0.231,0.313,0.316,0.629,85,0.291,9.7,1.4,8.5,0.4,0.085,1908,1926,"SS",1344
210,"Stack Martin",233,857,135,261,49,18,18,172,25,NA,31,2,NA,3,13,NA,NA,0.305,0.331,0.467,0.798,107,0.353,3.4,1.2,2.5,2,0.162,1925,1928,"LF",904
211,"Bill Evans",273,977,147,259,52,10,1,108,23,0,64,8,NA,2,43,NA,NA,0.265,0.312,0.342,0.653,75,0.295,5.9,1.6,4.63,0.1,0.077,1924,1937,"CF",1086
212,"Jesse Hubbard",319,891,184,259,44,19,23,134,20,0,101,5,0,9,21,0,0,0.291,0.369,0.46,0.829,121,0.373,9.9,2,4.6,2.3,0.169,1919,1935,"RF",1022
213,"Dan Kennard",291,901,131,258,51,12,18,167,22,1,72,3,NA,24,26,1,NA,0.286,0.355,0.43,0.784,115,0.361,7,0.7,9.33,1.8,0.143,1913,1925,"C",1024
214,"Bill Cash",283,938,137,256,36,17,8,132,6,0,109,7,2,3,19,1,0,0.273,0.35,0.373,0.723,97,0.34,10.2,0.7,15.29,0.7,0.1,1943,1948,"C",1070
215,"Sam Mongin",304,1029,166,255,20,10,2,100,25,0,91,1,NA,28,82,0,NA,0.248,0.326,0.293,0.618,77,0.289,7.4,0.5,24,0.2,0.045,1907,1922,"3B",1230
216,"Tommie Dukes",259,851,132,254,40,13,13,140,6,0,69,10,0,8,14,0,NA,0.298,0.357,0.422,0.779,113,0.355,7.3,2.2,4,1.4,0.123,1928,1945,"C",942
217,"Kid Lowe",272,864,103,252,27,12,3,94,15,1,64,0,NA,7,39,NA,NA,0.292,0.345,0.361,0.707,90,0.319,6.6,0,NA,0.3,0.069,1921,1930,"3B",974
218,"Grant Johnson",192,752,141,252,50,8,8,118,23,NA,61,NA,NA,23,14,NA,NA,0.335,0.402,0.455,0.857,162,0.405,7.2,NA,NA,0.9,0.12,1897,1914,"SS",850
219,"Joe Lewis",322,982,128,251,46,9,6,129,18,1,72,3,0,10,33,3,1,0.256,0.312,0.339,0.651,77,0.3,6.5,0.9,8,0.5,0.084,1920,1937,"C",1100
220,"Bob Harvey",233,805,114,250,38,11,9,119,5,0,82,3,0,2,11,1,0,0.311,0.375,0.419,0.794,118,0.372,9.1,0.7,10.67,1,0.108,1943,1948,"RF",901
221,"Parnell Woods",230,876,145,247,35,22,5,108,38,0,57,4,0,7,15,1,0,0.282,0.33,0.389,0.72,114,0.335,6,0.6,9.25,0.5,0.107,1937,1945,"3B",956
222,"Zollie Wright",233,819,132,245,29,14,14,141,5,0,105,2,0,6,20,0,0,0.299,0.383,0.42,0.803,119,0.368,11.1,0.2,45,1.5,0.121,1932,1941,"RF",950
223,"Jimmy Binder",256,960,110,244,23,15,0,85,11,0,56,3,NA,4,19,NA,NA,0.254,0.298,0.309,0.607,71,0.283,5.4,0.6,9.33,0,0.055,1930,1937,"3B",1039
224,"Jack Marshall",261,930,132,244,31,10,5,111,21,0,87,8,NA,14,36,0,NA,0.262,0.335,0.333,0.668,94,0.309,8.2,1.3,6.88,0.5,0.071,1926,1944,"2B",1067
225,"Marlin Carter",252,941,139,243,32,21,2,105,21,1,90,0,0,2,20,0,0,0.258,0.324,0.343,0.668,92,0.316,8.5,0,NA,0.2,0.085,1932,1948,"3B",1053
226,"Eufemio Abreu",284,992,109,242,37,13,2,89,17,0,75,1,NA,7,33,1,NA,0.244,0.301,0.314,0.615,76,0.286,6.8,0.2,24,0.2,0.07,1919,1925,"C",1108
227,"Grady Orange",298,1024,129,242,29,11,8,109,17,NA,53,1,NA,2,42,NA,NA,0.236,0.275,0.31,0.585,55,0.262,4.7,0.3,16,0.7,0.073,1925,1931,"2B",1121
228,"Saul Davis",286,996,118,242,36,9,8,104,30,0,41,0,NA,1,39,NA,NA,0.243,0.274,0.321,0.595,63,0.266,3.8,0,NA,0.7,0.078,1925,1934,"SS",1077
229,"Henry Blackmon",233,882,122,241,32,12,13,122,9,0,60,5,NA,4,36,0,NA,0.273,0.322,0.381,0.703,93,0.316,6.1,1,7,1.3,0.108,1917,1924,"3B",982
230,"Tommy Sampson",211,792,121,241,19,15,2,90,19,1,41,2,0,10,18,0,1,0.304,0.346,0.374,0.72,120,0.341,4.8,0.4,9.5,0.2,0.069,1937,1948,"2B",861
231,"Charles Earle",201,793,164,238,34,13,6,109,46,NA,83,NA,NA,8,20,NA,NA,0.3,0.372,0.398,0.771,118,0.366,9.2,NA,NA,0.7,0.098,1906,1919,"LF",904
232,"Johnny Hayes",313,932,111,237,35,6,12,110,7,0,126,3,0,7,28,0,0,0.254,0.347,0.343,0.691,88,0.325,11.5,0.4,26.67,1.1,0.089,1934,1948,"C",1093
233,"Henry Milton",221,858,199,237,30,18,8,97,85,1,85,4,0,9,18,0,0,0.276,0.348,0.381,0.729,110,0.34,8.8,0.9,10.75,0.8,0.105,1932,1940,"RF",970
234,"Tom Finley",253,899,146,237,51,5,19,130,28,NA,88,2,NA,4,30,0,NA,0.264,0.332,0.395,0.727,94,0.332,8.6,0.6,16,1.9,0.131,1922,1933,"3B",1021
235,"Doc Wiley",205,761,113,237,33,8,6,100,20,NA,58,NA,NA,8,17,0,NA,0.311,0.366,0.399,0.766,114,0.366,6.9,NA,NA,0.7,0.088,1909,1923,"C",844
236,"Sam Jethroe",193,758,158,236,55,23,10,108,41,0,51,5,1,11,6,0,0,0.311,0.363,0.484,0.848,149,0.391,6.2,1.2,4.8,1.2,0.173,1938,1948,"CF",826
237,"Joe Greene",274,854,160,232,44,20,19,152,17,1,134,17,1,5,15,3,2,0.272,0.372,0.437,0.809,135,0.377,13.3,2.1,6.82,1.9,0.165,1932,1948,"C",1011
238,"Rabbit Martínez",301,1003,128,230,27,9,3,89,17,0,90,7,0,4,29,0,2,0.229,0.295,0.283,0.579,59,0.275,8,1.1,7.43,0.3,0.054,1935,1947,"SS",1126
239,"Murray Watkins",247,974,148,230,20,4,1,72,24,0,90,3,0,6,20,0,0,0.236,0.305,0.268,0.573,59,0.28,8.3,0.3,30,0.1,0.032,1941,1948,"3B",1090
240,"George Britt",343,875,100,229,32,7,2,81,15,1,54,0,0,9,29,0,0,0.262,0.311,0.321,0.632,75,0.294,5.6,0,NA,0.2,0.059,1917,1944,"C",967
241,"Nish Williams",265,836,111,229,36,6,4,99,6,0,63,5,NA,10,15,0,NA,0.274,0.332,0.346,0.678,87,0.318,6.8,1.1,6.6,0.4,0.072,1929,1939,"C",924
242,"Rainey Bibbs",216,806,123,229,29,9,1,99,20,0,53,5,0,6,22,1,0,0.284,0.333,0.346,0.679,99,0.318,6,1.1,4.6,0.1,0.062,1933,1944,"2B",888
243,"Gerard Williams",208,820,138,229,36,10,4,101,32,0,79,3,NA,2,29,0,NA,0.279,0.344,0.362,0.706,83,0.324,8.5,1,8.33,0.4,0.083,1921,1925,"SS",930
244,"Tex Burnett",289,893,143,226,25,7,3,93,22,NA,78,4,0,3,36,0,0,0.253,0.315,0.307,0.622,66,0.288,7.7,1.2,7.25,0.3,0.054,1922,1941,"C",1010
245,"Willie Simms",245,943,147,225,28,16,5,86,34,1,84,7,0,5,17,0,0,0.239,0.304,0.318,0.622,86,0.296,8,1.1,8.29,0.5,0.08,1936,1943,"CF",1049
246,"Jelly Jackson",371,1156,164,225,25,12,2,105,12,0,91,14,0,7,52,0,0,0.195,0.258,0.242,0.5,33,0.234,7,1.1,6.36,0.2,0.048,1934,1945,"SS",1306
247,"Pablo Mesa",206,793,141,224,29,10,5,93,22,1,69,NA,NA,7,22,0,NA,0.282,0.345,0.363,0.708,101,0.328,7.7,NA,NA,0.6,0.081,1921,1927,"LF",891
248,"Andrew Payne",205,783,117,224,36,5,1,99,19,NA,56,NA,NA,1,27,NA,NA,0.286,0.335,0.349,0.683,107,0.317,6.5,NA,NA,0.1,0.063,1903,1919,"RF",867
249,"Doc Dudley",197,737,141,223,38,20,12,110,41,2,66,6,NA,16,28,1,NA,0.303,0.372,0.457,0.829,122,0.373,7.8,1.3,6.17,1.4,0.155,1920,1923,"LF",848
250,"Ramiro Ramírez",241,870,123,221,26,7,3,89,16,1,88,2,NA,5,26,0,NA,0.254,0.326,0.31,0.636,88,0.306,8.9,0.8,9,0.3,0.056,1916,1933,"CF",989
251,"Doc Dennis",246,871,101,218,38,8,13,132,2,0,68,3,2,6,21,0,1,0.25,0.309,0.357,0.666,84,0.309,7,0.4,18.67,1.3,0.107,1943,1948,"1B",966
252,"Esteban Montalvo",204,781,127,217,40,16,26,171,12,NA,82,1,NA,10,22,NA,NA,0.278,0.354,0.47,0.824,124,0.365,9.2,0.5,16,2.9,0.192,1923,1928,"RF",895
253,"Javier Pérez",232,804,115,216,35,8,3,107,15,0,74,6,0,2,24,1,0,0.269,0.331,0.343,0.675,80,0.312,8.2,1.1,8,0.3,0.075,1933,1945,"3B",905
254,"Clarence Lindsay",232,837,116,216,33,11,10,102,9,0,80,3,NA,2,48,0,NA,0.258,0.324,0.36,0.684,77,0.306,8.3,0.9,8.67,1,0.102,1920,1929,"SS",967
255,"Fred Hutchinson",245,843,113,215,30,13,15,114,16,NA,69,NA,NA,7,29,NA,NA,0.255,0.317,0.375,0.692,97,0.317,7.3,NA,NA,1.6,0.12,1907,1925,"SS",948
256,"Buddy Armour",203,747,116,214,38,11,3,105,30,0,53,3,1,6,9,0,0,0.286,0.339,0.379,0.718,112,0.34,6.5,0.7,8.67,0.4,0.092,1933,1947,"LF",815
257,"Jelly Taylor",234,821,101,214,22,7,3,71,16,0,81,3,2,5,22,0,1,0.261,0.331,0.315,0.646,89,0.307,8.7,0.4,23.33,0.3,0.055,1936,1946,"1B",929
258,"Tom Parker",256,762,110,213,35,11,12,127,4,0,50,3,0,2,12,2,0,0.28,0.325,0.402,0.726,99,0.333,6,0.4,15,1.4,0.122,1931,1948,"RF",828
259,"Piper Davis",181,688,123,211,38,13,9,100,18,0,63,3,0,6,4,1,0,0.307,0.369,0.439,0.808,139,0.383,8.3,0.7,12.33,1.2,0.132,1942,1948,"2B",762
260,"Archie Ware",202,748,104,210,30,9,4,113,14,1,55,2,1,11,15,0,0,0.281,0.339,0.361,0.7,102,0.33,6.6,0.4,16.5,0.5,0.08,1941,1948,"1B",829
261,"Ray Sheppard",217,739,110,209,34,14,10,102,20,1,38,1,NA,7,40,NA,NA,0.283,0.324,0.407,0.731,96,0.318,4.6,0.4,7,1.2,0.124,1924,1932,"3B",824
262,"Tetelo Vargas",160,606,131,209,33,13,4,89,12,2,66,6,0,4,8,2,0,0.345,0.412,0.462,0.874,139,0.404,9.6,1.7,4.5,0.6,0.117,1927,1943,"CF",686
263,"Johnie Scott",215,795,140,208,26,16,4,108,31,0,66,5,0,4,5,0,0,0.262,0.321,0.35,0.671,89,0.321,7.6,1.4,6,0.5,0.088,1944,1948,"LF",870
264,"Agustín Parpetti",201,742,94,204,28,10,8,115,12,NA,54,0,NA,6,23,NA,NA,0.275,0.329,0.372,0.701,120,0.328,6.5,0,NA,1,0.097,1908,1923,"1B",825
265,"Artie Wilson",133,543,102,203,22,13,0,49,19,2,56,5,0,4,6,0,0,0.374,0.436,0.462,0.898,162,0.425,9.2,1.7,5.2,0,0.088,1944,1948,"SS",609
266,"Pearl Webster",174,673,131,202,17,11,5,76,53,NA,71,NA,NA,6,23,NA,NA,0.3,0.372,0.38,0.752,116,0.358,9.2,NA,NA,0.6,0.08,1911,1918,"C",773
267,"Eddie Holtz",248,869,113,200,21,8,3,85,22,0,66,8,NA,10,28,1,NA,0.23,0.292,0.283,0.575,53,0.271,6.8,1.6,4.13,0.3,0.053,1919,1924,"SS",974
268,"Obie Lackey",203,709,84,199,27,4,7,97,9,NA,41,1,NA,1,26,NA,NA,0.281,0.321,0.36,0.681,76,0.308,5.3,0.3,16,0.9,0.079,1929,1943,"SS",777
269,"Bus Clarkson",176,635,134,198,46,9,25,146,13,0,89,7,4,1,4,0,0,0.312,0.397,0.531,0.928,152,0.42,12.2,1.1,11.29,3.4,0.219,1938,1946,"SS",729
270,"Hank Thompson",170,627,141,197,30,15,16,93,26,NA,71,1,0,7,7,NA,NA,0.314,0.39,0.486,0.877,144,0.405,10,0.3,39,2.2,0.172,1943,1948,"RF",712
271,"J. H. Hamilton",185,713,90,197,27,5,6,82,17,NA,26,NA,NA,0,22,NA,NA,0.276,0.302,0.353,0.655,78,0.294,3.4,NA,NA,0.8,0.077,1924,1927,"2B",761
272,"John Barnes",270,823,92,196,35,8,5,91,4,0,60,3,NA,3,20,1,NA,0.238,0.292,0.318,0.61,60,0.282,6.6,2.5,1.67,0.6,0.08,1921,1931,"C",907
273,"Lou Louden",205,709,103,195,27,7,3,99,13,0,49,0,1,5,9,1,0,0.275,0.326,0.346,0.671,88,0.318,6.3,0,NA,0.4,0.071,1941,1948,"C",773
274,"Bob Scott",188,725,105,192,19,1,5,68,26,1,62,NA,NA,4,13,2,NA,0.265,0.325,0.314,0.64,85,0.305,7.7,NA,NA,0.6,0.05,1919,1927,"LF",806
275,"Toussaint Allen",236,774,95,192,24,10,4,87,11,0,44,5,0,6,33,1,0,0.248,0.293,0.32,0.614,77,0.281,5.1,1.1,5.4,0.5,0.072,1919,1928,"1B",858
276,"Ameal Brooks",231,734,122,192,34,11,15,108,13,0,78,9,1,8,16,0,1,0.262,0.339,0.399,0.738,102,0.337,9.3,2.1,4,1.8,0.138,1929,1947,"C",836
277,"Otto Ray",211,640,111,191,35,19,6,96,21,0,56,5,NA,4,24,0,NA,0.298,0.359,0.441,0.799,119,0.36,7.7,1.1,7.6,0.8,0.142,1920,1924,"C",724
278,"L. D. Livingston",193,679,108,191,26,22,16,139,11,NA,69,7,NA,4,19,NA,NA,0.281,0.351,0.455,0.806,124,0.356,8.9,1.5,5.29,2.1,0.174,1928,1932,"LF",771
279,"Larry Doby",150,564,129,190,35,21,21,129,21,0,84,2,0,2,7,0,0,0.337,0.425,0.585,1.01,175,0.458,12.8,0.9,14,3.2,0.248,1942,1947,"2B",657
280,"Bert Johnson",175,634,108,190,24,15,13,129,8,0,41,3,0,3,12,NA,0,0.3,0.345,0.446,0.792,107,0.358,5.9,0.7,10,1.9,0.147,1932,1938,"RF",690
281,"Paíto Herrera",175,702,110,190,29,7,1,61,21,1,51,0,NA,9,20,0,NA,0.271,0.328,0.336,0.664,91,0.313,6.5,0,NA,0.1,0.066,1915,1928,"3B",782
282,"Dewitt Owens",212,725,76,190,28,3,1,52,18,NA,30,1,NA,1,30,NA,NA,0.262,0.292,0.313,0.605,65,0.272,3.8,0.4,10,0.1,0.051,1926,1930,"SS",786
283,"Willie Gray",187,708,134,189,37,12,4,86,32,1,78,5,NA,7,22,1,NA,0.267,0.345,0.37,0.715,80,0.331,9.6,2.2,2.6,0.5,0.103,1920,1937,"CF",816
284,"Earl Gurley",239,657,85,189,33,16,9,89,7,NA,62,3,NA,1,29,NA,NA,0.288,0.35,0.428,0.778,110,0.344,8.3,1.8,5.33,1.2,0.14,1922,1932,"LF",749
285,"John Reese",322,826,138,189,30,11,4,72,38,1,81,3,NA,2,53,1,NA,0.229,0.299,0.306,0.605,66,0.277,8.4,1.4,5.67,0.4,0.077,1918,1931,"RF",963
286,"Lázaro Salazar",171,608,110,188,32,6,10,81,20,0,70,6,NA,5,12,NA,NA,0.309,0.385,0.431,0.816,118,0.374,10.1,1.3,8.17,1.4,0.122,1930,1936,"LF",695
287,"Johnny Smith",161,616,81,188,19,11,3,80,5,0,33,5,0,0,3,1,0,0.305,0.34,0.386,0.726,116,0.343,5.1,1.6,3,0.5,0.081,1940,1948,"RF",653
288,"Ed Young",184,671,104,188,37,8,11,100,19,2,51,4,0,8,4,1,1,0.28,0.338,0.408,0.746,123,0.353,6.9,1,8.25,1.5,0.128,1936,1947,"1B",735
289,"Johnson Hill",197,729,93,186,30,11,21,104,8,0,34,3,NA,1,30,0,NA,0.255,0.289,0.413,0.702,98,0.308,4.3,1.4,2.67,2.6,0.158,1910,1928,"3B",794
290,"Pancho Coimbre",148,561,96,185,31,8,6,94,8,0,55,3,2,5,8,0,0,0.33,0.395,0.446,0.84,130,0.387,8.7,0.9,8.67,1,0.116,1940,1944,"RF",629
291,"Bonnie Serrell",162,592,102,184,37,16,9,86,13,1,44,2,0,4,9,1,0,0.311,0.362,0.473,0.835,160,0.386,6.8,0.3,21,1.4,0.162,1941,1945,"2B",650
292,"Felix McLaurin",163,636,97,183,20,11,7,57,19,0,62,4,0,4,3,0,0,0.288,0.355,0.387,0.741,122,0.356,8.8,1.2,5.25,1,0.099,1942,1946,"CF",705
293,"Bobo Leonard",210,673,96,181,28,7,9,75,11,NA,69,2,NA,1,30,0,NA,0.269,0.338,0.371,0.709,90,0.323,8.9,1.3,8.5,1.2,0.103,1921,1928,"CF",773
294,"Pepper Bassett",224,708,69,181,33,2,9,101,5,0,38,5,0,3,12,1,1,0.256,0.296,0.346,0.642,80,0.297,5,1.1,4.2,1.2,0.09,1935,1948,"C",762
295,"Eddie Dwight",212,710,145,180,14,8,2,57,74,0,83,4,NA,9,25,NA,NA,0.254,0.339,0.304,0.643,81,0.303,10,0.8,14.5,0.2,0.051,1925,1937,"CF",827
296,"Bobby Winston",185,662,125,178,34,4,2,64,21,NA,96,0,NA,3,27,1,NA,0.269,0.364,0.341,0.705,113,0.333,12.2,0,NA,0.3,0.073,1905,1921,"LF",789
297,"J. C. McHaskell",215,795,81,177,21,7,3,70,7,NA,46,0,NA,3,39,NA,NA,0.223,0.268,0.278,0.546,48,0.246,5.2,0,NA,0.3,0.055,1927,1929,"1B",883
298,"Duke Cleveland",170,630,119,177,22,6,2,73,19,1,63,7,0,5,9,0,0,0.281,0.351,0.344,0.695,110,0.336,8.9,1.1,8.29,0.3,0.063,1938,1947,"RF",707
299,"Luis Márquez",153,575,103,174,30,5,10,64,42,0,49,0,0,7,4,NA,1,0.303,0.365,0.424,0.789,123,0.373,7.7,0,NA,1.6,0.122,1946,1948,"CF",635
300,"Ashby Dunbar",157,595,102,174,28,8,2,83,27,NA,48,NA,NA,16,6,0,NA,0.292,0.361,0.376,0.738,118,0.358,7.2,NA,NA,0.3,0.084,1906,1920,"LF",665
301,"Red Longley",238,744,80,174,22,6,4,88,12,0,89,3,1,4,18,1,0,0.234,0.319,0.296,0.614,81,0.298,10.4,0.5,23,0.5,0.062,1932,1947,"LF",856
302,"Knucks James",195,778,89,173,17,11,4,73,26,NA,51,NA,NA,3,15,NA,NA,0.222,0.273,0.288,0.561,66,0.269,6,NA,NA,0.5,0.066,1900,1918,"2B",847
303,"Clarence Isreal",217,711,123,172,19,8,6,79,13,1,82,9,0,4,15,NA,1,0.242,0.324,0.316,0.64,75,0.305,10.1,1.3,8.33,0.7,0.075,1940,1947,"3B",812
304,"Ed Mayweather",183,623,94,171,28,14,10,106,7,0,66,5,0,4,9,1,0,0.274,0.347,0.413,0.76,122,0.353,9.4,0.8,12,1.4,0.138,1935,1942,"1B",703
305,"Todd Allen",175,622,97,171,34,4,8,83,41,NA,68,NA,NA,5,12,NA,NA,0.275,0.351,0.381,0.732,107,0.35,9.6,NA,NA,1.1,0.106,1908,1925,"3B",707
306,"Quincy Trouppe",204,631,111,170,31,11,7,94,12,0,88,6,3,8,10,1,0,0.269,0.365,0.387,0.752,114,0.354,11.9,1.3,8.83,0.9,0.117,1930,1948,"C",738
307,"John Britton",150,621,82,169,19,6,1,72,10,0,24,2,0,5,10,2,0,0.272,0.304,0.327,0.631,88,0.299,3.6,0.6,7,0.2,0.055,1942,1948,"3B",662
308,"Jasper Washington",151,556,75,168,41,5,3,96,5,0,24,2,NA,12,12,1,NA,0.302,0.344,0.41,0.754,94,0.345,4,0.8,5,0.5,0.108,1922,1933,"1B",605
309,"Dave Hoskins",158,565,87,165,22,11,5,87,3,1,39,7,0,2,12,1,0,0.292,0.339,0.396,0.736,104,0.342,6.3,1.1,5.57,0.8,0.104,1942,1946,"RF",619
310,"Bill Cooper",196,604,104,165,26,4,7,78,9,1,64,14,0,2,10,0,0,0.273,0.345,0.364,0.709,91,0.333,9.4,2.1,4.36,1,0.091,1937,1946,"C",680
311,"José Magriñat",202,736,68,165,29,8,2,74,12,NA,39,NA,NA,1,27,NA,NA,0.224,0.264,0.293,0.558,76,0.259,4.9,NA,NA,0.2,0.069,1906,1916,"LF",803
312,"Jimmy Ford",176,635,86,165,20,9,4,80,11,0,48,2,1,1,8,1,1,0.26,0.312,0.339,0.651,92,0.309,6.9,0.6,12.5,0.6,0.079,1937,1945,"2B",693
313,"Recurvon Terán",176,666,87,165,23,7,4,87,15,0,56,0,NA,5,18,1,NA,0.248,0.31,0.321,0.632,87,0.301,7.5,0,NA,0.5,0.074,1915,1924,"2B",746
314,"Charlie Spearman",181,555,90,165,31,6,14,100,8,0,50,NA,NA,6,18,0,NA,0.297,0.362,0.45,0.812,111,0.363,7.9,NA,NA,2.2,0.153,1919,1929,"C",629
315,"Joe Scott",141,537,74,164,20,8,3,70,12,1,31,1,NA,2,2,NA,NA,0.305,0.346,0.389,0.735,107,0.344,5.4,0.2,29,0.5,0.084,1927,1938,"1B",572
316,"Harry Moore",180,693,103,164,29,4,5,88,10,NA,57,NA,NA,3,16,NA,NA,0.237,0.297,0.312,0.609,79,0.287,7.4,NA,NA,0.7,0.075,1894,1913,"1B",769
317,"Ernest Duff",142,492,90,163,27,7,4,69,17,NA,26,0,NA,4,14,NA,NA,0.331,0.37,0.439,0.809,112,0.362,4.9,0,NA,0.7,0.108,1925,1929,"RF",536
318,"Jim Starks",183,604,95,163,31,5,15,93,10,1,62,6,1,4,8,1,1,0.27,0.341,0.412,0.754,100,0.344,9.1,1.3,6.83,2.2,0.142,1927,1946,"1B",679
319,"Minnie Miñoso",122,514,97,161,32,12,9,66,11,2,40,1,0,5,1,NA,0,0.313,0.369,0.475,0.843,141,0.394,7.1,0.2,36,1.6,0.161,1946,1948,"3B",560
320,"Wesley Pryor",139,549,82,161,22,7,3,73,12,NA,31,NA,NA,4,11,NA,NA,0.293,0.336,0.375,0.711,110,0.331,5.2,NA,NA,0.5,0.082,1907,1914,"3B",595
321,"Harry Buckner",153,506,91,161,38,10,10,88,26,NA,42,NA,NA,21,10,NA,NA,0.318,0.394,0.492,0.886,168,0.41,7.3,NA,NA,1.7,0.174,1896,1917,"RF",579
322,"Norman Robinson",171,588,84,160,23,7,0,72,15,1,40,0,0,2,5,0,0,0.272,0.321,0.335,0.656,76,0.313,6.3,0,NA,0,0.063,1940,1948,"RF",635
323,"Subby Byas",196,593,81,159,25,4,3,64,10,2,62,3,1,8,18,0,0,0.268,0.345,0.339,0.684,96,0.322,9.1,0.5,17.67,0.4,0.071,1932,1942,"C",681
324,"Milton Lewis",168,580,71,159,24,6,19,102,0,0,35,9,0,4,8,0,1,0.274,0.32,0.434,0.754,100,0.34,5.6,10.5,0.33,3,0.16,1922,1928,"2B",627
325,"Eppie Hamilton",209,546,57,158,22,8,3,67,5,NA,21,1,NA,3,14,NA,NA,0.289,0.319,0.375,0.695,90,0.316,3.6,0.7,7,0.5,0.086,1923,1937,"C",584
326,"Billy Horne",194,683,85,158,16,8,2,76,13,0,60,8,0,1,23,1,1,0.231,0.294,0.287,0.581,75,0.276,7.8,1.5,4.88,0.3,0.056,1938,1946,"2B",768
327,"Thad Christopher",193,632,94,158,30,5,14,82,11,1,84,2,0,2,9,0,0,0.25,0.34,0.38,0.72,99,0.337,11.6,0.4,31,1.9,0.13,1935,1945,"LF",727
328,"John Cason",195,655,55,157,19,5,3,63,5,0,57,1,NA,8,23,1,NA,0.24,0.308,0.298,0.606,69,0.285,7.7,0.7,14,0.4,0.058,1918,1928,"C",744
329,"Lou Dials",178,592,81,157,26,14,7,80,12,0,61,2,NA,1,15,NA,NA,0.265,0.335,0.392,0.727,97,0.333,9.1,1.1,5.5,1,0.127,1927,1936,"RF",669
330,"Pedro Arango",158,586,74,157,21,10,9,85,12,NA,41,3,NA,7,12,0,NA,0.268,0.323,0.384,0.707,91,0.321,6.3,2,3.33,1.4,0.116,1925,1939,"3B",646
331,"Rogelio Alonso",182,648,74,157,25,8,1,55,17,NA,47,1,NA,4,7,NA,NA,0.242,0.298,0.31,0.608,72,0.284,6.7,0.7,6,0.1,0.068,1927,1930,"LF",706
332,"Frank Russell",159,581,81,156,28,8,0,77,11,0,31,1,0,7,19,0,0,0.269,0.313,0.344,0.658,78,0.306,4.9,0.2,12,0,0.076,1943,1948,"2B",638
333,"Milt Laurent",191,666,90,156,29,7,3,78,23,NA,37,0,NA,1,14,NA,NA,0.234,0.276,0.312,0.588,61,0.27,5.2,0,NA,0.4,0.078,1929,1932,"2B",718
334,"Pete Booker",160,560,87,155,27,0,0,61,6,NA,36,NA,NA,7,25,NA,NA,0.277,0.328,0.325,0.653,91,0.302,5.7,NA,NA,0,0.048,1905,1917,"C",628
335,"Rogelio Linares",172,611,82,155,30,9,4,79,6,0,50,6,1,9,14,0,0,0.254,0.319,0.352,0.671,83,0.314,7.3,1.1,5.5,0.6,0.098,1940,1946,"LF",684
336,"Jimmy Wilkes",179,655,115,154,19,8,5,60,10,0,86,0,0,3,10,NA,1,0.235,0.327,0.311,0.638,78,0.311,11.4,0,NA,0.7,0.076,1945,1948,"CF",754
337,"Leon Ruffin",241,725,81,154,19,2,2,91,7,0,56,4,0,7,20,0,0,0.212,0.275,0.252,0.528,42,0.254,6.9,1,8,0.2,0.04,1935,1946,"C",808
338,"Red Moore",166,553,79,154,24,8,3,88,5,0,58,4,0,5,23,0,0,0.278,0.352,0.367,0.719,96,0.331,9.1,0.7,11.75,0.5,0.089,1936,1940,"1B",639
339,"Ed Steele",131,454,100,154,25,15,9,82,15,3,69,3,1,16,8,1,0,0.339,0.443,0.52,0.962,180,0.446,12.6,1.1,10.67,1.6,0.181,1942,1948,"RF",548
340,"Bill Kindle",128,494,100,152,18,6,3,59,39,NA,44,NA,NA,5,23,0,NA,0.308,0.37,0.387,0.757,115,0.351,7.8,NA,NA,0.5,0.079,1911,1925,"2B",566
341,"Silvio García",132,475,67,152,22,7,9,90,25,0,38,0,0,6,5,NA,1,0.32,0.378,0.453,0.83,125,0.386,7.3,0,NA,1.7,0.133,1936,1947,"SS",524
342,"Gervasio González",172,637,93,152,25,4,3,77,12,NA,69,NA,NA,8,28,NA,NA,0.239,0.321,0.305,0.625,100,0.299,9.3,NA,NA,0.4,0.066,1910,1917,"1B",742
343,"Dennis Graham",125,449,78,152,17,6,1,70,14,1,31,1,0,0,8,0,NA,0.339,0.381,0.41,0.791,101,NA,NA,NA,NA,NA,NA,1921,1931,"RF",488
344,"Eddie Douglass",140,565,79,152,18,3,8,64,19,0,28,NA,NA,1,14,0,NA,0.269,0.305,0.354,0.659,94,0.303,4.6,NA,NA,1.3,0.085,1918,1925,"1B",608
345,"Luis Bustamante",172,643,81,151,19,5,0,49,25,NA,58,NA,NA,2,16,NA,NA,0.235,0.3,0.28,0.58,83,0.279,8.1,NA,NA,0,0.045,1904,1913,"SS",719
346,"Robert Bonner",173,632,87,149,38,7,8,71,9,0,42,2,NA,6,16,0,NA,0.236,0.29,0.356,0.646,64,0.293,6,1,7,1.1,0.12,1921,1926,"1B",696
347,"Bill Johnson",157,528,70,148,24,11,8,72,10,NA,45,NA,NA,2,17,0,NA,0.28,0.339,0.413,0.752,99,0.339,7.6,NA,NA,1.4,0.133,1920,1928,"C",592
348,"Eugene Moore",161,600,86,148,23,5,1,64,36,1,51,1,NA,11,21,0,NA,0.247,0.317,0.307,0.624,75,0.296,7.5,0.9,11,0.1,0.06,1909,1921,"RF",683
349,"Paul Hardy",220,659,81,148,16,7,1,59,9,0,46,3,0,5,17,0,0,0.225,0.28,0.275,0.555,63,0.264,6.3,0.6,11.33,0.1,0.05,1932,1943,"C",727
350,"John Shackelford",145,519,67,148,13,6,6,50,14,0,23,0,0,0,8,0,0,0.285,0.315,0.368,0.684,79,0.312,4.2,0,NA,1.1,0.083,1924,1930,"3B",550
351,"Johnny Pugh",170,575,93,147,23,5,8,86,51,0,49,0,0,11,12,1,NA,0.256,0.325,0.355,0.68,95,0.328,7.6,0,NA,1.2,0.099,1908,1922,"RF",648
352,"Willie Woods",175,638,63,146,9,2,0,45,27,1,28,1,0,10,23,0,NA,0.229,0.272,0.249,0.521,51,0.247,4,0.2,17,0,0.02,1919,1926,"CF",699
353,"Danny McClellan",135,518,72,144,18,5,0,47,12,NA,38,NA,NA,1,13,NA,NA,0.278,0.329,0.332,0.661,105,0.316,6.7,NA,NA,0,0.054,1903,1913,"CF",570
354,"Chico Renfroe",155,518,83,143,20,10,1,58,10,0,62,0,NA,9,24,NA,0,0.276,0.363,0.359,0.722,101,0.339,10.1,0,NA,0.2,0.083,1945,1948,"SS",613
355,"Chuffie Alexander",162,545,72,143,22,8,1,45,18,NA,21,1,NA,2,26,NA,NA,0.262,0.292,0.338,0.63,85,0.281,3.5,0.2,16,0.2,0.075,1927,1932,"LF",594
356,"Tatica Campos",190,653,74,142,12,0,2,46,20,1,76,NA,NA,0,24,0,NA,0.217,0.299,0.245,0.544,74,0.269,10.1,NA,NA,0.3,0.028,1915,1930,"RF",753
357,"Scrappy Brown",178,600,68,140,17,5,2,47,19,1,28,2,NA,4,32,0,NA,0.233,0.272,0.288,0.56,48,0.253,4.2,0.9,5,0.3,0.055,1920,1930,"SS",664
358,"John Bissant",146,504,80,140,19,10,3,50,8,1,36,3,0,1,8,0,1,0.278,0.327,0.373,0.7,112,0.33,6.6,1,6.33,0.5,0.095,1937,1947,"LF",549
359,"Johnie Watson",162,575,98,140,19,7,4,61,15,NA,42,0,NA,1,17,0,NA,0.243,0.296,0.322,0.618,59,0.284,6.6,0,NA,0.6,0.078,1917,1926,"LF",635
360,"Burdell Young",137,517,78,139,18,12,7,57,14,NA,38,NA,NA,2,17,0,NA,0.269,0.321,0.391,0.712,82,0.321,6.6,NA,NA,1.2,0.122,1922,1928,"RF",574
361,"Jim Gilliam",144,502,96,139,23,9,0,68,18,1,68,0,0,3,16,NA,0,0.277,0.366,0.359,0.725,103,0.343,11.5,0,NA,0,0.082,1946,1948,"2B",589
362,"Isaac Lane",138,508,91,138,13,7,4,50,23,0,45,1,NA,4,10,0,NA,0.272,0.336,0.348,0.684,87,0.322,7.9,0.2,36,0.7,0.077,1918,1922,"3B",567
363,"Louis Miller",180,664,62,137,23,2,1,62,18,0,44,1,NA,5,27,1,NA,0.206,0.261,0.252,0.512,50,0.244,5.9,0.6,11,0.1,0.045,1910,1923,"3B",741
364,"Buck Miller",232,618,67,137,16,10,0,44,7,0,55,1,0,0,20,0,0,0.222,0.285,0.28,0.565,58,0.263,7.9,1.2,6,0,0.058,1924,1930,"SS",693
365,"Tack Summers",147,491,62,137,17,6,2,47,5,NA,38,1,NA,8,10,NA,NA,0.279,0.341,0.35,0.691,80,0.32,6.9,0.4,17,0.4,0.071,1923,1928,"LF",547
366,"T. J. Brown",172,561,64,136,28,5,0,49,12,0,35,1,0,5,25,0,0,0.242,0.293,0.31,0.603,81,0.283,5.6,0.2,29,0,0.068,1939,1948,"SS",626
367,"Chappie Johnson",184,634,57,135,25,1,5,61,12,NA,52,NA,NA,5,34,0,NA,0.213,0.278,0.279,0.557,69,0.262,7.2,NA,NA,0.7,0.066,1899,1922,"C",725
368,"Lee Moody",123,468,55,134,20,3,2,70,6,0,16,0,0,0,10,0,NA,0.286,0.31,0.355,0.665,100,NA,NA,NA,NA,NA,NA,1944,1947,"1B",494
369,"Johnny Ray",174,610,102,134,7,5,0,40,9,0,80,6,0,13,10,1,0,0.22,0.322,0.248,0.57,71,0.288,11.2,1.4,8.33,0,0.028,1937,1945,"CF",714
370,"Charlie Parks",178,495,57,134,25,8,6,64,3,0,58,10,1,2,13,0,1,0.271,0.35,0.39,0.739,104,0.343,10.2,1.8,5.7,1.1,0.119,1938,1947,"C",568
371,"Art Pennington",139,498,71,134,14,8,7,64,10,0,67,7,0,2,4,0,0,0.269,0.358,0.371,0.73,125,0.351,11.7,2,5.43,1.2,0.102,1941,1945,"LF",571
372,"Carlos Morán",127,487,90,132,21,6,3,48,12,NA,49,NA,NA,3,18,NA,NA,0.271,0.341,0.357,0.699,113,0.325,8.8,NA,NA,0.5,0.086,1906,1914,"3B",557
373,"Babe Melton",114,401,81,132,19,18,16,71,14,NA,30,0,NA,4,7,NA,NA,0.329,0.382,0.586,0.968,135,NA,NA,NA,NA,NA,NA,1926,1929,"CF",442
374,"Ernest Gatewood",215,666,63,132,10,5,0,60,11,NA,52,NA,NA,1,15,0,NA,0.198,0.257,0.228,0.486,36,0.238,7.1,NA,NA,0,0.03,1914,1927,"C",734
375,"James Buford",125,448,54,131,12,6,3,48,13,NA,17,NA,NA,1,8,NA,NA,0.292,0.32,0.366,0.686,95,NA,NA,NA,NA,NA,NA,1929,1933,"2B",474
376,"Bud Barbee",173,490,63,130,13,5,6,67,4,1,52,1,1,1,7,0,0,0.265,0.337,0.349,0.686,87,0.324,9.5,0.6,15,1.1,0.084,1937,1948,"1B",550
377,"Sam Hairston",115,414,74,129,23,4,5,62,7,0,42,1,0,3,5,0,1,0.312,0.379,0.423,0.802,126,NA,NA,NA,NA,NA,NA,1944,1948,"3B",464
378,"William Parks",128,476,62,129,18,4,2,48,13,NA,44,NA,NA,2,23,0,NA,0.271,0.335,0.338,0.673,103,0.316,8.1,NA,NA,0.4,0.067,1909,1922,"SS",545
379,"Robert Gaston",197,564,67,129,28,3,2,75,1,1,64,4,0,7,15,0,0,0.229,0.315,0.3,0.615,67,0.294,9.8,0.9,10.5,0.3,0.071,1932,1948,"C",650
380,"George Wright",122,459,54,128,24,1,2,56,9,NA,28,NA,NA,1,5,NA,NA,0.279,0.322,0.349,0.67,96,NA,NA,NA,NA,NA,NA,1904,1913,"SS",493
381,"Lyman Bostock",109,394,46,128,18,7,0,54,4,0,29,0,0,0,9,NA,0,0.325,0.371,0.406,0.777,128,NA,NA,NA,NA,NA,NA,1940,1948,"1B",432
382,"Marvin Williams",85,335,68,127,24,10,8,79,6,NA,25,10,1,2,4,0,0,0.379,0.425,0.582,1.008,161,NA,NA,NA,NA,NA,NA,1943,1945,"2B",366
383,"Bob Thurman",119,379,60,126,19,7,8,65,10,0,24,0,NA,3,3,NA,NA,0.332,0.377,0.483,0.86,142,NA,NA,NA,NA,NA,NA,1946,1948,"RF",409
384,"John Kemp",140,487,52,126,17,2,3,48,7,NA,23,NA,NA,0,21,NA,NA,0.259,0.292,0.32,0.612,74,0.28,4.3,NA,NA,0.6,0.062,1923,1928,"CF",531
385,"Dave Campbell",135,484,65,125,17,6,2,37,7,0,45,2,0,2,11,NA,0,0.258,0.324,0.331,0.654,72,0.306,8.3,0.4,22.5,0.4,0.072,1938,1942,"2B",542
386,"Harry Bauchman",173,588,71,125,13,5,1,55,21,2,49,0,NA,2,24,0,NA,0.213,0.275,0.257,0.532,68,0.256,7.4,0,NA,0.2,0.044,1911,1921,"2B",663
387,"John Lyles",143,495,82,125,16,4,1,48,21,0,44,4,0,8,10,0,0,0.253,0.324,0.307,0.631,90,0.305,7.9,1,8.25,0.2,0.055,1932,1943,"SS",557
388,"Will Owens",175,591,55,125,8,2,0,43,6,NA,32,0,NA,1,15,NA,NA,0.212,0.253,0.232,0.485,34,0.229,5,0,NA,0,0.02,1923,1933,"SS",639
389,"Marshall Riddle",131,452,45,124,13,9,1,48,15,0,39,3,0,1,12,0,0,0.274,0.333,0.35,0.683,105,0.322,7.7,0.7,10.67,0.2,0.075,1937,1943,"2B",504
390,"Willie Grace",113,400,45,123,16,4,1,54,5,3,26,0,0,1,10,0,0,0.308,0.351,0.375,0.726,111,NA,NA,NA,NA,NA,NA,1943,1948,"RF",437
391,"Granville Lyons",129,469,53,122,17,10,4,52,3,1,24,2,NA,2,11,NA,NA,0.26,0.299,0.365,0.664,82,0.3,4.7,1.1,5,0.8,0.104,1932,1942,"1B",506
392,"Rafael Figarola",160,507,52,120,11,1,2,46,11,NA,37,NA,NA,2,33,NA,NA,0.237,0.291,0.274,0.565,80,0.263,6.4,NA,NA,0.3,0.037,1904,1923,"C",579
393,"Sylvester Foreman",187,536,63,120,12,10,3,57,3,0,62,3,0,4,19,0,0,0.224,0.309,0.3,0.609,64,0.286,10,2.3,3.33,0.5,0.076,1921,1932,"C",621
394,"Ralph Wyatt",126,490,69,120,9,9,3,49,10,0,33,0,0,0,10,0,0,0.245,0.293,0.318,0.611,87,0.289,6.2,0,NA,0.6,0.073,1941,1946,"SS",533
395,"Verdell Mathis",168,446,68,120,10,1,1,39,6,0,43,4,1,0,7,0,0,0.269,0.333,0.303,0.636,89,NA,NA,NA,NA,NA,NA,1940,1948,"CF",496
396,"Horace Jenkins",124,422,54,119,13,3,0,42,4,NA,32,0,NA,9,10,0,NA,0.282,0.346,0.327,0.673,114,NA,NA,NA,NA,NA,NA,1910,1921,"CF",473
397,"Sidney Brooks",186,528,48,119,20,1,0,43,16,1,51,0,NA,3,17,0,NA,0.225,0.297,0.267,0.564,55,0.273,8.5,0,NA,0,0.042,1919,1926,"LF",599
398,"Jesse Douglas",106,405,62,118,13,7,1,46,13,2,30,0,0,3,6,0,0,0.291,0.345,0.365,0.71,117,NA,NA,NA,NA,NA,NA,1940,1945,"2B",444
399,"Harry Simpson",124,412,71,118,18,4,3,53,6,NA,41,1,1,1,2,NA,0,0.286,0.352,0.371,0.724,106,NA,NA,NA,NA,NA,NA,1946,1948,"CF",456
400,"Fernando Díaz",119,455,59,117,17,7,1,49,14,0,41,1,0,5,8,0,0,0.257,0.325,0.332,0.657,84,0.315,8.1,0.3,32,0.2,0.075,1945,1947,"RF",509
401,"Cleo Smith",112,407,77,117,16,8,5,56,19,0,39,1,NA,0,18,0,NA,0.287,0.35,0.403,0.753,106,NA,NA,NA,NA,NA,NA,1922,1928,"2B",464
402,"Cleveland Clark",136,443,68,115,18,10,2,52,7,0,56,1,0,2,12,0,NA,0.26,0.345,0.359,0.704,100,0.333,10.9,0.2,53,0.4,0.099,1945,1948,"CF",513
403,"Willie Miles",117,449,61,115,14,2,3,30,13,NA,40,NA,NA,3,10,0,NA,0.256,0.321,0.316,0.637,75,0.304,8,NA,NA,0.6,0.06,1921,1927,"CF",502
404,"Jack Ridley",129,488,59,114,9,6,2,50,11,NA,39,2,NA,2,9,NA,NA,0.234,0.293,0.289,0.582,65,0.277,7.2,1.4,10,0.4,0.055,1929,1933,"CF",538
405,"Fran Matthews",123,431,93,114,14,8,8,58,8,0,54,5,1,3,7,NA,1,0.265,0.35,0.39,0.74,98,NA,NA,NA,NA,NA,NA,1938,1945,"1B",495
406,"Regino García",102,401,60,114,26,3,2,63,9,NA,26,NA,NA,3,11,NA,NA,0.284,0.333,0.379,0.712,121,NA,NA,NA,NA,NA,NA,1905,1912,"C",441
407,"Buck Ewing",118,367,65,113,19,13,3,59,4,0,36,2,NA,0,12,0,NA,0.308,0.37,0.455,0.825,107,NA,NA,NA,NA,NA,NA,1920,1930,"C",415
408,"Goose Tatum",115,410,54,113,17,7,3,62,6,1,30,1,1,1,7,NA,0,0.276,0.327,0.373,0.7,102,NA,NA,NA,NA,NA,NA,1941,1948,"1B",448
409,"Luke Easter",110,390,74,113,21,10,12,77,5,0,55,4,0,5,1,NA,0,0.29,0.384,0.487,0.872,147,NA,NA,NA,NA,NA,NA,1947,1948,"LF",451
410,"Miguel Solís",118,449,56,112,17,6,1,52,9,NA,30,0,0,6,10,0,0,0.249,0.305,0.321,0.626,63,NA,NA,NA,NA,NA,NA,1928,1940,"3B",495
411,"Malvin Powell",186,479,56,109,13,6,3,51,5,0,32,3,NA,2,12,NA,NA,0.228,0.279,0.299,0.577,64,0.266,6.1,1.1,5.33,0.6,0.071,1929,1937,"RF",525
412,"Ted Kimbro",104,385,58,109,19,6,3,59,11,NA,38,NA,NA,2,11,NA,NA,0.283,0.351,0.387,0.738,107,NA,NA,NA,NA,NA,NA,1914,1918,"3B",436
413,"Koke Alexander",108,396,54,108,16,10,2,50,12,1,32,1,NA,6,6,0,NA,0.273,0.336,0.379,0.715,107,NA,NA,NA,NA,NA,NA,1918,1921,"LF",440
414,"Willie Ware",148,491,48,107,16,7,0,50,3,NA,21,NA,NA,1,27,NA,NA,0.218,0.251,0.279,0.53,50,0.236,3.9,NA,NA,0,0.061,1924,1926,"1B",540
415,"Rich Gee",122,372,48,107,21,4,5,60,6,NA,37,NA,NA,0,10,NA,NA,0.288,0.352,0.406,0.758,93,NA,NA,NA,NA,NA,NA,1923,1929,"C",419
416,"Charlie Biot",115,374,58,106,20,11,4,54,11,2,34,12,0,2,9,NA,1,0.283,0.346,0.428,0.774,109,NA,NA,NA,NA,NA,NA,1939,1941,"CF",419
417,"Big Bill Smith",109,400,40,106,18,6,5,39,7,NA,27,0,NA,7,7,NA,NA,0.265,0.323,0.378,0.7,117,NA,NA,NA,NA,NA,NA,1898,1914,"C",441
418,"Donald Reeves",97,333,52,106,12,10,10,75,8,1,23,10,0,1,1,1,1,0.318,0.363,0.505,0.868,155,NA,NA,NA,NA,NA,NA,1937,1941,"RF",359
419,"Rogelio Crespo",138,495,66,105,11,6,2,48,10,NA,50,NA,NA,15,20,NA,NA,0.212,0.304,0.271,0.574,62,0.278,8.6,NA,NA,0.3,0.059,1918,1927,"2B",580
420,"Charlie Watts",170,466,51,105,22,6,3,50,6,NA,34,NA,NA,4,24,0,NA,0.225,0.284,0.318,0.601,55,0.27,6.4,NA,NA,0.6,0.092,1924,1927,"2B",528
421,"Willie Green",109,411,43,104,12,4,1,39,15,0,45,1,NA,3,9,0,NA,0.253,0.331,0.309,0.64,95,NA,NA,NA,NA,NA,NA,1915,1924,"3B",468
422,"Fred McDaniel",122,432,67,104,15,6,0,36,10,NA,47,0,0,6,9,0,0,0.241,0.324,0.303,0.627,91,NA,NA,NA,NA,NA,NA,1940,1946,"LF",494
423,"Phil Bradley",124,459,62,104,16,2,2,45,38,NA,44,NA,NA,6,10,NA,NA,0.227,0.303,0.283,0.586,71,0.288,8.5,NA,NA,0.4,0.057,1907,1914,"C",519
424,"Jimsey Roussell",98,354,56,103,18,5,3,62,10,NA,19,NA,NA,0,10,NA,NA,0.291,0.327,0.395,0.723,95,NA,NA,NA,NA,NA,NA,1929,1930,"CF",383
425,"Clyde Nelson",118,408,56,103,18,4,4,55,3,0,34,2,0,4,2,0,1,0.252,0.316,0.346,0.662,93,NA,NA,NA,NA,NA,NA,1943,1948,"3B",448
426,"Nate Harris",104,392,75,103,9,3,0,37,18,NA,45,NA,NA,4,9,0,NA,0.263,0.345,0.301,0.646,93,NA,NA,NA,NA,NA,NA,1902,1913,"2B",450
427,"Ricardo Hernández",114,432,81,103,10,12,0,36,10,NA,53,NA,NA,1,14,NA,NA,0.238,0.323,0.317,0.64,100,0.303,10.6,NA,NA,0,0.079,1908,1914,"3B",500
428,"Paul Arnold",115,403,69,103,14,6,0,35,7,0,53,6,0,1,15,0,0,0.256,0.344,0.32,0.664,69,NA,NA,NA,NA,NA,NA,1926,1936,"CF",472
429,"Charles Zomphier",143,420,78,103,14,3,4,40,11,NA,64,NA,NA,2,14,NA,NA,0.245,0.348,0.321,0.669,79,0.315,12.8,NA,NA,0.8,0.076,1926,1931,"2B",500
430,"Archie Brathwaite",108,385,60,103,19,5,4,60,9,NA,39,0,NA,4,5,0,NA,0.268,0.341,0.374,0.715,101,NA,NA,NA,NA,NA,NA,1944,1948,"RF",433
431,"Bob Fagan",125,394,50,102,16,2,1,44,11,0,35,0,NA,6,14,1,NA,0.259,0.328,0.317,0.645,77,NA,NA,NA,NA,NA,NA,1921,1923,"2B",450
432,"Boots McClain",127,455,57,102,12,7,4,50,11,NA,35,6,NA,4,11,0,NA,0.224,0.285,0.308,0.593,54,0.277,6.9,5.4,1.5,0.8,0.084,1920,1926,"SS",505
433,"Aurelio Cortés",122,416,50,102,11,3,4,59,8,NA,33,0,NA,1,9,NA,NA,0.245,0.302,0.315,0.617,74,NA,NA,NA,NA,NA,NA,1928,1935,"C",459
434,"Ralph Jefferson",115,422,56,102,9,4,1,43,11,1,30,1,0,5,9,0,NA,0.242,0.3,0.289,0.589,75,NA,NA,NA,NA,NA,NA,1920,1924,"RF",466
435,"George Fiall",152,480,50,101,6,3,0,28,8,NA,53,1,NA,9,20,0,NA,0.21,0.301,0.235,0.536,49,0.261,9.4,20,2,0,0.025,1921,1929,"SS",562
436,"Joe Green",149,458,53,101,19,4,4,52,3,NA,33,1,NA,3,20,0,NA,0.221,0.277,0.306,0.583,77,0.27,6.4,1.8,3,0.8,0.085,1902,1921,"CF",514
437,"Flash Miller",122,406,54,101,13,7,2,44,7,0,47,2,0,7,7,NA,0,0.249,0.337,0.33,0.667,74,NA,NA,NA,NA,NA,NA,1934,1945,"2B",467
438,"Jesse Bragg",130,485,59,100,12,1,4,49,21,NA,28,1,NA,4,22,NA,NA,0.206,0.255,0.26,0.515,44,0.245,5.2,25,0,0.7,0.054,1906,1918,"3B",539
439,"Larnie Jordan",91,334,58,100,21,10,2,44,6,0,12,2,0,0,4,NA,0,0.299,0.324,0.44,0.764,98,NA,NA,NA,NA,NA,NA,1936,1942,"SS",350
440,"Lorenzo Cabrera",80,325,57,100,19,7,6,61,9,NA,27,0,NA,4,2,NA,NA,0.308,0.368,0.465,0.833,135,NA,NA,NA,NA,NA,NA,1947,1948,"1B",358
441,"Earl Taborn",117,369,44,100,23,1,1,47,3,0,42,5,0,5,6,NA,0,0.271,0.353,0.347,0.7,89,NA,NA,NA,NA,NA,NA,1946,1948,"C",422
442,"Manuel Rigal",140,472,62,99,8,2,0,45,8,NA,48,3,NA,1,23,NA,NA,0.21,0.284,0.235,0.519,45,0.246,8.8,1.8,5.33,0,0.025,1922,1927,"SS",544
443,"Al Robinson",95,365,31,99,8,3,5,50,6,NA,20,NA,NA,2,4,NA,NA,0.271,0.313,0.351,0.663,102,NA,NA,NA,NA,NA,NA,1905,1912,"1B",391
444,"Bennie Wilson",92,382,60,98,9,7,0,40,13,NA,24,NA,NA,0,14,NA,NA,0.257,0.3,0.317,0.617,61,NA,NA,NA,NA,NA,NA,1923,1925,"RF",420
445,"Clarence Lamar",128,426,51,98,13,4,3,47,12,0,32,1,0,6,12,0,0,0.23,0.293,0.3,0.594,75,NA,NA,NA,NA,NA,NA,1936,1944,"SS",476
446,"Bubbles Anderson",124,392,63,98,15,8,0,47,10,0,51,2,NA,10,23,0,NA,0.25,0.351,0.329,0.68,84,NA,NA,NA,NA,NA,NA,1922,1925,"2B",476
447,"Bill Bradford",146,476,44,98,13,5,1,31,11,0,41,5,0,5,6,1,1,0.206,0.275,0.261,0.536,56,0.263,7.8,1,7.8,0.2,0.055,1936,1945,"RF",529
448,"Heliodoro Hidalgo",95,353,52,98,13,7,4,49,19,NA,29,NA,NA,1,6,NA,NA,0.278,0.334,0.388,0.722,122,NA,NA,NA,NA,NA,NA,1905,1913,"CF",389
449,"Walter Thomas",117,351,54,97,13,6,1,38,5,1,20,1,0,5,9,0,NA,0.276,0.324,0.356,0.681,102,NA,NA,NA,NA,NA,NA,1935,1946,"RF",385
450,"Benito Calderón",115,388,35,97,19,4,1,48,2,0,30,0,NA,0,10,NA,NA,0.25,0.304,0.327,0.631,74,NA,NA,NA,NA,NA,NA,1926,1928,"C",428
451,"Butch Davis",70,277,51,96,12,12,3,53,25,NA,16,0,0,4,3,NA,0,0.347,0.391,0.509,0.9,143,NA,NA,NA,NA,NA,NA,1944,1947,"LF",300
452,"Marion Cunningham",131,468,47,96,15,11,5,43,2,NA,16,NA,NA,0,21,NA,NA,0.205,0.231,0.316,0.548,45,0.239,3.2,NA,NA,1,0.111,1924,1925,"1B",505
453,"Leslie Green",102,350,76,96,17,4,4,33,32,0,65,3,0,4,9,0,0,0.274,0.394,0.38,0.774,129,NA,NA,NA,NA,NA,NA,1939,1946,"CF",428
454,"Clarence Williams",104,365,65,96,12,3,5,52,9,NA,23,0,NA,16,10,NA,NA,0.263,0.334,0.353,0.688,102,NA,NA,NA,NA,NA,NA,1887,1913,"C",414
455,"Fred Boyd",86,295,42,96,16,7,3,48,4,0,15,2,NA,3,5,0,NA,0.325,0.364,0.458,0.822,112,NA,NA,NA,NA,NA,NA,1921,1922,"RF",318
456,"Reinaldo Drake",96,351,55,96,12,3,2,34,9,0,36,1,0,5,4,0,0,0.274,0.349,0.342,0.691,96,NA,NA,NA,NA,NA,NA,1945,1948,"CF",396
457,"Wallace Gordon",104,392,51,95,15,5,6,45,14,NA,32,NA,NA,3,11,NA,NA,0.242,0.304,0.352,0.656,96,NA,NA,NA,NA,NA,NA,1907,1915,"RF",438
458,"Tom Fiall",108,413,53,95,8,5,1,28,11,0,33,1,NA,2,20,0,NA,0.23,0.29,0.281,0.571,66,NA,NA,NA,NA,NA,NA,1918,1925,"CF",468
459,"Oscar Owens",104,288,55,95,20,3,4,42,8,0,31,3,NA,2,6,0,NA,0.33,0.399,0.462,0.861,117,NA,NA,NA,NA,NA,NA,1922,1931,"RF",327
460,"Ted Bond",102,365,76,95,13,8,0,37,12,1,45,5,0,5,16,NA,0,0.26,0.349,0.34,0.689,96,NA,NA,NA,NA,NA,NA,1935,1940,"3B",431
461,"Johnnie Oden",143,472,39,94,5,2,2,34,4,NA,23,0,NA,1,11,NA,NA,0.199,0.238,0.231,0.469,31,0.219,4.5,0,NA,0.4,0.032,1927,1932,"3B",507
462,"Ray Neil",81,322,48,94,20,3,2,30,4,NA,27,1,NA,1,4,NA,0,0.292,0.349,0.391,0.74,105,NA,NA,NA,NA,NA,NA,1946,1948,"2B",354
463,"Carlisle Perry",113,410,43,94,9,2,6,43,3,NA,20,0,NA,2,13,0,NA,0.229,0.269,0.305,0.573,55,NA,NA,NA,NA,NA,NA,1920,1924,"SS",445
464,"Rafael Pedroso",128,436,36,94,7,2,3,48,2,NA,27,NA,NA,0,21,0,NA,0.216,0.261,0.261,0.523,41,NA,NA,NA,NA,NA,NA,1926,1930,"1B",484
465,"Porter Dallas",89,320,30,93,12,1,2,32,6,NA,18,0,NA,0,6,NA,NA,0.291,0.328,0.353,0.682,105,NA,NA,NA,NA,NA,NA,1929,1932,"3B",344
466,"Henry Turner",106,362,49,93,15,9,1,55,3,0,38,7,0,1,0,0,0,0.257,0.329,0.356,0.686,104,NA,NA,NA,NA,NA,NA,1937,1943,"C",401
467,"Harry Else",123,357,48,93,9,5,1,38,7,0,29,0,0,3,6,NA,1,0.261,0.321,0.322,0.643,93,NA,NA,NA,NA,NA,NA,1932,1940,"C",395
468,"Roosevelt Cox",116,399,53,92,10,8,2,51,6,0,32,5,0,1,7,0,0,0.231,0.289,0.311,0.6,70,NA,NA,NA,NA,NA,NA,1937,1944,"3B",439
469,"Joe Scotland",115,397,46,91,10,5,3,44,26,NA,38,NA,NA,4,11,NA,NA,0.229,0.303,0.302,0.605,72,NA,NA,NA,NA,NA,NA,1907,1919,"CF",450
470,"Rufus Baker",151,458,54,91,9,5,0,26,9,0,47,1,0,3,12,0,NA,0.199,0.278,0.24,0.518,45,0.255,9,0.3,23,0,0.041,1943,1948,"SS",520
471,"Ramón Heredía",86,334,58,91,15,4,3,36,2,0,16,4,1,0,6,NA,0,0.272,0.306,0.368,0.674,87,NA,NA,NA,NA,NA,NA,1939,1941,"3B",356
472,"Bob Wilson",91,299,30,90,10,1,3,40,8,NA,25,NA,NA,1,4,NA,NA,0.301,0.357,0.371,0.728,106,NA,NA,NA,NA,NA,NA,1947,1948,"3B",329
473,"Bob Jordan",77,290,39,90,13,1,4,41,5,NA,18,NA,NA,4,7,NA,NA,0.31,0.359,0.403,0.762,134,NA,NA,NA,NA,NA,NA,1897,1907,"1B",319
474,"Wyman Smith",81,275,46,90,19,3,6,48,14,0,19,1,NA,1,8,0,NA,0.327,0.373,0.484,0.857,143,NA,NA,NA,NA,NA,NA,1920,1924,"LF",303
475,"Henry Merchant",129,379,58,90,10,3,1,34,8,0,50,2,1,2,15,0,0,0.237,0.329,0.288,0.617,80,NA,NA,NA,NA,NA,NA,1940,1948,"CF",446
476,"Thurman Jennings",85,334,50,89,15,3,0,31,10,0,22,0,NA,1,12,0,NA,0.266,0.314,0.329,0.643,94,NA,NA,NA,NA,NA,NA,1914,1921,"2B",369
477,"Johnnie Cowan",99,360,38,89,8,1,2,43,2,0,14,0,1,2,8,2,0,0.247,0.278,0.292,0.569,65,NA,NA,NA,NA,NA,NA,1940,1948,"2B",386
478,"Dan Thomas",78,281,46,87,8,5,2,42,10,NA,16,3,NA,3,9,NA,NA,0.31,0.353,0.395,0.748,103,NA,NA,NA,NA,NA,NA,1927,1931,"2B",309
479,"Eugene Milliner",76,307,48,87,13,8,1,45,15,NA,13,NA,NA,3,4,NA,NA,0.283,0.319,0.388,0.707,112,NA,NA,NA,NA,NA,NA,1902,1912,"RF",327
480,"Leo Birdine",128,337,36,87,9,6,2,19,2,NA,8,1,NA,3,9,NA,NA,0.258,0.282,0.338,0.62,74,NA,NA,NA,NA,NA,NA,1927,1932,"RF",357
481,"Bob Smith",146,399,39,86,8,1,1,44,10,0,40,2,0,3,8,0,1,0.216,0.292,0.248,0.54,59,NA,NA,NA,NA,NA,NA,1930,1944,"C",450
482,"Luis Padrón",82,299,46,86,19,4,2,49,5,NA,28,NA,NA,1,10,NA,NA,0.288,0.351,0.398,0.749,116,NA,NA,NA,NA,NA,NA,1909,1916,"RF",338
483,"Paul Dixon",104,351,42,86,16,0,1,38,5,NA,32,2,NA,1,7,NA,NA,0.245,0.31,0.299,0.609,59,NA,NA,NA,NA,NA,NA,1932,1938,"LF",391
484,"Babe Davis",87,313,57,85,16,6,5,52,6,0,28,7,0,3,2,0,0,0.272,0.337,0.409,0.746,112,NA,NA,NA,NA,NA,NA,1937,1940,"LF",346
485,"Sol White",72,286,59,85,17,2,5,49,7,NA,16,2,NA,2,8,NA,NA,0.297,0.339,0.423,0.762,118,NA,NA,NA,NA,NA,NA,1887,1907,"2B",312
486,"Herb Barnhill",111,329,32,83,7,1,0,32,4,0,21,0,0,1,5,0,0,0.252,0.299,0.28,0.579,77,NA,NA,NA,NA,NA,NA,1937,1946,"C",356
487,"Herman Dunlap",87,311,49,83,11,4,3,30,8,2,24,6,NA,3,9,NA,NA,0.267,0.325,0.357,0.682,101,NA,NA,NA,NA,NA,NA,1936,1938,"CF",347
488,"Buster Haywood",138,369,29,83,7,4,0,43,6,0,39,2,0,3,11,0,0,0.225,0.304,0.266,0.57,68,NA,NA,NA,NA,NA,NA,1940,1948,"C",422
489,"Lorenza Cobb",97,298,41,82,9,4,2,42,13,NA,25,NA,NA,7,6,0,NA,0.275,0.345,0.352,0.698,106,NA,NA,NA,NA,NA,NA,1913,1920,"C",336
490,"Danger Talbert",88,330,46,82,20,2,0,40,5,NA,30,NA,NA,2,7,NA,NA,0.248,0.315,0.321,0.636,92,NA,NA,NA,NA,NA,NA,1901,1911,"3B",369
491,"John Patterson",81,294,51,82,13,3,2,39,22,NA,33,NA,NA,3,10,NA,NA,0.279,0.358,0.364,0.722,125,NA,NA,NA,NA,NA,NA,1894,1908,"LF",340
492,"Walter Hardy",117,409,38,81,8,3,1,31,4,0,24,4,NA,1,6,0,NA,0.198,0.244,0.24,0.484,38,NA,NA,NA,NA,NA,NA,1944,1948,"SS",440
493,"Fred Long",74,260,42,81,17,9,7,52,3,NA,14,0,NA,2,6,0,NA,0.312,0.351,0.527,0.878,130,NA,NA,NA,NA,NA,NA,1920,1926,"RF",282
494,"Fred Wilson",77,247,42,80,9,3,4,36,5,0,26,4,0,5,5,0,0,0.324,0.399,0.433,0.832,130,NA,NA,NA,NA,NA,NA,1939,1945,"RF",283
495,"Eudie Napier",101,288,37,80,10,5,3,40,5,0,31,0,0,6,4,0,0,0.278,0.36,0.378,0.738,106,NA,NA,NA,NA,NA,NA,1939,1948,"C",329
496,"Henry Smith",99,367,35,80,10,3,0,24,7,0,23,1,0,0,11,1,0,0.218,0.263,0.262,0.525,62,NA,NA,NA,NA,NA,NA,1942,1945,"2B",402
497,"Bill Lindsay",100,293,44,80,6,4,1,29,1,NA,21,NA,NA,1,13,NA,NA,0.273,0.324,0.331,0.655,97,NA,NA,NA,NA,NA,NA,1909,1914,"CF",328
498,"Charlie Grant",87,362,57,79,9,2,2,25,12,NA,31,NA,NA,3,5,NA,NA,0.218,0.285,0.271,0.556,73,NA,NA,NA,NA,NA,NA,1897,1913,"2B",401
499,"Carlos Etchegoyen",75,298,35,79,15,5,3,36,3,0,18,7,NA,1,7,NA,NA,0.265,0.309,0.379,0.688,87,NA,NA,NA,NA,NA,NA,1930,1937,"3B",324
500,"Rags Roberts",69,249,34,78,14,3,3,28,9,1,27,1,NA,3,7,0,NA,0.313,0.387,0.43,0.817,138,NA,NA,NA,NA,NA,NA,1922,1928,"CF",286
