season,tour,date,location,event,bull,score
2025,Unleash The Beast,2025-5-18,"Arlington, TX",PBR WORLD FINALS: UNLEASH THE BEAST - CHAMPIONSHIP,Night Agent,88.25
2025,Unleash The Beast,2025-5-18,"Arlington, TX",PBR WORLD FINALS: UNLEASH THE BEAST - CHAMPIONSHIP,Pegasus,87.5
2025,Unleash The Beast,2025-5-17,"Arlington, TX",PBR WORLD FINALS: UNLEASH THE BEAST - CHAMPIONSHIP,Tigger,77.75
2025,Unleash The Beast,2025-5-17,"Arlington, TX",PBR WORLD FINALS: UNLEASH THE BEAST - CHAMPIONSHIP,The Kraken,0
2025,Unleash The Beast,2025-5-11,"Fort Worth, TX",PBR WORLD FINALS: UNLEASH THE BEAST -ELIMINATIONS,Top Dollar,86.5
2025,Unleash The Beast,2025-5-10,"Fort Worth, TX",PBR WORLD FINALS: UNLEASH THE BEAST -ELIMINATIONS,Rip,0
2025,Unleash The Beast,2025-5-9,"Fort Worth, TX",PBR WORLD FINALS: UNLEASH THE BEAST -ELIMINATIONS,Fringe Minority,88.75
2025,Unleash The Beast,2025-5-8,"Fort Worth, TX",PBR WORLD FINALS: UNLEASH THE BEAST -ELIMINATIONS,July,88
2025,Unleash The Beast,2025-4-27,"Tacoma, WA",PBR TACOMA,Cool Whip,88.25
2025,Unleash The Beast,2025-4-27,"Tacoma, WA",PBR TACOMA,Big Chili,87
2025,Unleash The Beast,2025-4-26,"Tacoma, WA",PBR TACOMA,Trust Issues,0
2025,Unleash The Beast,2025-4-19,"Nampa, ID",PROGRESSIVE PBR NAMPA,Warpaint,0
2025,Unleash The Beast,2025-4-18,"Nampa, ID",PROGRESSIVE PBR NAMPA,Buttercup,0
2025,Unleash The Beast,2025-4-12,"Billings, MT",COOPER TIRES PBR BILLINGS,Rockville,87
2025,Unleash The Beast,2025-4-12,"Billings, MT",COOPER TIRES PBR BILLINGS,Country Club,83.25
2025,Unleash The Beast,2025-4-11,"Billings, MT",COOPER TIRES PBR BILLINGS,Prince Charming,87
2025,Unleash The Beast,2025-4-6,"Sioux Falls, SD",PREMIER BANKCARD PBR SIOUX FALLS PRESENTED BY COOPER TIRES,Magic Potion,0
2025,Unleash The Beast,2025-4-6,"Sioux Falls, SD",PREMIER BANKCARD PBR SIOUX FALLS PRESENTED BY COOPER TIRES,The Kraken,87.75
2025,Unleash The Beast,2025-4-5,"Sioux Falls, SD",PREMIER BANKCARD PBR SIOUX FALLS PRESENTED BY COOPER TIRES,I'm a Hostage,0
2025,Unleash The Beast,2025-4-4,"Sioux Falls, SD",PREMIER BANKCARD PBR SIOUX FALLS PRESENTED BY COOPER TIRES,Mesquite,0
2025,Unleash The Beast,2025-3-30,"Albuquerque, NM",PBR ALBUQUERQUE TY MURRAY INVITATIONAL,Big Chili,0
2025,Unleash The Beast,2025-3-30,"Albuquerque, NM",PBR ALBUQUERQUE TY MURRAY INVITATIONAL,Irish Car Bomb,0
2025,Unleash The Beast,2025-3-29,"Albuquerque, NM",PBR ALBUQUERQUE TY MURRAY INVITATIONAL,The Kraken,87.5
2025,Unleash The Beast,2025-3-28,"Albuquerque, NM",PBR ALBUQUERQUE TY MURRAY INVITATIONAL,Hunter,86.5
2025,Unleash The Beast,2025-1-11,"Chicago, IL",PBR CHICAGO,Gravedigger,0
2025,Unleash The Beast,2025-1-11,"Chicago, IL",PBR CHICAGO,Mouse Trap,0
2025,Unleash The Beast,2025-1-10,"Chicago, IL",PBR CHICAGO,Lever Action,86.75
2025,Unleash The Beast,2025-1-10,"Chicago, IL",PBR CHICAGO,Grey Fox,83.5
2025,Unleash The Beast,2025-1-5,"New York, NY",PBR MONSTER ENERGY BUCK OFF AT THE GARDEN PRESENTED BY ARIAT,Always Been Crazy,0
2025,Unleash The Beast,2025-1-5,"New York, NY",PBR MONSTER ENERGY BUCK OFF AT THE GARDEN PRESENTED BY ARIAT,Big Red,85.25
2025,Unleash The Beast,2025-1-4,"New York, NY",PBR MONSTER ENERGY BUCK OFF AT THE GARDEN PRESENTED BY ARIAT,Big X,88.5
2025,Unleash The Beast,2025-1-3,"New York, NY",PBR MONSTER ENERGY BUCK OFF AT THE GARDEN PRESENTED BY ARIAT,Bandito Bug,0
2025,Unleash The Beast,2024-12-28,"Albany, NY",PBR ALBANY,Fire Magic,84.25
2025,Unleash The Beast,2024-12-28,"Albany, NY",PBR ALBANY,Gangster Show,74.25
2025,Unleash The Beast,2024-12-27,"Albany, NY",PBR ALBANY,Mr. Vaquero,87.75
2025,Unleash The Beast,2024-12-21,"Manchester, NH",PBR MANCHESTER,Black Squirrel,0
2025,Unleash The Beast,2024-12-20,"Manchester, NH",PBR MANCHESTER,Infectious,85.75
2025,Unleash The Beast,2024-12-14,"Wichita, KS",PBR WICHITA,Top Dollar,0
2025,Unleash The Beast,2024-12-14,"Wichita, KS",PBR WICHITA,Gene's Best,88.5
2025,Unleash The Beast,2024-12-13,"Wichita, KS",PBR WICHITA,Smoke City,80.5
2024,PBR Teams,2024-10-18,"Las Vegas, NV",Game 3: #8 New York Mavericks vs. #3 Florida Freedom,Wingman,87.25
2024,PBR Teams,2024-10-18,"Las Vegas, NV",Game 4: (Last Chance 3-Way Game),Miller Time,0
2024,PBR Teams,2024-10-17,"Las Vegas, NV",2024 PBR Teams: Championships Ride-In Round,Shameless,86.75
2024,PBR Teams,2024-9-27,"Fort Worth, TX",Missouri Thunder @ New York Mavericks,Soul Train,0
2024,PBR Teams,2024-9-26,"Fort Worth, TX",New York Mavericks @ Kansas City Outlaws,Margin of Error,87.5
2024,PBR Teams,2024-9-20,"Greensboro, NC",Florida Freedom @ New York Mavericks,Knucklehead,0
2024,PBR Teams,2024-9-15,"Anaheim, CA",Carolina Cowboys @ New York Mavericks,Long Gone,0
2024,PBR Teams,2024-9-14,"Anaheim, CA",Oklahoma Wildcatters @ New York Mavericks,Little Tex,76
2024,PBR Teams,2024-9-13,"Anaheim, CA",Texas Rattlers @ New York Mavericks,Joy's Bang Bang,0
2024,PBR Teams,2024-9-8,"Kansas City, MO",New York Mavericks @ Nashville Stampede,Gas Money,0
2024,PBR Teams,2024-9-6,"Kansas City, MO",New York Mavericks @ Kansas City Outlaws,Smooth Steel,0
2024,PBR Teams,2024-8-25,"Austin, TX",New York Mavericks @ Carolina Cowboys,Bangarang,0
2024,PBR Teams,2024-8-24,"Austin, TX",Oklahoma Wildcatters @ New York Mavericks,Mighty Mike,0
2024,PBR Teams,2024-8-24,"Austin, TX",Oklahoma Wildcatters @ New York Mavericks,Wingman,0
2024,PBR Teams,2024-8-23,"Austin, TX",New York Mavericks @ Austin Gamblers,Barracuda,86.75
2024,PBR Teams,2024-8-18,"Nashville, TN",New York Mavericks @ Nashville Stampede,Sometimes I Fly,0
2024,PBR Teams,2024-8-17,"Nashville, TN",New York Mavericks @ Texas Rattlers,Alibis,0
2024,PBR Teams,2024-8-10,"New York, NY",Florida Freedom @ New York Mavericks,Whip,85.75
2024,PBR Teams,2024-8-9,"New York, NY",Kansas City Outlaws @ New York Mavericks,Hit or Miss,86
2024,Challenger Series,2024-5-23,"Fort Worth, TX",PBR STOCKYARDS SHOWCASE,Crash Cart,0
2024,Challenger Series,2024-5-23,"Fort Worth, TX",PBR STOCKYARDS SHOWCASE,Half Cocked,0
2024,Challenger Series,2024-5-11,"Corpus Christi, TX",WCRA Rodeo Corpus Christi,Jester,0
2024,Challenger Series,2024-5-11,"Corpus Christi, TX",WCRA Rodeo Corpus Christi,Survivor,85
2024,Challenger Series,2024-5-11,"Corpus Christi, TX",WCRA Rodeo Corpus Christi,Money Machine,0
2024,Challenger Series,2024-5-10,"Corpus Christi, TX",WCRA Rodeo Corpus Christi,Court Room,81
2024,Challenger Series,2024-5-9,"Corpus Christi, TX",WCRA Rodeo Corpus Christi,Rebel Time,0
2023,Touring Pro Division - USA,2023-1-19,"Fort Worth, TX",PBR STOCKYARDS SHOWCASE,Elkins 800,0