"School","Points","Goal Differential","Goals Scored","Goals Conceded","Wins","Losses","Ties","Record (W-L-T)","Games","PPG","Goal Differential Per Game","Win Percentage"
"Johns Hopkins",71,88,99,11,23,0,2,"23-0-2",25,2.84,3.52,0.92
"Trinity (Texas)",65,82,86,4,21,1,2,"21-1-2",24,2.70833333333333,3.41666666666667,0.875
"Misericordia",64,91,102,11,21,1,1,"21-1-1",23,2.78260869565217,3.95652173913043,0.91304347826087
"UW-La Crosse",64,54,70,16,21,2,1,"21-2-1",24,2.66666666666667,2.25,0.875
"Messiah",63,61,74,13,20,2,3,"20-2-3",25,2.52,2.44,0.8
"Case Western Reserve",61,55,70,15,20,1,1,"20-1-1",22,2.77272727272727,2.5,0.909090909090909
"Christopher Newport",60,36,43,7,19,0,3,"19-0-3",22,2.72727272727273,1.63636363636364,0.863636363636364
"Johnson and Wales",58,67,86,19,19,3,1,"19-3-1",23,2.52173913043478,2.91304347826087,0.826086956521739
"Virginia Wesleyan",58,41,54,13,18,3,4,"18-3-4",25,2.32,1.64,0.72
"Illinois Tech",56,86,103,17,18,3,2,"18-3-2",23,2.43478260869565,3.73913043478261,0.782608695652174
"Calvin",55,46,50,4,18,1,1,"18-1-1",20,2.75,2.3,0.9
"Loras",54,63,78,15,17,1,3,"17-1-3",21,2.57142857142857,3,0.80952380952381
"Amherst",54,43,56,13,18,3,0,"18-3-0",21,2.57142857142857,2.04761904761905,0.857142857142857
"Pacific Lutheran",54,38,51,13,17,2,3,"17-2-3",22,2.45454545454545,1.72727272727273,0.772727272727273
"Concordia (Wis.)",53,45,65,20,17,4,2,"17-4-2",23,2.30434782608696,1.95652173913043,0.739130434782609
"Scranton",53,39,46,7,17,3,2,"17-3-2",22,2.40909090909091,1.77272727272727,0.772727272727273
"Montclair State",52,34,47,13,17,3,1,"17-3-1",21,2.47619047619048,1.61904761904762,0.80952380952381
"FDU-Florham",52,22,47,25,17,5,1,"17-5-1",23,2.26086956521739,0.956521739130435,0.739130434782609
"Southern Maine",51,48,65,17,17,4,0,"17-4-0",21,2.42857142857143,2.28571428571429,0.80952380952381
"Wartburg",50,43,59,16,16,3,2,"16-3-2",21,2.38095238095238,2.04761904761905,0.761904761904762
"Centre",50,40,61,21,16,3,2,"16-3-2",21,2.38095238095238,1.9047619047619,0.761904761904762
"UW-Superior",49,44,69,25,15,4,4,"15-4-4",23,2.1304347826087,1.91304347826087,0.652173913043478
"Westfield State",49,36,56,20,16,4,1,"16-4-1",21,2.33333333333333,1.71428571428571,0.761904761904762
"Mary Hardin-Baylor",49,32,40,8,16,1,1,"16-1-1",18,2.72222222222222,1.77777777777778,0.888888888888889
"Puget Sound",49,29,43,14,16,4,1,"16-4-1",21,2.33333333333333,1.38095238095238,0.761904761904762
"William Smith",48,51,62,11,14,2,6,"14-2-6",22,2.18181818181818,2.31818181818182,0.636363636363636
"MIT",48,41,52,11,15,5,3,"15-5-3",23,2.08695652173913,1.78260869565217,0.652173913043478
"Washington and Lee",47,45,59,14,14,2,5,"14-2-5",21,2.23809523809524,2.14285714285714,0.666666666666667
"Ohio Northern",47,34,43,9,14,2,5,"14-2-5",21,2.23809523809524,1.61904761904762,0.666666666666667
"Pitt-Greensburg",46,47,67,20,15,4,1,"15-4-1",20,2.3,2.35,0.75
"Rowan",46,40,46,6,14,1,4,"14-1-4",19,2.42105263157895,2.10526315789474,0.736842105263158
"TCNJ",44,55,75,20,14,3,2,"14-3-2",19,2.31578947368421,2.89473684210526,0.736842105263158
"Fontbonne",44,49,56,7,14,1,2,"14-1-2",17,2.58823529411765,2.88235294117647,0.823529411764706
"Cortland State",44,42,51,9,13,1,5,"13-1-5",19,2.31578947368421,2.21052631578947,0.684210526315789
"Carnegie Mellon",44,38,52,14,14,3,2,"14-3-2",19,2.31578947368421,2,0.736842105263158
"Westminster (Pa.)",44,29,42,13,14,4,2,"14-4-2",20,2.2,1.45,0.7
"Western New England",44,23,43,20,14,6,2,"14-6-2",22,2,1.04545454545455,0.636363636363636
"MSOE",43,50,65,15,13,4,4,"13-4-4",21,2.04761904761905,2.38095238095238,0.619047619047619
"St. Catherine",43,27,46,19,13,5,4,"13-5-4",22,1.95454545454545,1.22727272727273,0.590909090909091
"Babson",43,26,41,15,14,4,1,"14-4-1",19,2.26315789473684,1.36842105263158,0.736842105263158
"Pomona-Pitzer",43,26,38,12,13,2,4,"13-2-4",19,2.26315789473684,1.36842105263158,0.684210526315789
"Methodist",43,25,51,26,14,3,1,"14-3-1",18,2.38888888888889,1.38888888888889,0.777777777777778
"Ithaca",43,16,37,21,13,4,4,"13-4-4",21,2.04761904761905,0.761904761904762,0.619047619047619
"Penn State-Harrisburg",42,38,53,15,13,4,3,"13-4-3",20,2.1,1.9,0.65
"Sarah Lawrence",42,35,56,21,13,4,3,"13-4-3",20,2.1,1.75,0.65
"Carleton",42,28,44,16,13,2,3,"13-2-3",18,2.33333333333333,1.55555555555556,0.722222222222222
"Susquehanna",42,26,37,11,14,5,0,"14-5-0",19,2.21052631578947,1.36842105263158,0.736842105263158
"RIT",42,25,37,12,13,4,3,"13-4-3",20,2.1,1.25,0.65
"Greenville",41,51,72,21,13,7,2,"13-7-2",22,1.86363636363636,2.31818181818182,0.590909090909091
"Penn State-Berks",41,41,67,26,13,6,2,"13-6-2",21,1.95238095238095,1.95238095238095,0.619047619047619
"Dominican",41,39,52,13,13,4,2,"13-4-2",19,2.15789473684211,2.05263157894737,0.684210526315789
"North Central (Ill.)",41,33,51,18,12,2,5,"12-2-5",19,2.15789473684211,1.73684210526316,0.631578947368421
"UW-Eau Claire",41,20,39,19,13,6,2,"13-6-2",21,1.95238095238095,0.952380952380952,0.619047619047619
"DeSales",41,18,52,34,13,7,2,"13-7-2",22,1.86363636363636,0.818181818181818,0.590909090909091
"Emerson",41,15,36,21,12,4,5,"12-4-5",21,1.95238095238095,0.714285714285714,0.571428571428571
"Sewanee",41,14,26,12,13,4,2,"13-4-2",19,2.15789473684211,0.736842105263158,0.684210526315789
"Bridgewater (Va.)",40,64,74,10,13,4,1,"13-4-1",18,2.22222222222222,3.55555555555556,0.722222222222222
"Bryn Athyn",40,57,73,16,13,3,1,"13-3-1",17,2.35294117647059,3.35294117647059,0.764705882352941
"Webster",40,49,69,20,13,7,1,"13-7-1",21,1.9047619047619,2.33333333333333,0.619047619047619
"Lynchburg",40,43,51,8,11,4,7,"11-4-7",22,1.81818181818182,1.95454545454545,0.5
"Emory",40,39,55,16,13,5,1,"13-5-1",19,2.10526315789474,2.05263157894737,0.684210526315789
"Lasell",40,34,55,21,13,6,1,"13-6-1",20,2,1.7,0.65
"Mary Washington",40,24,36,12,12,5,4,"12-5-4",21,1.9047619047619,1.14285714285714,0.571428571428571
"Swarthmore",40,21,40,19,13,5,1,"13-5-1",19,2.10526315789474,1.10526315789474,0.684210526315789
"Ohio Wesleyan",40,19,26,7,12,3,4,"12-3-4",19,2.10526315789474,1,0.631578947368421
"Western Connecticut",40,13,41,28,13,7,1,"13-7-1",21,1.9047619047619,0.619047619047619,0.619047619047619
"York (Pa.)",40,13,32,19,12,5,4,"12-5-4",21,1.9047619047619,0.619047619047619,0.571428571428571
"Washington U.",40,10,32,22,11,5,7,"11-5-7",23,1.73913043478261,0.434782608695652,0.478260869565217
"Hanover",39,47,58,11,12,3,3,"12-3-3",18,2.16666666666667,2.61111111111111,0.666666666666667
"Emmanuel",39,32,44,12,12,3,3,"12-3-3",18,2.16666666666667,1.77777777777778,0.666666666666667
"Capital",39,22,39,17,12,4,3,"12-4-3",19,2.05263157894737,1.15789473684211,0.631578947368421
"John Jay",38,37,56,19,12,3,2,"12-3-2",17,2.23529411764706,2.17647058823529,0.705882352941177
"Maryville (Tenn.)",38,35,55,20,11,4,5,"11-4-5",20,1.9,1.75,0.55
"Saint Benedict",38,26,42,16,12,5,2,"12-5-2",19,2,1.36842105263158,0.631578947368421
"Franciscan",38,24,53,29,12,5,2,"12-5-2",19,2,1.26315789473684,0.631578947368421
"Hardin-Simmons",38,24,34,10,12,3,2,"12-3-2",17,2.23529411764706,1.41176470588235,0.705882352941177
"Carroll",38,23,40,17,11,4,5,"11-4-5",20,1.9,1.15,0.55
"Clark",38,21,35,14,12,6,2,"12-6-2",20,1.9,1.05,0.6
"UW-Platteville",38,20,38,18,12,6,2,"12-6-2",20,1.9,1,0.6
"Grinnell",38,8,27,19,11,3,5,"11-3-5",19,2,0.421052631578947,0.578947368421053
"Lycoming",38,8,32,24,12,6,2,"12-6-2",20,1.9,0.4,0.6
"Simpson",37,29,55,26,12,6,1,"12-6-1",19,1.94736842105263,1.52631578947368,0.631578947368421
"Chatham",37,27,54,27,11,3,4,"11-3-4",18,2.05555555555556,1.5,0.611111111111111
"Geneseo State",37,21,33,12,11,4,4,"11-4-4",19,1.94736842105263,1.10526315789474,0.578947368421053
"Otterbein",37,17,32,15,11,4,4,"11-4-4",19,1.94736842105263,0.894736842105263,0.578947368421053
"Cabrini",37,12,30,18,12,6,1,"12-6-1",19,1.94736842105263,0.631578947368421,0.631578947368421
"Lesley",37,11,48,37,12,8,1,"12-8-1",21,1.76190476190476,0.523809523809524,0.571428571428571
"Shenandoah",36,36,68,32,11,7,3,"11-7-3",21,1.71428571428571,1.71428571428571,0.523809523809524
"Illinois Wesleyan",36,35,55,20,11,5,3,"11-5-3",19,1.89473684210526,1.84210526315789,0.578947368421053
"Trine",36,24,36,12,11,4,3,"11-4-3",18,2,1.33333333333333,0.611111111111111
"University of New England",36,20,41,21,11,6,3,"11-6-3",20,1.8,1,0.55
"Lake Forest",36,18,33,15,11,5,3,"11-5-3",19,1.89473684210526,0.947368421052632,0.578947368421053
"Piedmont",36,13,33,20,11,6,3,"11-6-3",20,1.8,0.65,0.55
"Williams",36,9,20,11,11,5,3,"11-5-3",19,1.89473684210526,0.473684210526316,0.578947368421053
"Cedar Crest",35,48,65,17,11,4,2,"11-4-2",17,2.05882352941176,2.82352941176471,0.647058823529412
"Tufts",35,29,42,13,11,6,2,"11-6-2",19,1.84210526315789,1.52631578947368,0.578947368421053
"New Paltz State",35,24,39,15,11,4,2,"11-4-2",17,2.05882352941176,1.41176470588235,0.647058823529412
"Drew",35,22,38,16,11,6,2,"11-6-2",19,1.84210526315789,1.15789473684211,0.578947368421053
"Franklin and Marshall",35,21,36,15,10,3,5,"10-3-5",18,1.94444444444444,1.16666666666667,0.555555555555556
"Edgewood",35,16,39,23,11,5,2,"11-5-2",18,1.94444444444444,0.888888888888889,0.611111111111111
"Mount St. Joseph",35,15,37,22,11,8,2,"11-8-2",21,1.66666666666667,0.714285714285714,0.523809523809524
"Plattsburgh State",35,15,32,17,11,6,2,"11-6-2",19,1.84210526315789,0.789473684210526,0.578947368421053
"Southern Virginia",35,15,36,21,11,7,2,"11-7-2",20,1.75,0.75,0.55
"Marywood",35,12,51,39,11,7,2,"11-7-2",20,1.75,0.6,0.55
"Randolph-Macon",35,11,29,18,11,6,2,"11-6-2",19,1.84210526315789,0.578947368421053,0.578947368421053
"Texas Lutheran",35,8,39,31,11,8,2,"11-8-2",21,1.66666666666667,0.380952380952381,0.523809523809524
"Northwestern (Minn.)",35,7,46,39,11,8,2,"11-8-2",21,1.66666666666667,0.333333333333333,0.523809523809524
"Saint Mary's (Minn.)",35,7,23,16,11,6,2,"11-6-2",19,1.84210526315789,0.368421052631579,0.578947368421053
"Guilford",34,39,57,18,11,5,1,"11-5-1",17,2,2.29411764705882,0.647058823529412
"Husson",34,34,61,27,11,6,1,"11-6-1",18,1.88888888888889,1.88888888888889,0.611111111111111
"Westminster (Mo.)",34,31,44,13,10,6,4,"10-6-4",20,1.7,1.55,0.5
"Skidmore",34,19,28,9,10,2,4,"10-2-4",16,2.125,1.1875,0.625
"Grove City",34,16,50,34,11,7,1,"11-7-1",19,1.78947368421053,0.842105263157895,0.578947368421053
"Mary Baldwin",34,15,38,23,11,7,1,"11-7-1",19,1.78947368421053,0.789473684210526,0.578947368421053
"UW-Whitewater",34,9,25,16,10,5,4,"10-5-4",19,1.78947368421053,0.473684210526316,0.526315789473684
"Rose-Hulman",33,34,43,9,9,3,6,"9-3-6",18,1.83333333333333,1.88888888888889,0.5
"Bowdoin",33,28,37,9,10,4,3,"10-4-3",17,1.94117647058824,1.64705882352941,0.588235294117647
"Mount St. Vincent",33,25,43,18,11,5,0,"11-5-0",16,2.0625,1.5625,0.6875
"Bethany Lutheran",33,18,41,23,11,7,0,"11-7-0",18,1.83333333333333,1,0.611111111111111
"Fitchburg State",33,8,45,37,10,7,3,"10-7-3",20,1.65,0.4,0.5
"DePauw",33,5,24,19,10,5,3,"10-5-3",18,1.83333333333333,0.277777777777778,0.555555555555556
"Curry",33,4,26,22,10,6,3,"10-6-3",19,1.73684210526316,0.210526315789474,0.526315789473684
"Claremont-Mudd-Scripps",33,2,23,21,9,5,6,"9-5-6",20,1.65,0.1,0.45
"Wilson",32,45,60,15,10,5,2,"10-5-2",17,1.88235294117647,2.64705882352941,0.588235294117647
"New York University",32,35,51,16,9,3,5,"9-3-5",17,1.88235294117647,2.05882352941176,0.529411764705882
"Hope",32,22,37,15,10,5,2,"10-5-2",17,1.88235294117647,1.29411764705882,0.588235294117647
"Anderson",32,19,37,18,10,4,2,"10-4-2",16,2,1.1875,0.625
"Berry",32,15,30,15,10,5,2,"10-5-2",17,1.88235294117647,0.882352941176471,0.588235294117647
"Regis (Mass.)",32,15,33,18,10,6,2,"10-6-2",18,1.77777777777778,0.833333333333333,0.555555555555556
"Endicott",32,13,30,17,9,5,5,"9-5-5",19,1.68421052631579,0.684210526315789,0.473684210526316
"Bridgewater State",32,12,36,24,10,6,2,"10-6-2",18,1.77777777777778,0.666666666666667,0.555555555555556
"Cal Lutheran",32,12,26,14,9,5,5,"9-5-5",19,1.68421052631579,0.631578947368421,0.473684210526316
"Dickinson",32,12,31,19,10,7,2,"10-7-2",19,1.68421052631579,0.631578947368421,0.526315789473684
"Southwestern",32,11,38,27,9,5,5,"9-5-5",19,1.68421052631579,0.578947368421053,0.473684210526316
"John Carroll",32,-4,36,40,10,9,2,"10-9-2",21,1.52380952380952,-0.19047619047619,0.476190476190476
"Keene State",32,-4,31,35,10,9,2,"10-9-2",21,1.52380952380952,-0.19047619047619,0.476190476190476
"Clarkson",31,16,33,17,9,6,4,"9-6-4",19,1.63157894736842,0.842105263157895,0.473684210526316
"Farmingdale State",31,16,46,30,9,9,4,"9-9-4",22,1.40909090909091,0.727272727272727,0.409090909090909
"Rhodes",31,16,25,9,10,4,1,"10-4-1",15,2.06666666666667,1.06666666666667,0.666666666666667
"St. Joseph's (Maine)",31,13,45,32,10,9,1,"10-9-1",20,1.55,0.65,0.5
"Oswego State",31,12,31,19,9,6,4,"9-6-4",19,1.63157894736842,0.631578947368421,0.473684210526316
"Augustana",31,10,31,21,9,6,4,"9-6-4",19,1.63157894736842,0.526315789473684,0.473684210526316
"Middlebury",31,10,25,15,10,5,1,"10-5-1",16,1.9375,0.625,0.625
"Nazareth",31,10,28,18,8,5,7,"8-5-7",20,1.55,0.5,0.4
"UW-River Falls",31,9,41,32,9,7,4,"9-7-4",20,1.55,0.45,0.45
"St. Olaf",31,6,25,19,10,7,1,"10-7-1",18,1.72222222222222,0.333333333333333,0.555555555555556
"Roger Williams",31,-5,43,48,9,9,4,"9-9-4",22,1.40909090909091,-0.227272727272727,0.409090909090909
"Belhaven",30,24,41,17,9,7,3,"9-7-3",19,1.57894736842105,1.26315789473684,0.473684210526316
"Central",30,21,45,24,9,6,3,"9-6-3",18,1.66666666666667,1.16666666666667,0.5
"Wilmington",30,15,34,19,10,8,0,"10-8-0",18,1.66666666666667,0.833333333333333,0.555555555555556
"Beloit",30,14,19,5,9,3,3,"9-3-3",15,2,0.933333333333333,0.6
"Gordon",30,13,29,16,9,5,3,"9-5-3",17,1.76470588235294,0.764705882352941,0.529411764705882
"Lancaster Bible",30,13,33,20,10,7,0,"10-7-0",17,1.76470588235294,0.764705882352941,0.588235294117647
"Wesleyan",30,11,23,12,8,5,6,"8-5-6",19,1.57894736842105,0.578947368421053,0.421052631578947
"Bethany",30,8,43,35,9,6,3,"9-6-3",18,1.66666666666667,0.444444444444444,0.5
"St. John Fisher",30,8,28,20,8,3,6,"8-3-6",17,1.76470588235294,0.470588235294118,0.470588235294118
"SUNY Delhi",30,-11,37,48,9,7,3,"9-7-3",19,1.57894736842105,-0.578947368421053,0.473684210526316
"Transylvania",29,20,40,20,8,4,5,"8-4-5",17,1.70588235294118,1.17647058823529,0.470588235294118
"Vassar",29,16,26,10,8,5,5,"8-5-5",18,1.61111111111111,0.888888888888889,0.444444444444444
"Whittier",29,8,22,14,8,3,5,"8-3-5",16,1.8125,0.5,0.5
"McDaniel",29,7,24,17,8,6,5,"8-6-5",19,1.52631578947368,0.368421052631579,0.421052631578947
"Salisbury",29,5,43,38,9,9,2,"9-9-2",20,1.45,0.25,0.45
"Stockton",29,3,30,27,8,8,5,"8-8-5",21,1.38095238095238,0.142857142857143,0.380952380952381
"Macalester",29,0,26,26,8,6,5,"8-6-5",19,1.52631578947368,0,0.421052631578947
"Mass-Boston",29,-1,24,25,9,9,2,"9-9-2",20,1.45,-0.05,0.45
"Widener",29,-9,22,31,8,7,5,"8-7-5",20,1.45,-0.45,0.4
"CCNY",28,47,59,12,9,3,1,"9-3-1",13,2.15384615384615,3.61538461538462,0.692307692307692
"Utica",28,16,38,22,8,8,4,"8-8-4",20,1.4,0.8,0.4
"George Fox",28,12,26,14,8,4,4,"8-4-4",16,1.75,0.75,0.5
"Albertus Magnus",28,5,28,23,8,6,4,"8-6-4",18,1.55555555555556,0.277777777777778,0.444444444444444
"Cairn",28,2,34,32,9,7,1,"9-7-1",17,1.64705882352941,0.117647058823529,0.529411764705882
"Baldwin Wallace",28,-1,31,32,9,9,1,"9-9-1",19,1.47368421052632,-0.0526315789473684,0.473684210526316
"Luther",28,-6,31,37,8,8,4,"8-8-4",20,1.4,-0.3,0.4
"Stevens",27,14,40,26,8,8,3,"8-8-3",19,1.42105263157895,0.736842105263158,0.421052631578947
"Concordia (Texas)",27,7,29,22,9,6,0,"9-6-0",15,1.8,0.466666666666667,0.6
"Roanoke",27,6,42,36,9,10,0,"9-10-0",19,1.42105263157895,0.315789473684211,0.473684210526316
"Trinity (Conn.)",27,0,17,17,7,5,6,"7-5-6",18,1.5,0,0.388888888888889
"Goucher",27,-4,14,18,8,7,3,"8-7-3",18,1.5,-0.222222222222222,0.444444444444444
"St. Norbert",27,-13,36,49,9,12,0,"9-12-0",21,1.28571428571429,-0.619047619047619,0.428571428571429
"Rochester",26,19,31,12,7,4,5,"7-4-5",16,1.625,1.1875,0.4375
"Haverford",26,12,27,15,7,4,5,"7-4-5",16,1.625,0.75,0.4375
"Albion",26,8,23,15,7,5,5,"7-5-5",17,1.52941176470588,0.470588235294118,0.411764705882353
"Adrian",26,7,22,15,7,6,5,"7-6-5",18,1.44444444444444,0.388888888888889,0.388888888888889
"Covenant",26,4,21,17,7,5,5,"7-5-5",17,1.52941176470588,0.235294117647059,0.411764705882353
"Union",26,-5,18,23,8,7,2,"8-7-2",17,1.52941176470588,-0.294117647058824,0.470588235294118
"Rutgers-Newark",26,-6,28,34,7,8,5,"7-8-5",20,1.3,-0.3,0.35
"Penn College",25,22,59,37,8,9,1,"8-9-1",18,1.38888888888889,1.22222222222222,0.444444444444444
"Hamilton",25,17,37,20,7,4,4,"7-4-4",15,1.66666666666667,1.13333333333333,0.466666666666667
"Wooster",25,15,35,20,7,6,4,"7-6-4",17,1.47058823529412,0.882352941176471,0.411764705882353
"Penn State-Behrend",25,11,50,39,8,10,1,"8-10-1",19,1.31578947368421,0.578947368421053,0.421052631578947
"SUNY Poly",25,11,27,16,7,4,4,"7-4-4",15,1.66666666666667,0.733333333333333,0.466666666666667
"St. Mary's (Md.)",25,10,38,28,7,9,4,"7-9-4",20,1.25,0.5,0.35
"Marian",25,9,33,24,7,7,4,"7-7-4",18,1.38888888888889,0.5,0.388888888888889
"Springfield",25,5,26,21,8,7,1,"8-7-1",16,1.5625,0.3125,0.5
"Ursinus",25,5,23,18,7,6,4,"7-6-4",17,1.47058823529412,0.294117647058824,0.411764705882353
"Kenyon",25,4,22,18,7,6,4,"7-6-4",17,1.47058823529412,0.235294117647059,0.411764705882353
"King's",25,3,28,25,7,6,4,"7-6-4",17,1.47058823529412,0.176470588235294,0.411764705882353
"Denison",25,2,21,19,7,9,4,"7-9-4",20,1.25,0.1,0.35
"Mount Union",25,2,38,36,7,6,4,"7-6-4",17,1.47058823529412,0.117647058823529,0.411764705882353
"Dubuque",25,1,30,29,6,5,7,"6-5-7",18,1.38888888888889,0.0555555555555556,0.333333333333333
"Lawrence",25,-1,30,31,8,9,1,"8-9-1",18,1.38888888888889,-0.0555555555555556,0.444444444444444
"McMurry",25,-1,14,15,7,6,4,"7-6-4",17,1.47058823529412,-0.0588235294117647,0.411764705882353
"Colby-Sawyer",25,-3,30,33,7,9,4,"7-9-4",20,1.25,-0.15,0.35
"Sage",25,-4,22,26,8,10,1,"8-10-1",19,1.31578947368421,-0.210526315789474,0.421052631578947
"Neumann",25,-6,21,27,7,9,4,"7-9-4",20,1.25,-0.3,0.35
"UW-Stevens Point",25,-7,23,30,7,9,4,"7-9-4",20,1.25,-0.35,0.35
"Castleton",25,-8,21,29,8,11,1,"8-11-1",20,1.25,-0.4,0.4
"St. Joseph's (L.I.)",24,21,40,19,7,5,3,"7-5-3",15,1.6,1.4,0.466666666666667
"Chicago",24,7,29,22,7,8,3,"7-8-3",18,1.33333333333333,0.388888888888889,0.388888888888889
"Connecticut College",24,7,24,17,7,6,3,"7-6-3",16,1.5,0.4375,0.4375
"Washington College",24,6,21,15,6,5,6,"6-5-6",17,1.41176470588235,0.352941176470588,0.352941176470588
"Arcadia",24,-2,31,33,7,9,3,"7-9-3",19,1.26315789473684,-0.105263157894737,0.368421052631579
"Hendrix",24,-7,15,22,8,7,0,"8-7-0",15,1.6,-0.466666666666667,0.533333333333333
"Maine-Farmington",24,-16,23,39,7,7,3,"7-7-3",17,1.41176470588235,-0.941176470588235,0.411764705882353
"Brandeis",23,5,33,28,7,8,2,"7-8-2",17,1.35294117647059,0.294117647058824,0.411764705882353
"Oberlin",23,3,26,23,7,6,2,"7-6-2",15,1.53333333333333,0.2,0.466666666666667
"Penn State-Altoona",23,3,29,26,6,7,5,"6-7-5",18,1.27777777777778,0.166666666666667,0.333333333333333
"Marymount",23,2,28,26,6,9,5,"6-9-5",20,1.15,0.1,0.3
"Wheaton (Mass.)",23,1,33,32,7,9,2,"7-9-2",18,1.27777777777778,0.0555555555555556,0.388888888888889
"Texas-Dallas",23,0,16,16,7,7,2,"7-7-2",16,1.4375,0,0.4375
"Alfred",23,-2,14,16,6,7,5,"6-7-5",18,1.27777777777778,-0.111111111111111,0.333333333333333
"East Texas Baptist",23,-2,20,22,7,7,2,"7-7-2",16,1.4375,-0.125,0.4375
"Hood",23,-4,20,24,6,7,5,"6-7-5",18,1.27777777777778,-0.222222222222222,0.333333333333333
"Moravian",23,-5,11,16,6,6,5,"6-6-5",17,1.35294117647059,-0.294117647058824,0.352941176470588
"Nichols",23,-5,33,38,7,9,2,"7-9-2",18,1.27777777777778,-0.277777777777778,0.388888888888889
"Wentworth",23,-5,28,33,7,8,2,"7-8-2",17,1.35294117647059,-0.294117647058824,0.411764705882353
"Gettysburg",23,-7,16,23,6,7,5,"6-7-5",18,1.27777777777778,-0.388888888888889,0.333333333333333
"Anna Maria",23,-15,25,40,7,9,2,"7-9-2",18,1.27777777777778,-0.833333333333333,0.388888888888889
"Salve Regina",23,-17,23,40,7,10,2,"7-10-2",19,1.21052631578947,-0.894736842105263,0.368421052631579
"Spalding",22,12,43,31,7,10,1,"7-10-1",18,1.22222222222222,0.666666666666667,0.388888888888889
"Bob Jones",22,9,25,16,7,3,1,"7-3-1",11,2,0.818181818181818,0.636363636363636
"Brevard",22,7,21,14,6,4,4,"6-4-4",14,1.57142857142857,0.5,0.428571428571429
"Eastern Connecticut",22,5,21,16,6,6,4,"6-6-4",16,1.375,0.3125,0.375
"Houghton",22,4,27,23,6,7,4,"6-7-4",17,1.29411764705882,0.235294117647059,0.352941176470588
"Whitworth",22,2,22,20,6,8,4,"6-8-4",18,1.22222222222222,0.111111111111111,0.333333333333333
"Gustavus Adolphus",22,1,23,22,7,9,1,"7-9-1",17,1.29411764705882,0.0588235294117647,0.411764705882353
"WPI",22,1,20,19,6,7,4,"6-7-4",17,1.29411764705882,0.0588235294117647,0.352941176470588
"Aurora",22,-6,26,32,6,8,4,"6-8-4",18,1.22222222222222,-0.333333333333333,0.333333333333333
"Lebanon Valley",22,-9,21,30,6,7,4,"6-7-4",17,1.29411764705882,-0.529411764705882,0.352941176470588
"Martin Luther",22,-10,26,36,6,8,4,"6-8-4",18,1.22222222222222,-0.555555555555556,0.333333333333333
"Potsdam State",22,-14,21,35,7,9,1,"7-9-1",17,1.29411764705882,-0.823529411764706,0.411764705882353
"Schreiner",22,-17,11,28,6,8,4,"6-8-4",18,1.22222222222222,-0.944444444444444,0.333333333333333
"Maine Maritime",22,-22,17,39,7,9,1,"7-9-1",17,1.29411764705882,-1.29411764705882,0.411764705882353
"Maine-Presque Isle",21,10,22,12,6,3,3,"6-3-3",12,1.75,0.833333333333333,0.5
"William Peace",21,10,26,16,7,6,0,"7-6-0",13,1.61538461538462,0.769230769230769,0.538461538461538
"St. Lawrence",21,4,20,16,6,6,3,"6-6-3",15,1.4,0.266666666666667,0.4
"Benedictine",21,3,38,35,6,10,3,"6-10-3",19,1.10526315789474,0.157894736842105,0.315789473684211
"Wellesley",21,3,17,14,6,7,3,"6-7-3",16,1.3125,0.1875,0.375
"Buffalo State",21,1,24,23,6,7,3,"6-7-3",16,1.3125,0.0625,0.375
"Wheaton (Ill.)",21,-2,21,23,6,9,3,"6-9-3",18,1.16666666666667,-0.111111111111111,0.333333333333333
"St. Vincent",21,-3,23,26,6,7,3,"6-7-3",16,1.3125,-0.1875,0.375
"Kalamazoo",21,-6,16,22,6,7,3,"6-7-3",16,1.3125,-0.375,0.375
"Pratt",21,-12,44,56,7,8,0,"7-8-0",15,1.4,-0.8,0.466666666666667
"Kean",21,-13,21,34,5,7,6,"5-7-6",18,1.16666666666667,-0.722222222222222,0.277777777777778
"Coast Guard",21,-14,21,35,6,9,3,"6-9-3",18,1.16666666666667,-0.777777777777778,0.333333333333333
"Hilbert",21,-19,32,51,6,8,3,"6-8-3",17,1.23529411764706,-1.11764705882353,0.352941176470588
"Cazenovia",21,-22,27,49,7,10,0,"7-10-0",17,1.23529411764706,-1.29411764705882,0.411764705882353
"Keystone",20,11,50,39,6,8,2,"6-8-2",16,1.25,0.6875,0.375
"UW-Oshkosh",20,7,37,30,5,9,5,"5-9-5",19,1.05263157894737,0.368421052631579,0.263157894736842
"Manhattanville",20,5,33,28,6,10,2,"6-10-2",18,1.11111111111111,0.277777777777778,0.333333333333333
"Worcester State",20,3,34,31,6,10,2,"6-10-2",18,1.11111111111111,0.166666666666667,0.333333333333333
"Heidelberg",20,2,28,26,6,9,2,"6-9-2",17,1.17647058823529,0.117647058823529,0.352941176470588
"Ferrum",20,-2,39,41,6,9,2,"6-9-2",17,1.17647058823529,-0.117647058823529,0.352941176470588
"Augsburg",20,-3,27,30,6,10,2,"6-10-2",18,1.11111111111111,-0.166666666666667,0.333333333333333
"LaGrange",20,-3,18,21,6,5,2,"6-5-2",13,1.53846153846154,-0.230769230769231,0.461538461538462
"Lewis and Clark",20,-7,15,22,4,7,8,"4-7-8",19,1.05263157894737,-0.368421052631579,0.210526315789474
"Elms",20,-9,15,24,5,7,5,"5-7-5",17,1.17647058823529,-0.529411764705882,0.294117647058824
"St. Joseph (Conn.)",20,-11,31,42,6,9,2,"6-9-2",17,1.17647058823529,-0.647058823529412,0.352941176470588
"Elmira",20,-14,16,30,6,9,2,"6-9-2",17,1.17647058823529,-0.823529411764706,0.352941176470588
"Bates",19,-5,16,21,5,6,4,"5-6-4",15,1.26666666666667,-0.333333333333333,0.333333333333333
"Greensboro",19,-8,15,23,5,9,4,"5-9-4",18,1.05555555555556,-0.444444444444444,0.277777777777778
"Redlands",19,-9,21,30,6,9,1,"6-9-1",16,1.1875,-0.5625,0.375
"Alfred State",19,-15,15,30,6,9,1,"6-9-1",16,1.1875,-0.9375,0.375
"Delaware Valley",19,-34,26,60,6,12,1,"6-12-1",19,1,-1.78947368421053,0.315789473684211
"Huntingdon",18,2,24,22,5,7,3,"5-7-3",15,1.2,0.133333333333333,0.333333333333333
"SUNY-Old Westbury",18,2,39,37,6,9,0,"6-9-0",15,1.2,0.133333333333333,0.4
"Washington and Jefferson",18,-2,16,18,4,6,6,"4-6-6",16,1.125,-0.125,0.25
"Chapman",18,-4,19,23,4,7,6,"4-7-6",17,1.05882352941176,-0.235294117647059,0.235294117647059
"Plymouth State",18,-6,21,27,5,8,3,"5-8-3",16,1.125,-0.375,0.3125
"Bethel",18,-7,20,27,5,8,3,"5-8-3",16,1.125,-0.4375,0.3125
"Mount St. Mary",18,-8,45,53,5,11,3,"5-11-3",19,0.947368421052632,-0.421052631578947,0.263157894736842
"Linfield",18,-11,20,31,4,8,6,"4-8-6",18,1,-0.611111111111111,0.222222222222222
"Rutgers-Camden",18,-12,19,31,4,8,6,"4-8-6",18,1,-0.666666666666667,0.222222222222222
"St. Thomas (Texas)",18,-13,22,35,5,10,3,"5-10-3",18,1,-0.722222222222222,0.277777777777778
"Brockport State",18,-17,12,29,5,9,3,"5-9-3",17,1.05882352941176,-1,0.294117647058824
"Earlham",18,-19,16,35,5,7,3,"5-7-3",15,1.2,-1.26666666666667,0.333333333333333
"Millikin",18,-21,16,37,5,7,3,"5-7-3",15,1.2,-1.4,0.333333333333333
"University of Dallas",18,-22,15,37,5,10,3,"5-10-3",18,1,-1.22222222222222,0.277777777777778
"Alvernia",17,-2,24,26,4,9,5,"4-9-5",18,0.944444444444444,-0.111111111111111,0.222222222222222
"Concordia-Moorhead",17,-3,18,21,5,9,2,"5-9-2",16,1.0625,-0.1875,0.3125
"Hartwick",17,-3,18,21,4,8,5,"4-8-5",17,1,-0.176470588235294,0.235294117647059
"La Verne",17,-6,14,20,4,8,5,"4-8-5",17,1,-0.352941176470588,0.235294117647059
"Waynesburg",17,-6,22,28,4,7,5,"4-7-5",16,1.0625,-0.375,0.25
"Finlandia",17,-7,10,17,5,6,2,"5-6-2",13,1.30769230769231,-0.538461538461538,0.384615384615385
"Elizabethtown",17,-10,14,24,5,9,2,"5-9-2",16,1.0625,-0.625,0.3125
"Willamette",17,-12,22,34,5,11,2,"5-11-2",18,0.944444444444444,-0.666666666666667,0.277777777777778
"Averett",17,-15,20,35,5,9,2,"5-9-2",16,1.0625,-0.9375,0.3125
"New Jersey City",16,2,32,30,4,8,4,"4-8-4",16,1,0.125,0.25
"St. Joseph's (Bklyn.)",16,-3,33,36,5,9,1,"5-9-1",15,1.06666666666667,-0.2,0.333333333333333
"Smith",16,-4,18,22,4,9,4,"4-9-4",17,0.941176470588235,-0.235294117647059,0.235294117647059
"Wisconsin Lutheran",16,-6,47,53,5,12,1,"5-12-1",18,0.888888888888889,-0.333333333333333,0.277777777777778
"Hamline",16,-9,10,19,4,9,4,"4-9-4",17,0.941176470588235,-0.529411764705882,0.235294117647059
"Mitchell",16,-11,13,24,4,8,4,"4-8-4",16,1,-0.6875,0.25
"Allegheny",16,-12,21,33,4,9,4,"4-9-4",17,0.941176470588235,-0.705882352941177,0.235294117647059
"Northland",16,-14,13,27,4,10,4,"4-10-4",18,0.888888888888889,-0.777777777777778,0.222222222222222
"Penn State-Abington",16,-18,36,54,5,11,1,"5-11-1",17,0.941176470588235,-1.05882352941176,0.294117647058824
"Thomas",16,-22,15,37,4,6,4,"4-6-4",14,1.14285714285714,-1.57142857142857,0.285714285714286
"Nebraska Wesleyan",16,-23,12,35,5,8,1,"5-8-1",14,1.14285714285714,-1.64285714285714,0.357142857142857
"Randolph",15,0,28,28,4,7,3,"4-7-3",14,1.07142857142857,0,0.285714285714286
"Trinity (D.C.)",15,-7,35,42,5,4,0,"5-4-0",9,1.66666666666667,-0.777777777777778,0.555555555555556
"Oglethorpe",15,-8,14,22,4,7,3,"4-7-3",14,1.07142857142857,-0.571428571428571,0.285714285714286
"Cornell",15,-11,15,26,4,9,3,"4-9-3",16,0.9375,-0.6875,0.25
"Ramapo",15,-12,22,34,5,10,0,"5-10-0",15,1,-0.8,0.333333333333333
"Rosemont",15,-15,20,35,4,7,3,"4-7-3",14,1.07142857142857,-1.07142857142857,0.285714285714286
"Crown",15,-23,20,43,4,10,3,"4-10-3",17,0.882352941176471,-1.35294117647059,0.235294117647059
"Wilkes",15,-29,15,44,4,11,3,"4-11-3",18,0.833333333333333,-1.61111111111111,0.222222222222222
"Ripon",15,-30,17,47,4,11,3,"4-11-3",18,0.833333333333333,-1.66666666666667,0.222222222222222
"Lakeland",15,-36,22,58,5,13,0,"5-13-0",18,0.833333333333333,-2,0.277777777777778
"Minnesota-Morris",15,-36,26,62,4,12,3,"4-12-3",19,0.789473684210526,-1.89473684210526,0.210526315789474
"SUNY-Purchase",15,-39,20,59,5,9,0,"5-9-0",14,1.07142857142857,-2.78571428571429,0.357142857142857
"New England College",15,-47,13,60,3,12,6,"3-12-6",21,0.714285714285714,-2.23809523809524,0.142857142857143
"RPI",14,-5,11,16,3,7,5,"3-7-5",15,0.933333333333333,-0.333333333333333,0.2
"Carthage",14,-9,14,23,3,8,5,"3-8-5",16,0.875,-0.5625,0.1875
"Salem",14,-9,23,32,4,9,2,"4-9-2",15,0.933333333333333,-0.6,0.266666666666667
"North Park",14,-10,18,28,4,10,2,"4-10-2",16,0.875,-0.625,0.25
"Sul Ross State",14,-10,18,28,4,7,2,"4-7-2",13,1.07692307692308,-0.769230769230769,0.307692307692308
"Howard Payne",14,-14,17,31,4,9,2,"4-9-2",15,0.933333333333333,-0.933333333333333,0.266666666666667
"Catholic",14,-16,14,30,3,10,5,"3-10-5",18,0.777777777777778,-0.888888888888889,0.166666666666667
"Keuka",14,-16,9,25,3,8,5,"3-8-5",16,0.875,-1,0.1875
"Oneonta State",14,-16,8,24,4,9,2,"4-9-2",15,0.933333333333333,-1.06666666666667,0.266666666666667
"Alma",14,-22,21,43,4,7,2,"4-7-2",13,1.07692307692308,-1.69230769230769,0.307692307692308
"Principia",14,-28,21,49,4,11,2,"4-11-2",17,0.823529411764706,-1.64705882352941,0.235294117647059
"Centenary (N.J.)",14,-40,28,68,4,9,2,"4-9-2",15,0.933333333333333,-2.66666666666667,0.266666666666667
"Colby",13,3,25,22,4,9,1,"4-9-1",14,0.928571428571429,0.214285714285714,0.285714285714286
"Concordia-Chicago",13,-6,17,23,3,8,4,"3-8-4",15,0.866666666666667,-0.4,0.2
"Caltech",13,-13,5,18,3,8,4,"3-8-4",15,0.866666666666667,-0.866666666666667,0.2
"St. Elizabeth",13,-17,31,48,4,9,1,"4-9-1",14,0.928571428571429,-1.21428571428571,0.285714285714286
"Bluffton",13,-18,16,34,4,10,1,"4-10-1",15,0.866666666666667,-1.2,0.266666666666667
"Morrisville State",13,-19,20,39,4,10,1,"4-10-1",15,0.866666666666667,-1.26666666666667,0.266666666666667
"Whitman",13,-22,14,36,4,12,1,"4-12-1",17,0.764705882352941,-1.29411764705882,0.235294117647059
"Albright",13,-23,10,33,3,12,4,"3-12-4",19,0.684210526315789,-1.21052631578947,0.157894736842105
"Occidental",12,-4,7,11,2,6,6,"2-6-6",14,0.857142857142857,-0.285714285714286,0.142857142857143
"Monmouth",12,-9,27,36,3,10,3,"3-10-3",16,0.75,-0.5625,0.1875
"Suffolk",12,-10,14,24,3,9,3,"3-9-3",15,0.8,-0.666666666666667,0.2
"Wittenberg",12,-16,12,28,2,10,6,"2-10-6",18,0.666666666666667,-0.888888888888889,0.111111111111111
"Clarks Summit",12,-17,29,46,3,8,3,"3-8-3",14,0.857142857142857,-1.21428571428571,0.214285714285714
"Mass-Dartmouth",12,-25,15,40,3,12,3,"3-12-3",18,0.666666666666667,-1.38888888888889,0.166666666666667
"Simmons",12,-25,17,42,3,12,3,"3-12-3",18,0.666666666666667,-1.38888888888889,0.166666666666667
"Geneva",12,-26,22,48,3,11,3,"3-11-3",17,0.705882352941177,-1.52941176470588,0.176470588235294
"North Carolina Wesleyan",12,-29,22,51,4,11,0,"4-11-0",15,0.8,-1.93333333333333,0.266666666666667
"Notre Dame (Md.)",12,-34,26,60,4,9,0,"4-9-0",13,0.923076923076923,-2.61538461538462,0.307692307692308
"UC Santa Cruz",11,-1,7,8,3,4,2,"3-4-2",9,1.22222222222222,-0.111111111111111,0.333333333333333
"Fredonia State",11,-9,15,24,2,9,5,"2-9-5",16,0.6875,-0.5625,0.125
"LeTourneau",11,-12,9,21,2,8,5,"2-8-5",15,0.733333333333333,-0.8,0.133333333333333
"William Paterson",11,-13,22,35,2,12,5,"2-12-5",19,0.578947368421053,-0.684210526315789,0.105263157894737
"St. Scholastica",11,-21,14,35,2,11,5,"2-11-5",18,0.611111111111111,-1.16666666666667,0.111111111111111
"Pacific",11,-22,12,34,2,9,5,"2-9-5",16,0.6875,-1.375,0.125
"Immaculata",11,-34,20,54,3,13,2,"3-13-2",18,0.611111111111111,-1.88888888888889,0.166666666666667
"Mount Aloysius",11,-46,16,62,3,14,2,"3-14-2",19,0.578947368421053,-2.42105263157895,0.157894736842105
"Miss. U. for Women",10,6,18,12,3,4,1,"3-4-1",8,1.25,0.75,0.375
"Franklin",10,-16,12,28,3,12,1,"3-12-1",16,0.625,-1,0.1875
"Juniata",10,-22,8,30,2,12,4,"2-12-4",18,0.555555555555556,-1.22222222222222,0.111111111111111
"Dean",10,-27,14,41,2,10,4,"2-10-4",16,0.625,-1.6875,0.125
"Framingham State",10,-32,11,43,3,13,1,"3-13-1",17,0.588235294117647,-1.88235294117647,0.176470588235294
"Norwich",10,-34,14,48,3,13,1,"3-13-1",17,0.588235294117647,-2,0.176470588235294
"Marietta",10,-35,13,48,3,12,1,"3-12-1",16,0.625,-2.1875,0.1875
"Bard",10,-41,8,49,3,13,1,"3-13-1",17,0.588235294117647,-2.41176470588235,0.176470588235294
"Eureka",10,-85,12,97,3,13,1,"3-13-1",17,0.588235294117647,-5,0.176470588235294
"UW-Stout",9,-18,14,32,2,12,3,"2-12-3",17,0.529411764705882,-1.05882352941176,0.117647058823529
"La Roche",9,-19,15,34,2,9,3,"2-9-3",14,0.642857142857143,-1.35714285714286,0.142857142857143
"Eastern Mennonite",9,-21,25,46,2,13,3,"2-13-3",18,0.5,-1.16666666666667,0.111111111111111
"Rockford",9,-24,18,42,3,13,0,"3-13-0",16,0.5625,-1.5,0.1875
"SUNY-Maritime",9,-34,21,55,3,11,0,"3-11-0",14,0.642857142857143,-2.42857142857143,0.214285714285714
"Salem State",9,-37,15,52,3,14,0,"3-14-0",17,0.529411764705882,-2.17647058823529,0.176470588235294
"Muskingum",9,-41,16,57,2,13,3,"2-13-3",18,0.5,-2.27777777777778,0.111111111111111
"Buena Vista",9,-45,8,53,3,12,0,"3-12-0",15,0.6,-3,0.2
"Eastern",8,-16,13,29,1,12,5,"1-12-5",18,0.444444444444444,-0.888888888888889,0.0555555555555556
"Birmingham-Southern",8,-21,8,29,2,10,2,"2-10-2",14,0.571428571428571,-1.5,0.142857142857143
"Rhode Island College",8,-22,10,32,2,10,2,"2-10-2",14,0.571428571428571,-1.57142857142857,0.142857142857143
"Centenary (La.)",8,-26,15,41,2,15,2,"2-15-2",19,0.421052631578947,-1.36842105263158,0.105263157894737
"Illinois College",8,-31,11,42,2,11,2,"2-11-2",15,0.533333333333333,-2.06666666666667,0.133333333333333
"Muhlenberg",8,-33,7,40,2,13,2,"2-13-2",17,0.470588235294118,-1.94117647058824,0.117647058823529
"Medaille",8,-35,10,45,2,11,2,"2-11-2",15,0.533333333333333,-2.33333333333333,0.133333333333333
"Asbury",8,-40,16,56,2,12,2,"2-12-2",16,0.5,-2.5,0.125
"Berea",8,-41,17,58,2,12,2,"2-12-2",16,0.5,-2.5625,0.125
"Olivet",7,-16,6,22,2,8,1,"2-8-1",11,0.636363636363636,-1.45454545454545,0.181818181818182
"Pfeiffer",7,-22,13,35,2,11,1,"2-11-1",14,0.5,-1.57142857142857,0.142857142857143
"NVU-Johnson",7,-24,8,32,1,7,4,"1-7-4",12,0.583333333333333,-2,0.0833333333333333
"Stevenson",7,-25,9,34,1,13,4,"1-13-4",18,0.388888888888889,-1.38888888888889,0.0555555555555556
"Manchester",7,-35,8,43,2,12,1,"2-12-1",15,0.466666666666667,-2.33333333333333,0.133333333333333
"Maranatha Baptist",7,-38,9,47,2,8,1,"2-8-1",11,0.636363636363636,-3.45454545454545,0.181818181818182
"Lehman",7,-41,21,62,2,9,1,"2-9-1",12,0.583333333333333,-3.41666666666667,0.166666666666667
"Agnes Scott",7,-44,8,52,2,12,1,"2-12-1",15,0.466666666666667,-2.93333333333333,0.133333333333333
"Mount Holyoke",7,-46,11,57,2,15,1,"2-15-1",18,0.388888888888889,-2.55555555555556,0.111111111111111
"Hiram",7,-47,8,55,2,14,1,"2-14-1",17,0.411764705882353,-2.76470588235294,0.117647058823529
"Massachusetts Maritime",6,-13,6,19,1,9,3,"1-9-3",13,0.461538461538462,-1,0.0769230769230769
"Warren Wilson",6,-13,7,20,2,5,0,"2-5-0",7,0.857142857142857,-1.85714285714286,0.285714285714286
"University of the Ozarks",6,-16,11,27,1,8,3,"1-8-3",12,0.5,-1.33333333333333,0.0833333333333333
"Bryn Mawr",6,-32,11,43,1,13,3,"1-13-3",17,0.352941176470588,-1.88235294117647,0.0588235294117647
"Knox",6,-35,5,40,1,11,3,"1-11-3",15,0.4,-2.33333333333333,0.0666666666666667
"MCLA",6,-37,6,43,1,10,3,"1-10-3",14,0.428571428571429,-2.64285714285714,0.0714285714285714
"Thiel",6,-40,16,56,2,12,0,"2-12-0",14,0.428571428571429,-2.85714285714286,0.142857142857143
"Brooklyn",6,-46,18,64,2,13,0,"2-13-0",15,0.4,-3.06666666666667,0.133333333333333
"Gwynedd-Mercy",6,-56,9,65,1,12,3,"1-12-3",16,0.375,-3.5,0.0625
"Millsaps",5,-16,2,18,1,8,2,"1-8-2",11,0.454545454545455,-1.45454545454545,0.0909090909090909
"NVU-Lyndon",5,-26,3,29,1,9,2,"1-9-2",12,0.416666666666667,-2.16666666666667,0.0833333333333333
"Eastern Nazarene",5,-35,13,48,1,13,2,"1-13-2",16,0.3125,-2.1875,0.0625
"SUNY-Cobleskill",5,-35,8,43,1,11,2,"1-11-2",14,0.357142857142857,-2.5,0.0714285714285714
"Austin",4,-46,7,53,1,15,1,"1-15-1",17,0.235294117647059,-2.70588235294118,0.0588235294117647
"Coe",4,-53,10,63,1,14,1,"1-14-1",16,0.25,-3.3125,0.0625
"Wells",4,-61,14,75,1,13,1,"1-13-1",15,0.266666666666667,-4.06666666666667,0.0666666666666667
"York (N.Y.)",3,-21,7,28,1,3,0,"1-3-0",4,0.75,-5.25,0.25
"St. Mary's (Ind.)",3,-28,8,36,0,13,3,"0-13-3",16,0.1875,-1.75,0
"Meredith",3,-29,5,34,0,9,3,"0-9-3",12,0.25,-2.41666666666667,0
"SUNY Canton",3,-34,4,38,0,13,3,"0-13-3",16,0.1875,-2.125,0
"Mount Mary",3,-62,7,69,0,9,3,"0-9-3",12,0.25,-5.16666666666667,0
"Defiance",3,-72,4,76,1,14,0,"1-14-0",15,0.2,-4.8,0.0666666666666667
"Blackburn",3,-105,6,111,1,16,0,"1-16-0",17,0.176470588235294,-6.17647058823529,0.0588235294117647
"Sweet Briar",3,-121,9,130,1,13,0,"1-13-0",14,0.214285714285714,-8.64285714285714,0.0714285714285714
"Wesleyan (Ga.)",1,-41,3,44,0,10,1,"0-10-1",11,0.0909090909090909,-3.72727272727273,0
"Rivier",1,-68,5,73,0,14,1,"0-14-1",15,0.0666666666666667,-4.53333333333333,0
"Yeshiva",1,-104,2,106,0,13,1,"0-13-1",14,0.0714285714285714,-7.42857142857143,0
"Alverno",1,-122,1,123,0,12,1,"0-12-1",13,0.0769230769230769,-9.38461538461539,0
"Medgar Evers",0,-33,0,33,0,4,0,"0-4-0",4,0,-8.25,0
"North Central (Minn.)",0,-66,9,75,0,17,0,"0-17-0",17,0,-3.88235294117647,0
"Pitt-Bradford",0,-66,9,75,0,15,0,"0-15-0",15,0,-4.4,0
"Elmhurst",0,-67,2,69,0,16,0,"0-16-0",16,0,-4.1875,0
"Gallaudet",0,-92,5,97,0,13,0,"0-13-0",13,0,-7.07692307692308,0
"Valley Forge",0,-97,1,98,0,11,0,"0-11-0",11,0,-8.81818181818182,0
"Hollins",0,-109,7,116,0,13,0,"0-13-0",13,0,-8.38461538461539,0
"Merchant Marine",NA,NA,NA,NA,NA,NA,NA,"NA-NA-NA",NA,NA,NA,NA
